acronym,name,classification,formula,bands,polarizations,constants,external_variables,reductions,source,contributor,date_of_addition
AFRI1600,Aerosol Free Vegetation Index (1600 nm),"{'application_domain': 'vegetation', 'family': None, 'sensing_modalities': ['multispectral']}",(N - 0.66 * S1) / (N + 0.66 * S1),"['N', 'S1']",[],{},{},{},"{'source_companions': ['AFRI2100'], 'source_link': 'https://doi.org/10.1016/S0034-4257(01)00190-0', 'source_link_semantic_scholar': None, 'source_link_status': 'operational', 'source_link_type': 'doi', 'source_metadata': {'authors': ['Arnon Karnieli', 'Yoram J. Kaufman', 'Lorraine Remer', 'Andrew Wald'], 'citations_metrics': {'citation_count': 150, 'date': '2026-08-18', 'overall': {'percentile': 38.02, 'percentile_similar_age': 21.95, 'rank': 195, 'rank_similar_age': 33}, 'similar_age_count': 41, 'within_application_domain': {'percentile': 25.59, 'percentile_similar_age': 12.12, 'rank': 158, 'rank_similar_age': 30}}, 'how_to_cite': {'apa': 'Arnon Karnieli, Yoram J. Kaufman, Lorraine Remer, & Andrew Wald (2001). AFRI — aerosol free vegetation index. Remote Sensing of Environment, 77(1). https://doi.org/10.1016/s0034-4257(01)00190-0', 'bibtex': 'ASI_AFRI1600'}, 'issue': '1', 'journal': 'Remote Sensing of Environment', 'source': 'crossref', 'title': 'AFRI — aerosol free vegetation index', 'type': 'article', 'volume': '77', 'year': 2001}}",https://github.com/davemlz,2021-11-17
AFRI2100,Aerosol Free Vegetation Index (2100 nm),"{'application_domain': 'vegetation', 'family': None, 'sensing_modalities': ['multispectral']}",(N - 0.5 * S2) / (N + 0.5 * S2),"['N', 'S2']",[],{},{},{},"{'source_companions': ['AFRI1600'], 'source_link': 'https://doi.org/10.1016/S0034-4257(01)00190-0', 'source_link_semantic_scholar': None, 'source_link_status': 'operational', 'source_link_type': 'doi', 'source_metadata': {'authors': ['Arnon Karnieli', 'Yoram J. Kaufman', 'Lorraine Remer', 'Andrew Wald'], 'citations_metrics': {'citation_count': 150, 'date': '2026-08-18', 'overall': {'percentile': 38.02, 'percentile_similar_age': 21.95, 'rank': 196, 'rank_similar_age': 34}, 'similar_age_count': 41, 'within_application_domain': {'percentile': 25.59, 'percentile_similar_age': 12.12, 'rank': 159, 'rank_similar_age': 31}}, 'how_to_cite': {'apa': 'Arnon Karnieli, Yoram J. Kaufman, Lorraine Remer, & Andrew Wald (2001). AFRI — aerosol free vegetation index. Remote Sensing of Environment, 77(1). https://doi.org/10.1016/s0034-4257(01)00190-0', 'bibtex': 'ASI_AFRI1600'}, 'issue': '1', 'journal': 'Remote Sensing of Environment', 'source': 'crossref', 'title': 'AFRI — aerosol free vegetation index', 'type': 'article', 'volume': '77', 'year': 2001}}",https://github.com/davemlz,2021-11-17
ANDWI,Augmented Normalized Difference Water Index,"{'application_domain': 'water', 'family': None, 'sensing_modalities': ['multispectral']}",(B + G + R - N - S1 - S2)/(B + G + R + N + S1 + S2),"['B', 'G', 'R', 'N', 'S1', 'S2']",[],{},{},{},"{'source_companions': [], 'source_link': 'https://doi.org/10.1016/j.envsoft.2021.105030', 'source_link_semantic_scholar': None, 'source_link_status': 'operational', 'source_link_type': 'doi', 'source_metadata': {'authors': ['Arash Modaresi Rad', 'Jason Kreitler', 'Mojtaba Sadegh'], 'citations_metrics': {'citation_count': 134, 'date': '2026-08-18', 'overall': {'percentile': 33.87, 'percentile_similar_age': 66.67, 'rank': 208, 'rank_similar_age': 20}, 'similar_age_count': 57, 'within_application_domain': {'percentile': 54.84, 'percentile_similar_age': 72.73, 'rank': 15, 'rank_similar_age': 4}}, 'how_to_cite': {'apa': 'Arash Modaresi Rad, Jason Kreitler, & Mojtaba Sadegh (2021). Augmented Normalized Difference Water Index for improved surface water monitoring. Environmental Modelling &amp; Software, 140. https://doi.org/10.1016/j.envsoft.2021.105030', 'bibtex': 'ASI_ANDWI'}, 'journal': 'Environmental Modelling &amp; Software', 'source': 'crossref', 'title': 'Augmented Normalized Difference Water Index for improved surface water monitoring', 'type': 'article', 'volume': '140', 'year': 2021}}",https://github.com/davemlz,2022-09-22
ARI,Anthocyanin Reflectance Index,"{'application_domain': 'vegetation', 'family': None, 'sensing_modalities': ['multispectral']}",(1 / G) - (1 / RE1),"['G', 'RE1']",[],{},{},{},"{'source_companions': ['ARI2'], 'source_link': 'https://doi.org/10.1562/0031-8655(2001)074%3C0038:OPANEO%3E2.0.CO;2', 'source_link_semantic_scholar': None, 'source_link_status': 'operational', 'source_link_type': 'doi', 'source_metadata': {'authors': ['Anatoly A. Gitelson', 'Mark N. Merzlyak', 'Olga B. Chivkunova'], 'citations_metrics': {'citation_count': 752, 'date': '2026-08-18', 'overall': {'percentile': 77.96, 'percentile_similar_age': 58.54, 'rank': 70, 'rank_similar_age': 18}, 'similar_age_count': 41, 'within_application_domain': {'percentile': 70.62, 'percentile_similar_age': 51.52, 'rank': 63, 'rank_similar_age': 17}}, 'how_to_cite': {'apa': 'Anatoly A. Gitelson, Mark N. Merzlyak, & Olga B. Chivkunova (2001). Optical Properties and Nondestructive Estimation of Anthocyanin Content in Plant Leaves¶. Photochemistry and Photobiology, 74(1). https://doi.org/10.1562/0031-8655(2001)074<0038:opaneo>2.0.co;2', 'bibtex': 'ASI_ARI'}, 'issue': '1', 'journal': 'Photochemistry and Photobiology', 'source': 'crossref', 'title': 'Optical Properties and Nondestructive Estimation of Anthocyanin Content in Plant Leaves¶', 'type': 'article', 'volume': '74', 'year': 2001}}",https://github.com/davemlz,2021-09-20
ARI2,Anthocyanin Reflectance Index 2,"{'application_domain': 'vegetation', 'family': None, 'sensing_modalities': ['multispectral']}",N * ((1 / G) - (1 / RE1)),"['N', 'G', 'RE1']",[],{},{},{},"{'source_companions': ['ARI'], 'source_link': 'https://doi.org/10.1562/0031-8655(2001)074%3C0038:OPANEO%3E2.0.CO;2', 'source_link_semantic_scholar': None, 'source_link_status': 'operational', 'source_link_type': 'doi', 'source_metadata': {'authors': ['Anatoly A. Gitelson', 'Mark N. Merzlyak', 'Olga B. Chivkunova'], 'citations_metrics': {'citation_count': 752, 'date': '2026-08-18', 'overall': {'percentile': 77.96, 'percentile_similar_age': 58.54, 'rank': 71, 'rank_similar_age': 19}, 'similar_age_count': 41, 'within_application_domain': {'percentile': 70.62, 'percentile_similar_age': 51.52, 'rank': 64, 'rank_similar_age': 18}}, 'how_to_cite': {'apa': 'Anatoly A. Gitelson, Mark N. Merzlyak, & Olga B. Chivkunova (2001). Optical Properties and Nondestructive Estimation of Anthocyanin Content in Plant Leaves¶. Photochemistry and Photobiology, 74(1). https://doi.org/10.1562/0031-8655(2001)074<0038:opaneo>2.0.co;2', 'bibtex': 'ASI_ARI'}, 'issue': '1', 'journal': 'Photochemistry and Photobiology', 'source': 'crossref', 'title': 'Optical Properties and Nondestructive Estimation of Anthocyanin Content in Plant Leaves¶', 'type': 'article', 'volume': '74', 'year': 2001}}",https://github.com/davemlz,2022-04-08
ARVI,Atmospherically Resistant Vegetation Index,"{'application_domain': 'vegetation', 'family': None, 'sensing_modalities': ['multispectral']}",(N - (R - gamma * (B - R))) / (N + (R - gamma * (B - R))),"['N', 'R', 'B']",[],"{'gamma': {'default_value': 1.0, 'description': 'Weighting coefficient used for reducing atmospheric effects', 'suggested_range': [0.0, 2.0], 'suggested_values': {'Bare soil, very sparse vegetation, or arid and semi-arid areas': 0.5, 'Equal ARVI to NDVI': 0.0, 'Lowest sensitivity for dense forests': [1.0, 2.0], 'Model-specific optimum for continental aerosol. alpha ~ 1.3': 0.9, 'Model-specific optimum for maritime aerosol. alpha ~ 0.2': 1.7}}}",{},{},"{'source_companions': ['SARVI'], 'source_link': 'https://doi.org/10.1109/36.134076', 'source_link_semantic_scholar': None, 'source_link_status': 'operational', 'source_link_type': 'doi', 'source_metadata': {'authors': ['Y.J. Kaufman', 'D. Tanre'], 'citations_metrics': {'citation_count': 1151, 'date': '2026-08-18', 'overall': {'percentile': 85.3, 'percentile_similar_age': 59.09, 'rank': 47, 'rank_similar_age': 10}, 'similar_age_count': 22, 'within_application_domain': {'percentile': 80.57, 'percentile_similar_age': 59.09, 'rank': 42, 'rank_similar_age': 10}}, 'how_to_cite': {'apa': 'Y.J. Kaufman, & D. Tanre (1992). Atmospherically resistant vegetation index (ARVI) for EOS-MODIS. IEEE Transactions on Geoscience and Remote Sensing, 30(2). https://doi.org/10.1109/36.134076', 'bibtex': 'ASI_ARVI'}, 'issue': '2', 'journal': 'IEEE Transactions on Geoscience and Remote Sensing', 'source': 'crossref', 'title': 'Atmospherically resistant vegetation index (ARVI) for EOS-MODIS', 'type': 'article', 'volume': '30', 'year': 1992}}",https://github.com/davemlz,2021-05-11
ATSAVI,Adjusted Transformed Soil-Adjusted Vegetation Index,"{'application_domain': 'vegetation', 'family': None, 'sensing_modalities': ['multispectral']}",sla * (N - sla * R - slb) / (sla * N + R - sla * slb + X * (1 + sla ** 2.0)),"['N', 'R']",[],"{'X': {'default_value': 0.08, 'description': 'Negative abscissa of a reference point located on the soil line'}, 'sla': {'default_value': 1.0, 'description': 'Soil line slope. N = sla * R + slb (only for soil pixels/measurements)'}, 'slb': {'default_value': 0.0, 'description': 'Soil line intercept.  N = sla * R + slb (only for soil pixels/measurements)'}}",{},{},"{'source_companions': [], 'source_link': 'https://doi.org/10.1016/0034-4257(91)90009-U', 'source_link_semantic_scholar': None, 'source_link_status': 'operational', 'source_link_type': 'doi', 'source_metadata': {'authors': ['F. Baret', 'G. Guyot'], 'citations_metrics': {'citation_count': 1467, 'date': '2026-08-18', 'overall': {'percentile': 88.18, 'percentile_similar_age': 86.67, 'rank': 38, 'rank_similar_age': 3}, 'similar_age_count': 15, 'within_application_domain': {'percentile': 84.83, 'percentile_similar_age': 86.67, 'rank': 33, 'rank_similar_age': 3}}, 'how_to_cite': {'apa': 'F. Baret, & G. Guyot (1991). Potentials and limits of vegetation indices for LAI and APAR assessment. Remote Sensing of Environment, 35(2-3). https://doi.org/10.1016/0034-4257(91)90009-u', 'bibtex': 'ASI_ATSAVI'}, 'issue': '2-3', 'journal': 'Remote Sensing of Environment', 'source': 'crossref', 'title': 'Potentials and limits of vegetation indices for LAI and APAR assessment', 'type': 'article', 'volume': '35', 'year': 1991}}",https://github.com/davemlz,2021-05-14
AVI,Advanced Vegetation Index,"{'application_domain': 'vegetation', 'family': None, 'sensing_modalities': ['multispectral']}",(N * (1.0 - R) * (N - R)) ** (1/3),"['N', 'R']",[],{},{},{},"{'source_companions': ['BI', 'SI'], 'source_link': 'https://www.researchgate.net/publication/255718070_Tropical_forest_cover_density_mapping', 'source_link_semantic_scholar': {'corpus_id': 88163464, 'paper_id': '076b1060b928d1bf7a4ae1107ec82b291867c61e'}, 'source_link_status': 'operational', 'source_link_type': 'other', 'source_metadata': {'authors': ['A. Rikimaru', 'P. Roy', 'S. Miyatake'], 'citations_metrics': {'citation_count': 443, 'date': '2026-08-19', 'overall': {'percentile': 61.34, 'percentile_similar_age': 42.86, 'rank': 122, 'rank_similar_age': 29}, 'similar_age_count': 49, 'within_application_domain': {'percentile': 47.39, 'percentile_similar_age': 36.59, 'rank': 112, 'rank_similar_age': 27}}, 'how_to_cite': {'apa': 'A. Rikimaru, P. Roy, & S. Miyatake (2002). Tropical forest cover density mapping. Tropical Ecology, 43. https://www.researchgate.net/publication/255718070_Tropical_forest_cover_density_mapping', 'bibtex': 'ASI_AVI'}, 'journal': 'Tropical Ecology', 'source': 'semantic_scholar', 'title': 'Tropical forest cover density mapping', 'volume': '43', 'year': 2002}}",https://github.com/davemlz,2022-04-08
AWEInsh,Automated Water Extraction Index,"{'application_domain': 'water', 'family': None, 'sensing_modalities': ['multispectral']}",4.0 * (G - S1) - 0.25 * N + 2.75 * S2,"['G', 'S1', 'N', 'S2']",[],{},{},{},"{'source_companions': ['AWEIsh'], 'source_link': 'https://doi.org/10.1016/j.rse.2013.08.029', 'source_link_semantic_scholar': None, 'source_link_status': 'operational', 'source_link_type': 'doi', 'source_metadata': {'authors': ['Gudina L. Feyisa', 'Henrik Meilby', 'Rasmus Fensholt', 'Simon R. Proud'], 'citations_metrics': {'citation_count': 1860, 'date': '2026-08-18', 'overall': {'percentile': 89.46, 'percentile_similar_age': 100.0, 'rank': 34, 'rank_similar_age': 1}, 'similar_age_count': 28, 'within_application_domain': {'percentile': 93.55, 'percentile_similar_age': 100.0, 'rank': 3, 'rank_similar_age': 1}}, 'how_to_cite': {'apa': 'Gudina L. Feyisa, Henrik Meilby, Rasmus Fensholt, & Simon R. Proud (2014). Automated Water Extraction Index: A new technique for surface water mapping using Landsat imagery. Remote Sensing of Environment, 140. https://doi.org/10.1016/j.rse.2013.08.029', 'bibtex': 'ASI_AWEInsh'}, 'journal': 'Remote Sensing of Environment', 'source': 'crossref', 'title': 'Automated Water Extraction Index: A new technique for surface water mapping using Landsat imagery', 'type': 'article', 'volume': '140', 'year': 2014}}",https://github.com/davemlz,2021-09-18
AWEIsh,Automated Water Extraction Index with Shadows Elimination,"{'application_domain': 'water', 'family': None, 'sensing_modalities': ['multispectral']}",B + 2.5 * G - 1.5 * (N + S1) - 0.25 * S2,"['B', 'G', 'N', 'S1', 'S2']",[],{},{},{},"{'source_companions': ['AWEInsh'], 'source_link': 'https://doi.org/10.1016/j.rse.2013.08.029', 'source_link_semantic_scholar': None, 'source_link_status': 'operational', 'source_link_type': 'doi', 'source_metadata': {'authors': ['Gudina L. Feyisa', 'Henrik Meilby', 'Rasmus Fensholt', 'Simon R. Proud'], 'citations_metrics': {'citation_count': 1860, 'date': '2026-08-18', 'overall': {'percentile': 89.46, 'percentile_similar_age': 100.0, 'rank': 35, 'rank_similar_age': 2}, 'similar_age_count': 28, 'within_application_domain': {'percentile': 93.55, 'percentile_similar_age': 100.0, 'rank': 4, 'rank_similar_age': 2}}, 'how_to_cite': {'apa': 'Gudina L. Feyisa, Henrik Meilby, Rasmus Fensholt, & Simon R. Proud (2014). Automated Water Extraction Index: A new technique for surface water mapping using Landsat imagery. Remote Sensing of Environment, 140. https://doi.org/10.1016/j.rse.2013.08.029', 'bibtex': 'ASI_AWEInsh'}, 'journal': 'Remote Sensing of Environment', 'source': 'crossref', 'title': 'Automated Water Extraction Index: A new technique for surface water mapping using Landsat imagery', 'type': 'article', 'volume': '140', 'year': 2014}}",https://github.com/davemlz,2021-09-18
AshburnVI,Ashburn Vegetation Index,"{'application_domain': 'vegetation', 'family': None, 'sensing_modalities': ['multispectral']}",2.0 * N2 - R,"['N2', 'R']",[],{},{},{},"{'source_companions': [], 'source_link': 'https://ntrs.nasa.gov/citations/19800007243', 'source_link_semantic_scholar': {'corpus_id': 128035828, 'paper_id': '61d68ec6ea172457a17810a998edaefca0c0bc9c'}, 'source_link_status': 'operational', 'source_link_type': 'other', 'source_metadata': {'authors': ['P. Ashburn'], 'citations_metrics': {'citation_count': 40, 'date': '2026-08-19', 'overall': {'percentile': 13.74, 'percentile_similar_age': 50.0, 'rank': 271, 'rank_similar_age': 2}, 'similar_age_count': 2, 'within_application_domain': {'percentile': 13.27, 'percentile_similar_age': 50.0, 'rank': 184, 'rank_similar_age': 2}}, 'how_to_cite': {'apa': 'P. Ashburn (1979). The vegetative index number and crop identification. https://ntrs.nasa.gov/citations/19800007243', 'bibtex': 'ASI_AshburnVI'}, 'source': 'semantic_scholar', 'title': 'The vegetative index number and crop identification', 'year': 1979}}",https://github.com/MartinuzziFrancesco,2026-07-04
BAI,Burned Area Index,"{'application_domain': 'burn', 'family': None, 'sensing_modalities': ['multispectral']}",1.0 / ((0.1 - R) ** 2.0 + (0.06 - N) ** 2.0),"['R', 'N']",[],{},{},{},"{'source_companions': [], 'source_link': 'https://digital.csic.es/bitstream/10261/6426/1/Martin_Isabel_Serie_Geografica.pdf', 'source_link_semantic_scholar': None, 'source_link_status': 'operational', 'source_link_type': 'other', 'source_metadata': {}}",https://github.com/davemlz,2021-04-07
BAIM,Burned Area Index adapted to MODIS,"{'application_domain': 'burn', 'family': None, 'sensing_modalities': ['multispectral']}",1.0/((0.05 - N) ** 2.0) + ((0.2 - S2) ** 2.0),"['N', 'S2']",[],{},{},{},"{'source_companions': [], 'source_link': 'https://doi.org/10.1016/j.foreco.2006.08.248', 'source_link_semantic_scholar': None, 'source_link_status': 'operational', 'source_link_type': 'doi', 'source_metadata': {'authors': ['M. Pilar Martín', 'Israel Gómez', 'Emilio Chuvieco'], 'citations_metrics': {'citation_count': 41, 'date': '2026-08-18', 'overall': {'percentile': 14.06, 'percentile_similar_age': 4.08, 'rank': 270, 'rank_similar_age': 48}, 'similar_age_count': 49, 'within_application_domain': {'percentile': 11.76, 'percentile_similar_age': 11.11, 'rank': 16, 'rank_similar_age': 9}}, 'how_to_cite': {'apa': 'M. Pilar Martín, Israel Gómez, & Emilio Chuvieco (2006). Burnt Area Index (BAIM) for burned area discrimination at regional scale using MODIS data. Forest Ecology and Management, 234. https://doi.org/10.1016/j.foreco.2006.08.248', 'bibtex': 'ASI_BAIM'}, 'journal': 'Forest Ecology and Management', 'source': 'crossref', 'title': 'Burnt Area Index (BAIM) for burned area discrimination at regional scale using MODIS data', 'type': 'article', 'volume': '234', 'year': 2006}}",https://github.com/davemlz,2022-04-20
BAIS2,Burned Area Index for Sentinel 2,"{'application_domain': 'burn', 'family': None, 'sensing_modalities': ['multispectral']}",(1.0 - ((RE2 * RE3 * N2) / R) ** 0.5) * (((S2 - N2)/(S2 + N2) ** 0.5) + 1.0),"['RE2', 'RE3', 'N2', 'R', 'S2']",[],{},{},{},"{'source_companions': [], 'source_link': 'https://doi.org/10.3390/ecrs-2-05177', 'source_link_semantic_scholar': None, 'source_link_status': 'operational', 'source_link_type': 'doi', 'source_metadata': {'authors': ['Federico Filipponi'], 'citations_metrics': {'citation_count': 100, 'date': '2026-08-18', 'overall': {'percentile': 31.31, 'percentile_similar_age': 48.21, 'rank': 216, 'rank_similar_age': 30}, 'similar_age_count': 56, 'within_application_domain': {'percentile': 64.71, 'percentile_similar_age': 100.0, 'rank': 7, 'rank_similar_age': 1}}, 'how_to_cite': {'apa': 'Federico Filipponi (2018). BAIS2: Burned Area Index for Sentinel-2. The 2nd International Electronic Conference on Remote Sensing. https://doi.org/10.3390/ecrs-2-05177', 'bibtex': 'ASI_BAIS2'}, 'journal': 'The 2nd International Electronic Conference on Remote Sensing', 'source': 'crossref', 'title': 'BAIS2: Burned Area Index for Sentinel-2', 'type': 'conference_paper', 'year': 2018}}",https://github.com/davemlz,2021-04-07
BCC,Blue Chromatic Coordinate,"{'application_domain': 'vegetation', 'family': None, 'sensing_modalities': ['multispectral']}",B / (R + G + B),"['B', 'R', 'G']",[],{},{},{},"{'source_companions': ['GCC', 'RCC'], 'source_link': 'https://doi.org/10.1016/0034-4257(87)90088-5', 'source_link_semantic_scholar': None, 'source_link_status': 'operational', 'source_link_type': 'doi', 'source_metadata': {'authors': ['Alan R Gillespie', 'Anne B Kahle', 'Richard E Walker'], 'citations_metrics': {'citation_count': 616, 'date': '2026-08-18', 'overall': {'percentile': 72.2, 'percentile_similar_age': 66.67, 'rank': 88, 'rank_similar_age': 3}, 'similar_age_count': 6, 'within_application_domain': {'percentile': 63.03, 'percentile_similar_age': 66.67, 'rank': 79, 'rank_similar_age': 3}}, 'how_to_cite': {'apa': 'Alan R Gillespie, Anne B Kahle, & Richard E Walker (1987). Color enhancement of highly correlated images. II. Channel ratio and “chromaticity” transformation techniques. Remote Sensing of Environment, 22(3). https://doi.org/10.1016/0034-4257(87)90088-5', 'bibtex': 'ASI_BCC'}, 'issue': '3', 'journal': 'Remote Sensing of Environment', 'source': 'crossref', 'title': 'Color enhancement of highly correlated images. II. Channel ratio and “chromaticity” transformation techniques', 'type': 'article', 'volume': '22', 'year': 1987}}",https://github.com/davemlz,2022-01-17
BI,Bare Soil Index,"{'application_domain': 'soil', 'family': None, 'sensing_modalities': ['multispectral']}",((S1 + R) - (N + B))/((S1 + R) + (N + B)),"['S1', 'R', 'N', 'B']",[],{},{},{},"{'source_companions': ['AVI', 'SI'], 'source_link': 'https://www.researchgate.net/publication/255718070_Tropical_forest_cover_density_mapping', 'source_link_semantic_scholar': {'corpus_id': 88163464, 'paper_id': '076b1060b928d1bf7a4ae1107ec82b291867c61e'}, 'source_link_status': 'operational', 'source_link_type': 'other', 'source_metadata': {'authors': ['A. Rikimaru', 'P. Roy', 'S. Miyatake'], 'citations_metrics': {'citation_count': 443, 'date': '2026-08-19', 'overall': {'percentile': 61.34, 'percentile_similar_age': 42.86, 'rank': 123, 'rank_similar_age': 30}, 'similar_age_count': 49, 'within_application_domain': {'percentile': 100.0, 'percentile_similar_age': 100.0, 'rank': 1, 'rank_similar_age': 1}}, 'how_to_cite': {'apa': 'A. Rikimaru, P. Roy, & S. Miyatake (2002). Tropical forest cover density mapping. Tropical Ecology, 43. https://www.researchgate.net/publication/255718070_Tropical_forest_cover_density_mapping', 'bibtex': 'ASI_AVI'}, 'journal': 'Tropical Ecology', 'source': 'semantic_scholar', 'title': 'Tropical forest cover density mapping', 'volume': '43', 'year': 2002}}",https://github.com/davemlz,2022-04-08
BITM,Landsat TM-based Brightness Index,"{'application_domain': 'soil', 'family': None, 'sensing_modalities': ['multispectral']}",(((B**2.0)+(G**2.0)+(R**2.0))/3.0)**0.5,"['B', 'G', 'R']",[],{},{},{},"{'source_companions': ['BIXS', 'RI4XS'], 'source_link': 'https://doi.org/10.1016/S0034-4257(98)00030-3', 'source_link_semantic_scholar': None, 'source_link_status': 'operational', 'source_link_type': 'doi', 'source_metadata': {'authors': ['Renaud Mathieu', 'Marcel Pouget', 'Bernard Cervelle', 'Richard Escadafal'], 'citations_metrics': {'citation_count': 174, 'date': '2026-08-18', 'overall': {'percentile': 43.45, 'percentile_similar_age': 14.63, 'rank': 178, 'rank_similar_age': 36}, 'similar_age_count': 41, 'within_application_domain': {'percentile': 76.47, 'percentile_similar_age': 100.0, 'rank': 5, 'rank_similar_age': 1}}, 'how_to_cite': {'apa': 'Renaud Mathieu, Marcel Pouget, Bernard Cervelle, & Richard Escadafal (1998). Relationships between Satellite-Based Radiometric Indices Simulated Using Laboratory Reflectance Data and Typic Soil Color of an Arid Environment. Remote Sensing of Environment, 66(1). https://doi.org/10.1016/s0034-4257(98)00030-3', 'bibtex': 'ASI_BITM'}, 'issue': '1', 'journal': 'Remote Sensing of Environment', 'source': 'crossref', 'title': 'Relationships between Satellite-Based Radiometric Indices Simulated Using Laboratory Reflectance Data and Typic Soil Color of an Arid Environment', 'type': 'article', 'volume': '66', 'year': 1998}}",https://github.com/davemlz,2022-11-20
BIXS,SPOT HRV XS-based Brightness Index,"{'application_domain': 'soil', 'family': None, 'sensing_modalities': ['multispectral']}",(((G**2.0)+(R**2.0))/2.0)**0.5,"['G', 'R']",[],{},{},{},"{'source_companions': ['BITM', 'RI4XS'], 'source_link': 'https://doi.org/10.1016/S0034-4257(98)00030-3', 'source_link_semantic_scholar': None, 'source_link_status': 'operational', 'source_link_type': 'doi', 'source_metadata': {'authors': ['Renaud Mathieu', 'Marcel Pouget', 'Bernard Cervelle', 'Richard Escadafal'], 'citations_metrics': {'citation_count': 174, 'date': '2026-08-18', 'overall': {'percentile': 43.45, 'percentile_similar_age': 14.63, 'rank': 179, 'rank_similar_age': 37}, 'similar_age_count': 41, 'within_application_domain': {'percentile': 76.47, 'percentile_similar_age': 100.0, 'rank': 6, 'rank_similar_age': 2}}, 'how_to_cite': {'apa': 'Renaud Mathieu, Marcel Pouget, Bernard Cervelle, & Richard Escadafal (1998). Relationships between Satellite-Based Radiometric Indices Simulated Using Laboratory Reflectance Data and Typic Soil Color of an Arid Environment. Remote Sensing of Environment, 66(1). https://doi.org/10.1016/s0034-4257(98)00030-3', 'bibtex': 'ASI_BITM'}, 'issue': '1', 'journal': 'Remote Sensing of Environment', 'source': 'crossref', 'title': 'Relationships between Satellite-Based Radiometric Indices Simulated Using Laboratory Reflectance Data and Typic Soil Color of an Arid Environment', 'type': 'article', 'volume': '66', 'year': 1998}}",https://github.com/remi-braun,2022-11-20
BLFEI,Built-Up Land Features Extraction Index,"{'application_domain': 'urban', 'family': None, 'sensing_modalities': ['multispectral']}",(((G+R+S2)/3.0)-S1)/(((G+R+S2)/3.0)+S1),"['G', 'R', 'S2', 'S1']",[],{},{},{},"{'source_companions': [], 'source_link': 'https://doi.org/10.1080/10106049.2018.1497094', 'source_link_semantic_scholar': None, 'source_link_status': 'operational', 'source_link_type': 'doi', 'source_metadata': {'authors': ['Rafik Bouhennache', 'Toufik Bouden', 'Abdmalik Taleb-Ahmed', 'Abbas Cheddad'], 'citations_metrics': {'citation_count': 78, 'date': '2026-08-18', 'overall': {'percentile': 23.96, 'percentile_similar_age': 38.24, 'rank': 239, 'rank_similar_age': 43}, 'similar_age_count': 68, 'within_application_domain': {'percentile': 31.58, 'percentile_similar_age': 66.67, 'rank': 14, 'rank_similar_age': 2}}, 'how_to_cite': {'apa': 'Rafik Bouhennache, Toufik Bouden, Abdmalik Taleb-Ahmed, & Abbas Cheddad (2019). A new spectral index for the extraction of built-up land features from Landsat 8 satellite imagery. Geocarto International, 34(14). https://doi.org/10.1080/10106049.2018.1497094', 'bibtex': 'ASI_BLFEI'}, 'issue': '14', 'journal': 'Geocarto International', 'source': 'crossref', 'title': 'A new spectral index for the extraction of built-up land features from Landsat 8 satellite imagery', 'type': 'article', 'volume': '34', 'year': 2019}}",https://github.com/davemlz,2022-02-09
BNDVI,Blue Normalized Difference Vegetation Index,"{'application_domain': 'vegetation', 'family': None, 'sensing_modalities': ['multispectral']}",(N - B)/(N + B),"['N', 'B']",[],{},{},{},"{'source_companions': ['GBNDVI', 'GRNDVI'], 'source_link': 'https://doi.org/10.1016/S1672-6308(07)60027-4', 'source_link_semantic_scholar': None, 'source_link_status': 'operational', 'source_link_type': 'doi', 'source_metadata': {'authors': ['Fu-min WANG', 'Jing-feng HUANG', 'Yan-lin TANG', 'Xiu-zhen WANG'], 'citations_metrics': {'citation_count': 323, 'date': '2026-08-18', 'overall': {'percentile': 55.27, 'percentile_similar_age': 67.5, 'rank': 141, 'rank_similar_age': 14}, 'similar_age_count': 40, 'within_application_domain': {'percentile': 42.18, 'percentile_similar_age': 65.22, 'rank': 123, 'rank_similar_age': 9}}, 'how_to_cite': {'apa': 'Fu-min WANG, Jing-feng HUANG, Yan-lin TANG, & Xiu-zhen WANG (2007). New Vegetation Index and Its Application in Estimating Leaf Area Index of Rice. Rice Science, 14(3). https://doi.org/10.1016/s1672-6308(07)60027-4', 'bibtex': 'ASI_BNDVI'}, 'issue': '3', 'journal': 'Rice Science', 'source': 'crossref', 'title': 'New Vegetation Index and Its Application in Estimating Leaf Area Index of Rice', 'type': 'article', 'volume': '14', 'year': 2007}}",https://github.com/MATRIX4284,2021-04-07
BRBA,Band Ratio for Built-up Area,"{'application_domain': 'urban', 'family': None, 'sensing_modalities': ['multispectral']}",R/S1,"['R', 'S1']",[],{},{},{},"{'source_companions': ['NBAI'], 'source_link': 'https://www.omicsonline.org/scientific-reports/JGRS-SR136.pdf', 'source_link_semantic_scholar': {'corpus_id': 130536174, 'paper_id': '4d42d2e5ae0c9e5bce9535124a1079fc0ead7d33'}, 'source_link_status': 'down', 'source_link_type': 'other', 'source_metadata': {'authors': ['W. Muhammad'], 'citations_metrics': {'citation_count': 85, 'date': '2026-08-19', 'overall': {'percentile': 24.92, 'percentile_similar_age': 22.22, 'rank': 236, 'rank_similar_age': 22}, 'similar_age_count': 27, 'within_application_domain': {'percentile': 42.11, 'percentile_similar_age': 40.0, 'rank': 12, 'rank_similar_age': 7}}, 'how_to_cite': {'apa': 'W. Muhammad (2012). Development of New Indices for Extraction of Built-Up Area & Bare Soil from Landsat Data. https://www.omicsonline.org/scientific-reports/JGRS-SR136.pdf', 'bibtex': 'ASI_BRBA'}, 'source': 'semantic_scholar', 'title': 'Development of New Indices for Extraction of Built-Up Area & Bare Soil from Landsat Data', 'year': 2012}}",https://github.com/davemlz,2022-09-22
BWDRVI,Blue Wide Dynamic Range Vegetation Index,"{'application_domain': 'vegetation', 'family': None, 'sensing_modalities': ['multispectral']}",(alpha * N - B) / (alpha * N + B),"['N', 'B']",[],"{'alpha': {'default_value': 0.01, 'description': 'NIR reflectance scalar', 'suggested_values': {'Dense biomass/High yield': 0.01, 'Low-to-moderate biomass': 0.1, 'Moderate biomass': 0.05}}}",{},{},"{'source_companions': [], 'source_link': 'https://doi.org/10.2135/cropsci2007.01.0031', 'source_link_semantic_scholar': None, 'source_link_status': 'operational', 'source_link_type': 'doi', 'source_metadata': {'authors': ['Dennis W. Hancock', 'Charles T. Dougherty'], 'citations_metrics': {'citation_count': 77, 'date': '2026-08-18', 'overall': {'percentile': 23.32, 'percentile_similar_age': 7.5, 'rank': 241, 'rank_similar_age': 38}, 'similar_age_count': 40, 'within_application_domain': {'percentile': 19.43, 'percentile_similar_age': 4.35, 'rank': 171, 'rank_similar_age': 23}}, 'how_to_cite': {'apa': 'Dennis W. Hancock, & Charles T. Dougherty (2007). Relationships between Blue‐ and Red‐based Vegetation Indices and Leaf Area and Yield of Alfalfa. Crop Science, 47(6). https://doi.org/10.2135/cropsci2007.01.0031', 'bibtex': 'ASI_BWDRVI'}, 'issue': '6', 'journal': 'Crop Science', 'source': 'crossref', 'title': 'Relationships between Blue‐ and Red‐based Vegetation Indices and Leaf Area and Yield of Alfalfa', 'type': 'article', 'volume': '47', 'year': 2007}}",https://github.com/davemlz,2021-09-20
BaI,Bareness Index,"{'application_domain': 'soil', 'family': None, 'sensing_modalities': ['multispectral']}",R + S1 - N,"['R', 'S1', 'N']",[],{},{},{},"{'source_companions': [], 'source_link': 'https://doi.org/10.1109/IGARSS.2005.1525743', 'source_link_semantic_scholar': None, 'source_link_status': 'operational', 'source_link_type': 'doi', 'source_metadata': {'authors': ['Haobo Lin', 'Jindi Wang', 'Suhong Liu', 'Yonghua Qu', 'Huawei Wan'], 'citations_metrics': {'citation_count': 6, 'date': '2026-08-18', 'overall': {'percentile': 3.51, 'percentile_similar_age': None, 'rank': 303, 'rank_similar_age': None}, 'similar_age_count': 0, 'within_application_domain': {'percentile': 5.88, 'percentile_similar_age': None, 'rank': 17, 'rank_similar_age': None}}, 'how_to_cite': {'apa': ""Haobo Lin, Jindi Wang, Suhong Liu, Yonghua Qu, & Huawei Wan (n.d.). Studies on urban areas extraction from landsat TM images. Proceedings. 2005 IEEE International Geoscience and Remote Sensing Symposium, 2005. IGARSS '05., 6. https://doi.org/10.1109/igarss.2005.1525743"", 'bibtex': 'ASI_BaI'}, 'journal': ""Proceedings. 2005 IEEE International Geoscience and Remote Sensing Symposium, 2005. IGARSS '05."", 'source': 'crossref', 'title': 'Studies on urban areas extraction from landsat TM images', 'type': 'conference_paper', 'volume': '6'}}",https://github.com/davemlz,2022-04-18
CARI,Carotenoid Index,"{'application_domain': 'vegetation', 'family': None, 'sensing_modalities': ['hyperspectral']}",(R720 / R521) - 1,"['R720', 'R521']",[],{},{},{},"{'source_companions': [], 'source_link': 'https://doi.org/10.1016/j.jag.2016.12.005', 'source_link_semantic_scholar': None, 'source_link_status': 'operational', 'source_link_type': 'doi', 'source_metadata': {'authors': ['Xianfeng Zhou', 'Wenjiang Huang', 'Weiping Kong', 'Huichun Ye', 'Yingying Dong', 'Raffaele Casa'], 'citations_metrics': {'citation_count': 35, 'date': '2026-08-18', 'overall': {'percentile': 13.42, 'percentile_similar_age': 7.84, 'rank': 272, 'rank_similar_age': 48}, 'similar_age_count': 51, 'within_application_domain': {'percentile': 12.8, 'percentile_similar_age': 13.64, 'rank': 185, 'rank_similar_age': 20}}, 'how_to_cite': {'apa': 'Xianfeng Zhou, Wenjiang Huang, Weiping Kong, Huichun Ye, Yingying Dong, & Raffaele Casa (2017). Assessment of leaf carotenoids content with a new carotenoid index: Development and validation on experimental and model data. International Journal of Applied Earth Observation and Geoinformation, 57. https://doi.org/10.1016/j.jag.2016.12.005', 'bibtex': 'ASI_CARI'}, 'journal': 'International Journal of Applied Earth Observation and Geoinformation', 'source': 'crossref', 'title': 'Assessment of leaf carotenoids content with a new carotenoid index: Development and validation on experimental and model data', 'type': 'article', 'volume': '57', 'year': 2017}}",https://github.com/eomasters-repos,2026-08-08
CCI,Chlorophyll Carotenoid Index,"{'application_domain': 'vegetation', 'family': None, 'sensing_modalities': ['multispectral']}",(G1 - R)/(G1 + R),"['G1', 'R']",[],{},{},{},"{'source_companions': [], 'source_link': 'https://doi.org/10.1073/pnas.1606162113', 'source_link_semantic_scholar': None, 'source_link_status': 'operational', 'source_link_type': 'doi', 'source_metadata': {'authors': ['John A. Gamon', 'K. Fred Huemmrich', 'Christopher Y. S. Wong', 'Ingo Ensminger', 'Steven Garrity', 'David Y. Hollinger', 'Asko Noormets', 'Josep Peñuelas'], 'citations_metrics': {'citation_count': 348, 'date': '2026-08-18', 'overall': {'percentile': 57.19, 'percentile_similar_age': 84.21, 'rank': 135, 'rank_similar_age': 7}, 'similar_age_count': 38, 'within_application_domain': {'percentile': 42.65, 'percentile_similar_age': 78.57, 'rank': 122, 'rank_similar_age': 4}}, 'how_to_cite': {'apa': 'John A. Gamon, K. Fred Huemmrich, Christopher Y. S. Wong, Ingo Ensminger, Steven Garrity, David Y. Hollinger, Asko Noormets, & Josep Peñuelas (2016). A remotely sensed pigment index reveals photosynthetic phenology in evergreen conifers. Proceedings of the National Academy of Sciences, 113(46). https://doi.org/10.1073/pnas.1606162113', 'bibtex': 'ASI_CCI'}, 'issue': '46', 'journal': 'Proceedings of the National Academy of Sciences', 'source': 'crossref', 'title': 'A remotely sensed pigment index reveals photosynthetic phenology in evergreen conifers', 'type': 'article', 'volume': '113', 'year': 2016}}",https://github.com/joanvlasschaert,2023-03-12
CCRI,Carotenoid-Chlorophyll Ratio Index,"{'application_domain': 'vegetation', 'family': None, 'sensing_modalities': ['hyperspectral']}",((R720-R521)/R521)/((R750-R705)/R705),"['R720', 'R521', 'R750', 'R705']",[],{},{},{},"{'source_companions': [], 'source_link': 'https://doi.org/10.1016/j.jag.2018.10.012', 'source_link_semantic_scholar': None, 'source_link_status': 'operational', 'source_link_type': 'doi', 'source_metadata': {'authors': ['Xianfeng Zhou', 'Wenjiang Huang', 'Jingcheng Zhang', 'Weiping Kong', 'Raffaele Casa', 'Yanbo Huang'], 'citations_metrics': {'citation_count': 32, 'date': '2026-08-19', 'overall': {'percentile': 13.1, 'percentile_similar_age': 13.24, 'rank': 273, 'rank_similar_age': 60}, 'similar_age_count': 68, 'within_application_domain': {'percentile': 12.32, 'percentile_similar_age': 17.65, 'rank': 186, 'rank_similar_age': 29}}, 'how_to_cite': {'apa': 'Xianfeng Zhou, Wenjiang Huang, Jingcheng Zhang, Weiping Kong, Raffaele Casa, & Yanbo Huang (2019). A novel combined spectral index for estimating the ratio of carotenoid to chlorophyll content to monitor crop physiological and phenological status. International Journal of Applied Earth Observation and Geoinformation, 76. https://doi.org/10.1016/j.jag.2018.10.012', 'bibtex': 'ASI_CCRI'}, 'journal': 'International Journal of Applied Earth Observation and Geoinformation', 'source': 'crossref', 'title': 'A novel combined spectral index for estimating the ratio of carotenoid to chlorophyll content to monitor crop physiological and phenological status', 'type': 'article', 'volume': '76', 'year': 2019}}",https://github.com/davemlz,2026-08-19
CI1SWIR,Cloud Index Form 1 with SWIR 1,"{'application_domain': 'clouds', 'family': None, 'sensing_modalities': ['multispectral']}",(N + 2.0 * S1) / (B + G + R),"['N', 'S1', 'B', 'G', 'R']",[],{},{},{},"{'source_companions': ['CI1woSWIR', 'CI2SWIR', 'CI2woSWIR', 'CSISWIR', 'CSIwoSWIR'], 'source_link': 'https://doi.org/10.1016/j.isprsjprs.2018.07.006', 'source_link_semantic_scholar': None, 'source_link_status': 'operational', 'source_link_type': 'doi', 'source_metadata': {'authors': ['Han Zhai', 'Hongyan Zhang', 'Liangpei Zhang', 'Pingxiang Li'], 'citations_metrics': {'citation_count': 145, 'date': '2026-08-18', 'overall': {'percentile': 37.38, 'percentile_similar_age': 69.64, 'rank': 197, 'rank_similar_age': 18}, 'similar_age_count': 56, 'within_application_domain': {'percentile': 100.0, 'percentile_similar_age': 100.0, 'rank': 1, 'rank_similar_age': 1}}, 'how_to_cite': {'apa': 'Han Zhai, Hongyan Zhang, Liangpei Zhang, & Pingxiang Li (2018). Cloud/shadow detection based on spectral indices for multi/hyperspectral optical remote sensing imagery. ISPRS Journal of Photogrammetry and Remote Sensing, 144. https://doi.org/10.1016/j.isprsjprs.2018.07.006', 'bibtex': 'ASI_CI1SWIR'}, 'journal': 'ISPRS Journal of Photogrammetry and Remote Sensing', 'source': 'crossref', 'title': 'Cloud/shadow detection based on spectral indices for multi/hyperspectral optical remote sensing imagery', 'type': 'article', 'volume': '144', 'year': 2018}}",https://github.com/davemlz,2026-03-30
CI1woSWIR,Cloud Index Form 1 without SWIR bands,"{'application_domain': 'clouds', 'family': None, 'sensing_modalities': ['multispectral']}",(3.0 * N) / (B + G + R),"['N', 'B', 'G', 'R']",[],{},{},{},"{'source_companions': ['CI1SWIR', 'CI2SWIR', 'CI2woSWIR', 'CSISWIR', 'CSIwoSWIR'], 'source_link': 'https://doi.org/10.1016/j.isprsjprs.2018.07.006', 'source_link_semantic_scholar': None, 'source_link_status': 'operational', 'source_link_type': 'doi', 'source_metadata': {'authors': ['Han Zhai', 'Hongyan Zhang', 'Liangpei Zhang', 'Pingxiang Li'], 'citations_metrics': {'citation_count': 145, 'date': '2026-08-18', 'overall': {'percentile': 37.38, 'percentile_similar_age': 69.64, 'rank': 198, 'rank_similar_age': 19}, 'similar_age_count': 56, 'within_application_domain': {'percentile': 100.0, 'percentile_similar_age': 100.0, 'rank': 2, 'rank_similar_age': 2}}, 'how_to_cite': {'apa': 'Han Zhai, Hongyan Zhang, Liangpei Zhang, & Pingxiang Li (2018). Cloud/shadow detection based on spectral indices for multi/hyperspectral optical remote sensing imagery. ISPRS Journal of Photogrammetry and Remote Sensing, 144. https://doi.org/10.1016/j.isprsjprs.2018.07.006', 'bibtex': 'ASI_CI1SWIR'}, 'journal': 'ISPRS Journal of Photogrammetry and Remote Sensing', 'source': 'crossref', 'title': 'Cloud/shadow detection based on spectral indices for multi/hyperspectral optical remote sensing imagery', 'type': 'article', 'volume': '144', 'year': 2018}}",https://github.com/davemlz,2026-03-30
CI2SWIR,Cloud Index Form 2 with SWIR bands,"{'application_domain': 'clouds', 'family': None, 'sensing_modalities': ['multispectral']}",(B + G + R + N + S1 + S2) / 6.0,"['B', 'G', 'R', 'N', 'S1', 'S2']",[],{},{},{},"{'source_companions': ['CI1SWIR', 'CI1woSWIR', 'CI2woSWIR', 'CSISWIR', 'CSIwoSWIR'], 'source_link': 'https://doi.org/10.1016/j.isprsjprs.2018.07.006', 'source_link_semantic_scholar': None, 'source_link_status': 'operational', 'source_link_type': 'doi', 'source_metadata': {'authors': ['Han Zhai', 'Hongyan Zhang', 'Liangpei Zhang', 'Pingxiang Li'], 'citations_metrics': {'citation_count': 145, 'date': '2026-08-18', 'overall': {'percentile': 37.38, 'percentile_similar_age': 69.64, 'rank': 199, 'rank_similar_age': 20}, 'similar_age_count': 56, 'within_application_domain': {'percentile': 100.0, 'percentile_similar_age': 100.0, 'rank': 3, 'rank_similar_age': 3}}, 'how_to_cite': {'apa': 'Han Zhai, Hongyan Zhang, Liangpei Zhang, & Pingxiang Li (2018). Cloud/shadow detection based on spectral indices for multi/hyperspectral optical remote sensing imagery. ISPRS Journal of Photogrammetry and Remote Sensing, 144. https://doi.org/10.1016/j.isprsjprs.2018.07.006', 'bibtex': 'ASI_CI1SWIR'}, 'journal': 'ISPRS Journal of Photogrammetry and Remote Sensing', 'source': 'crossref', 'title': 'Cloud/shadow detection based on spectral indices for multi/hyperspectral optical remote sensing imagery', 'type': 'article', 'volume': '144', 'year': 2018}}",https://github.com/davemlz,2026-03-30
CI2woSWIR,Cloud Index Form 2 without SWIR bands,"{'application_domain': 'clouds', 'family': None, 'sensing_modalities': ['multispectral']}",(B + G + R + N) / 4.0,"['B', 'G', 'R', 'N']",[],{},{},{},"{'source_companions': ['CI1SWIR', 'CI1woSWIR', 'CI2SWIR', 'CSISWIR', 'CSIwoSWIR'], 'source_link': 'https://doi.org/10.1016/j.isprsjprs.2018.07.006', 'source_link_semantic_scholar': None, 'source_link_status': 'operational', 'source_link_type': 'doi', 'source_metadata': {'authors': ['Han Zhai', 'Hongyan Zhang', 'Liangpei Zhang', 'Pingxiang Li'], 'citations_metrics': {'citation_count': 145, 'date': '2026-08-18', 'overall': {'percentile': 37.38, 'percentile_similar_age': 69.64, 'rank': 200, 'rank_similar_age': 21}, 'similar_age_count': 56, 'within_application_domain': {'percentile': 100.0, 'percentile_similar_age': 100.0, 'rank': 4, 'rank_similar_age': 4}}, 'how_to_cite': {'apa': 'Han Zhai, Hongyan Zhang, Liangpei Zhang, & Pingxiang Li (2018). Cloud/shadow detection based on spectral indices for multi/hyperspectral optical remote sensing imagery. ISPRS Journal of Photogrammetry and Remote Sensing, 144. https://doi.org/10.1016/j.isprsjprs.2018.07.006', 'bibtex': 'ASI_CI1SWIR'}, 'journal': 'ISPRS Journal of Photogrammetry and Remote Sensing', 'source': 'crossref', 'title': 'Cloud/shadow detection based on spectral indices for multi/hyperspectral optical remote sensing imagery', 'type': 'article', 'volume': '144', 'year': 2018}}",https://github.com/davemlz,2026-03-30
CIG,Chlorophyll Index Green,"{'application_domain': 'vegetation', 'family': None, 'sensing_modalities': ['multispectral']}",(N / G) - 1.0,"['N', 'G']",[],{},{},{},"{'source_companions': ['CIRE'], 'source_link': 'https://doi.org/10.1078/0176-1617-00887', 'source_link_semantic_scholar': None, 'source_link_status': 'operational', 'source_link_type': 'doi', 'source_metadata': {'authors': ['Anatoly A. Gitelson', 'Yuri Gritz †', 'Mark N. Merzlyak'], 'citations_metrics': {'citation_count': 2303, 'date': '2026-08-18', 'overall': {'percentile': 94.57, 'percentile_similar_age': 91.53, 'rank': 18, 'rank_similar_age': 6}, 'similar_age_count': 59, 'within_application_domain': {'percentile': 93.36, 'percentile_similar_age': 91.3, 'rank': 15, 'rank_similar_age': 5}}, 'how_to_cite': {'apa': 'Anatoly A. Gitelson, Yuri Gritz †, & Mark N. Merzlyak (2003). Relationships between leaf chlorophyll content and spectral reflectance and algorithms for non-destructive chlorophyll assessment in higher plant leaves. Journal of Plant Physiology, 160(3). https://doi.org/10.1078/0176-1617-00887', 'bibtex': 'ASI_CIG'}, 'issue': '3', 'journal': 'Journal of Plant Physiology', 'source': 'crossref', 'title': 'Relationships between leaf chlorophyll content and spectral reflectance and algorithms for non-destructive chlorophyll assessment in higher plant leaves', 'type': 'article', 'volume': '160', 'year': 2003}}",https://github.com/davemlz,2021-04-07
CIRE,Chlorophyll Index Red Edge,"{'application_domain': 'vegetation', 'family': None, 'sensing_modalities': ['multispectral']}",(N / RE1) - 1,"['N', 'RE1']",[],{},{},{},"{'source_companions': ['CIG'], 'source_link': 'https://doi.org/10.1078/0176-1617-00887', 'source_link_semantic_scholar': None, 'source_link_status': 'operational', 'source_link_type': 'doi', 'source_metadata': {'authors': ['Anatoly A. Gitelson', 'Yuri Gritz †', 'Mark N. Merzlyak'], 'citations_metrics': {'citation_count': 2303, 'date': '2026-08-18', 'overall': {'percentile': 94.57, 'percentile_similar_age': 91.53, 'rank': 19, 'rank_similar_age': 7}, 'similar_age_count': 59, 'within_application_domain': {'percentile': 93.36, 'percentile_similar_age': 91.3, 'rank': 16, 'rank_similar_age': 6}}, 'how_to_cite': {'apa': 'Anatoly A. Gitelson, Yuri Gritz †, & Mark N. Merzlyak (2003). Relationships between leaf chlorophyll content and spectral reflectance and algorithms for non-destructive chlorophyll assessment in higher plant leaves. Journal of Plant Physiology, 160(3). https://doi.org/10.1078/0176-1617-00887', 'bibtex': 'ASI_CIG'}, 'issue': '3', 'journal': 'Journal of Plant Physiology', 'source': 'crossref', 'title': 'Relationships between leaf chlorophyll content and spectral reflectance and algorithms for non-destructive chlorophyll assessment in higher plant leaves', 'type': 'article', 'volume': '160', 'year': 2003}}",https://github.com/davemlz,2021-05-13
CLOSDI,Cloud Shadow Detection Index,"{'application_domain': 'clouds', 'family': None, 'sensing_modalities': ['multispectral']}",(1.0 - 1.5 * N - 0.1 * R) / (1.0 + 3.5 * N + 4.9 * R),"['N', 'R']",[],{},{},{},"{'source_companions': [], 'source_link': 'https://doi.org/10.1016/j.rsase.2026.101990', 'source_link_semantic_scholar': None, 'source_link_status': 'operational', 'source_link_type': 'doi', 'source_metadata': {'authors': ['Adrián Cal'], 'citations_metrics': {'citation_count': 0, 'date': '2026-08-18', 'overall': {'percentile': 1.92, 'percentile_similar_age': 31.58, 'rank': 308, 'rank_similar_age': 14}, 'similar_age_count': 19, 'within_application_domain': {'percentile': 14.29, 'percentile_similar_age': 100.0, 'rank': 7, 'rank_similar_age': 1}}, 'how_to_cite': {'apa': 'Adrián Cal (2026). CLOSDI: A novel spectral index for cloud shadow detection in Sentinel-2 imagery using NDVI and EVI2. Remote Sensing Applications: Society and Environment, 42. https://doi.org/10.1016/j.rsase.2026.101990', 'bibtex': 'ASI_CLOSDI'}, 'journal': 'Remote Sensing Applications: Society and Environment', 'source': 'crossref', 'title': 'CLOSDI: A novel spectral index for cloud shadow detection in Sentinel-2 imagery using NDVI and EVI2', 'type': 'article', 'volume': '42', 'year': 2026}}",https://github.com/atca1977,2026-03-30
CRI550,Carotenoid Reflectance Index at 550 nm,"{'application_domain': 'vegetation', 'family': None, 'sensing_modalities': ['hyperspectral']}",(1.0/R510) - (1.0/R550),"['R510', 'R550']",[],{},{},{},"{'source_companions': ['CRI700'], 'source_link': 'https://doi.org/10.1562/0031-8655(2002)0750272ACCIPL2.0.CO2', 'source_link_semantic_scholar': None, 'source_link_status': 'operational', 'source_link_type': 'doi', 'source_metadata': {'authors': ['Anatoly A. Gitelson', 'Yoav Zur', 'Olga B. Chivkunova', 'Mark N. Merzlyak'], 'citations_metrics': {'citation_count': 88, 'date': '2026-08-18', 'overall': {'percentile': 27.16, 'percentile_similar_age': 12.5, 'rank': 229, 'rank_similar_age': 36}, 'similar_age_count': 40, 'within_application_domain': {'percentile': 20.38, 'percentile_similar_age': 13.04, 'rank': 169, 'rank_similar_age': 21}}, 'how_to_cite': {'apa': 'Anatoly A. Gitelson, Yoav Zur, Olga B. Chivkunova, & Mark N. Merzlyak (2007). Assessing Carotenoid Content in Plant Leaves with Reflectance Spectroscopy¶. Photochemistry and Photobiology, 75(3). https://doi.org/10.1562/0031-8655(2002)0750272accipl2.0.co2', 'bibtex': 'ASI_CRI550'}, 'issue': '3', 'journal': 'Photochemistry and Photobiology', 'source': 'crossref', 'title': 'Assessing Carotenoid Content in Plant Leaves with Reflectance Spectroscopy¶', 'type': 'article', 'volume': '75', 'year': 2007}}",https://github.com/davemlz,2026-08-08
CRI700,Carotenoid Reflectance Index at 700 nm,"{'application_domain': 'vegetation', 'family': None, 'sensing_modalities': ['hyperspectral']}",(1.0/R510) - (1.0/R700),"['R510', 'R700']",[],{},{},{},"{'source_companions': ['CRI550'], 'source_link': 'https://doi.org/10.1562/0031-8655(2002)0750272ACCIPL2.0.CO2', 'source_link_semantic_scholar': None, 'source_link_status': 'operational', 'source_link_type': 'doi', 'source_metadata': {'authors': ['Anatoly A. Gitelson', 'Yoav Zur', 'Olga B. Chivkunova', 'Mark N. Merzlyak'], 'citations_metrics': {'citation_count': 88, 'date': '2026-08-18', 'overall': {'percentile': 27.16, 'percentile_similar_age': 12.5, 'rank': 230, 'rank_similar_age': 37}, 'similar_age_count': 40, 'within_application_domain': {'percentile': 20.38, 'percentile_similar_age': 13.04, 'rank': 170, 'rank_similar_age': 22}}, 'how_to_cite': {'apa': 'Anatoly A. Gitelson, Yoav Zur, Olga B. Chivkunova, & Mark N. Merzlyak (2007). Assessing Carotenoid Content in Plant Leaves with Reflectance Spectroscopy¶. Photochemistry and Photobiology, 75(3). https://doi.org/10.1562/0031-8655(2002)0750272accipl2.0.co2', 'bibtex': 'ASI_CRI550'}, 'issue': '3', 'journal': 'Photochemistry and Photobiology', 'source': 'crossref', 'title': 'Assessing Carotenoid Content in Plant Leaves with Reflectance Spectroscopy¶', 'type': 'article', 'volume': '75', 'year': 2007}}",https://github.com/davemlz,2026-08-08
CRSWIR,Continuum Removal SWIR,"{'application_domain': 'vegetation', 'family': None, 'sensing_modalities': ['multispectral']}",S1 / (N2 + ((S2 - N2) / (lambdaS2 - lambdaN2)) * (lambdaS1 - lambdaN2)),"['S1', 'N2', 'S2']",[],"{'lambdaN2': {'description': 'NIR2 central wavelength (nm)'}, 'lambdaS1': {'description': 'SWIR1 central wavelength (nm)'}, 'lambdaS2': {'description': 'SWIR2 central wavelength (nm)'}}",{},{},"{'source_companions': [], 'source_link': 'https://www.onf.fr/onf/+/cec::les-rendez-vous-techniques-de-lonf-no69-70.html', 'source_link_semantic_scholar': None, 'source_link_status': 'operational', 'source_link_type': 'other', 'source_metadata': {}}",https://github.com/kenoz,2025-06-23
CSI,Char Soil Index,"{'application_domain': 'burn', 'family': None, 'sensing_modalities': ['multispectral']}",N/S2,"['N', 'S2']",[],{},{},{},"{'source_companions': [], 'source_link': 'https://doi.org/10.1016/j.rse.2005.04.014', 'source_link_semantic_scholar': None, 'source_link_status': 'operational', 'source_link_type': 'doi', 'source_metadata': {'authors': ['Alistair M.S. Smith', 'Martin J. Wooster', 'Nick A. Drake', 'Frederick M. Dipotso', 'Michael J. Falkowski', 'Andrew T. Hudak'], 'citations_metrics': {'citation_count': 176, 'date': '2026-08-18', 'overall': {'percentile': 43.77, 'percentile_similar_age': 43.48, 'rank': 177, 'rank_similar_age': 27}, 'similar_age_count': 46, 'within_application_domain': {'percentile': 94.12, 'percentile_similar_age': 100.0, 'rank': 2, 'rank_similar_age': 1}}, 'how_to_cite': {'apa': 'Alistair M.S. Smith, Martin J. Wooster, Nick A. Drake, Frederick M. Dipotso, Michael J. Falkowski, & Andrew T. Hudak (2005). Testing the potential of multi-spectral remote sensing for retrospectively estimating fire severity in African Savannahs. Remote Sensing of Environment, 97(1). https://doi.org/10.1016/j.rse.2005.04.014', 'bibtex': 'ASI_CSI'}, 'issue': '1', 'journal': 'Remote Sensing of Environment', 'source': 'crossref', 'title': 'Testing the potential of multi-spectral remote sensing for retrospectively estimating fire severity in African Savannahs', 'type': 'article', 'volume': '97', 'year': 2005}}",https://github.com/davemlz,2022-04-19
CSISWIR,Cloud Shadow Index with SWIR 1,"{'application_domain': 'clouds', 'family': None, 'sensing_modalities': ['multispectral']}",(N + S1) / 2.0,"['N', 'S1']",[],{},{},{},"{'source_companions': ['CI1SWIR', 'CI1woSWIR', 'CI2SWIR', 'CI2woSWIR', 'CSIwoSWIR'], 'source_link': 'https://doi.org/10.1016/j.isprsjprs.2018.07.006', 'source_link_semantic_scholar': None, 'source_link_status': 'operational', 'source_link_type': 'doi', 'source_metadata': {'authors': ['Han Zhai', 'Hongyan Zhang', 'Liangpei Zhang', 'Pingxiang Li'], 'citations_metrics': {'citation_count': 145, 'date': '2026-08-18', 'overall': {'percentile': 37.38, 'percentile_similar_age': 69.64, 'rank': 201, 'rank_similar_age': 22}, 'similar_age_count': 56, 'within_application_domain': {'percentile': 100.0, 'percentile_similar_age': 100.0, 'rank': 5, 'rank_similar_age': 5}}, 'how_to_cite': {'apa': 'Han Zhai, Hongyan Zhang, Liangpei Zhang, & Pingxiang Li (2018). Cloud/shadow detection based on spectral indices for multi/hyperspectral optical remote sensing imagery. ISPRS Journal of Photogrammetry and Remote Sensing, 144. https://doi.org/10.1016/j.isprsjprs.2018.07.006', 'bibtex': 'ASI_CI1SWIR'}, 'journal': 'ISPRS Journal of Photogrammetry and Remote Sensing', 'source': 'crossref', 'title': 'Cloud/shadow detection based on spectral indices for multi/hyperspectral optical remote sensing imagery', 'type': 'article', 'volume': '144', 'year': 2018}}",https://github.com/davemlz,2026-03-30
CSIT,Char Soil Index Thermal,"{'application_domain': 'burn', 'family': None, 'sensing_modalities': ['multispectral', 'thermal']}",N / (S2 * T / 10000.0),"['N', 'S2', 'T']",[],{},{},{},"{'source_companions': ['NDVIT', 'SAVIT'], 'source_link': 'https://doi.org/10.1080/01431160600954704', 'source_link_semantic_scholar': None, 'source_link_status': 'operational', 'source_link_type': 'doi', 'source_metadata': {'authors': ['A. M. S. Smith', 'N. A. Drake', 'M. J. Wooster', 'A. T. Hudak', 'Z. A. Holden', 'C. J. Gibbons'], 'citations_metrics': {'citation_count': 157, 'date': '2026-08-18', 'overall': {'percentile': 39.62, 'percentile_similar_age': 35.0, 'rank': 190, 'rank_similar_age': 27}, 'similar_age_count': 40, 'within_application_domain': {'percentile': 88.24, 'percentile_similar_age': 88.89, 'rank': 3, 'rank_similar_age': 2}}, 'how_to_cite': {'apa': 'A. M. S. Smith, N. A. Drake, M. J. Wooster, A. T. Hudak, Z. A. Holden, & C. J. Gibbons (2007). Production of Landsat ETM+ reference imagery of burned areas within Southern African savannahs: comparison of methods and application to MODIS. International Journal of Remote Sensing, 28(12). https://doi.org/10.1080/01431160600954704', 'bibtex': 'ASI_CSIT'}, 'issue': '12', 'journal': 'International Journal of Remote Sensing', 'source': 'crossref', 'title': 'Production of Landsat ETM+ reference imagery of burned areas within Southern African savannahs: comparison of methods and application to MODIS', 'type': 'article', 'volume': '28', 'year': 2007}}",https://github.com/davemlz,2021-04-07
CSIwoSWIR,Cloud Shadow Index without SWIR bands,"{'application_domain': 'clouds', 'family': None, 'sensing_modalities': ['multispectral']}",N,['N'],[],{},{},{},"{'source_companions': ['CI1SWIR', 'CI1woSWIR', 'CI2SWIR', 'CI2woSWIR', 'CSISWIR'], 'source_link': 'https://doi.org/10.1016/j.isprsjprs.2018.07.006', 'source_link_semantic_scholar': None, 'source_link_status': 'operational', 'source_link_type': 'doi', 'source_metadata': {'authors': ['Han Zhai', 'Hongyan Zhang', 'Liangpei Zhang', 'Pingxiang Li'], 'citations_metrics': {'citation_count': 145, 'date': '2026-08-18', 'overall': {'percentile': 37.38, 'percentile_similar_age': 69.64, 'rank': 202, 'rank_similar_age': 23}, 'similar_age_count': 56, 'within_application_domain': {'percentile': 100.0, 'percentile_similar_age': 100.0, 'rank': 6, 'rank_similar_age': 6}}, 'how_to_cite': {'apa': 'Han Zhai, Hongyan Zhang, Liangpei Zhang, & Pingxiang Li (2018). Cloud/shadow detection based on spectral indices for multi/hyperspectral optical remote sensing imagery. ISPRS Journal of Photogrammetry and Remote Sensing, 144. https://doi.org/10.1016/j.isprsjprs.2018.07.006', 'bibtex': 'ASI_CI1SWIR'}, 'journal': 'ISPRS Journal of Photogrammetry and Remote Sensing', 'source': 'crossref', 'title': 'Cloud/shadow detection based on spectral indices for multi/hyperspectral optical remote sensing imagery', 'type': 'article', 'volume': '144', 'year': 2018}}",https://github.com/davemlz,2026-03-30
CVI,Chlorophyll Vegetation Index,"{'application_domain': 'vegetation', 'family': None, 'sensing_modalities': ['multispectral']}",(N * R) / (G ** 2.0),"['N', 'R', 'G']",[],{},{},{},"{'source_companions': [], 'source_link': 'https://doi.org/10.1007/s11119-010-9204-3', 'source_link_semantic_scholar': None, 'source_link_status': 'operational', 'source_link_type': 'doi', 'source_metadata': {'authors': ['M. Vincini', 'E. Frazzi'], 'citations_metrics': {'citation_count': 66, 'date': '2026-08-18', 'overall': {'percentile': 21.41, 'percentile_similar_age': 15.38, 'rank': 247, 'rank_similar_age': 23}, 'similar_age_count': 26, 'within_application_domain': {'percentile': 17.06, 'percentile_similar_age': 12.5, 'rank': 176, 'rank_similar_age': 8}}, 'how_to_cite': {'apa': 'M. Vincini, & E. Frazzi (2011). Comparing narrow and broad-band vegetation indices to estimate leaf chlorophyll content in planophile crop canopies. Precision Agriculture, 12(3). https://doi.org/10.1007/s11119-010-9204-3', 'bibtex': 'ASI_CVI'}, 'issue': '3', 'journal': 'Precision Agriculture', 'source': 'crossref', 'title': 'Comparing narrow and broad-band vegetation indices to estimate leaf chlorophyll content in planophile crop canopies', 'type': 'article', 'volume': '12', 'year': 2011}}",https://github.com/davemlz,2021-04-07
CWI,Coastal Water Index,"{'application_domain': 'water', 'family': None, 'sensing_modalities': ['multispectral']}",(spatial_max(S2) * B) / (spatial_max(B) * S2),"['S2', 'B']",[],{},{},{'space': {'scope': 'aoi'}},"{'source_companions': [], 'source_link': 'https://doi.org/10.1007/s41976-019-00030-w', 'source_link_semantic_scholar': None, 'source_link_status': 'operational', 'source_link_type': 'doi', 'source_metadata': {'authors': ['Debabrata Ghorai', 'Manik Mahapatra'], 'citations_metrics': {'citation_count': 29, 'date': '2026-08-18', 'overall': {'percentile': 12.46, 'percentile_similar_age': 23.29, 'rank': 275, 'rank_similar_age': 57}, 'similar_age_count': 73, 'within_application_domain': {'percentile': 19.35, 'percentile_similar_age': 23.08, 'rank': 26, 'rank_similar_age': 11}}, 'how_to_cite': {'apa': 'Debabrata Ghorai, & Manik Mahapatra (2020). Extracting Shoreline from Satellite Imagery for GIS Analysis. Remote Sensing in Earth Systems Sciences, 3(1-2). https://doi.org/10.1007/s41976-019-00030-w', 'bibtex': 'ASI_CWI'}, 'issue': '1-2', 'journal': 'Remote Sensing in Earth Systems Sciences', 'source': 'crossref', 'title': 'Extracting Shoreline from Satellite Imagery for GIS Analysis', 'type': 'article', 'volume': '3', 'year': 2020}}",https://github.com/dghorai,2026-08-05
DBI,Dry Built-Up Index,"{'application_domain': 'urban', 'family': None, 'sensing_modalities': ['multispectral', 'thermal']}",((B - T1)/(B + T1)) - ((N - R)/(N + R)),"['B', 'T1', 'N', 'R']",[],{},{},{},"{'source_companions': ['DBSI'], 'source_link': 'https://doi.org/10.3390/land7030081', 'source_link_semantic_scholar': None, 'source_link_status': 'operational', 'source_link_type': 'doi', 'source_metadata': {'authors': ['Azad Rasul', 'Heiko Balzter', 'Gaylan R. Faqe Ibrahim', 'Hasan M. Hameed', 'James Wheeler', 'Bashir Adamu', 'Sa’ad Ibrahim', 'Peshawa M. Najmaddin'], 'citations_metrics': {'citation_count': 220, 'date': '2026-08-18', 'overall': {'percentile': 47.92, 'percentile_similar_age': 85.71, 'rank': 164, 'rank_similar_age': 9}, 'similar_age_count': 56, 'within_application_domain': {'percentile': 57.89, 'percentile_similar_age': 100.0, 'rank': 9, 'rank_similar_age': 1}}, 'how_to_cite': {'apa': 'Azad Rasul, Heiko Balzter, Gaylan R. Faqe Ibrahim, Hasan M. Hameed, James Wheeler, Bashir Adamu, Sa’ad Ibrahim, & Peshawa M. Najmaddin (2018). Applying Built-Up and Bare-Soil Indices from Landsat 8 to Cities in Dry Climates. Land, 7(3). https://doi.org/10.3390/land7030081', 'bibtex': 'ASI_DBI'}, 'issue': '3', 'journal': 'Land', 'source': 'crossref', 'title': 'Applying Built-Up and Bare-Soil Indices from Landsat 8 to Cities in Dry Climates', 'type': 'article', 'volume': '7', 'year': 2018}}",https://github.com/davemlz,2022-04-18
DBSI,Dry Bareness Index,"{'application_domain': 'soil', 'family': None, 'sensing_modalities': ['multispectral']}",((S1 - G)/(S1 + G)) - ((N - R)/(N + R)),"['S1', 'G', 'N', 'R']",[],{},{},{},"{'source_companions': ['DBI'], 'source_link': 'https://doi.org/10.3390/land7030081', 'source_link_semantic_scholar': None, 'source_link_status': 'operational', 'source_link_type': 'doi', 'source_metadata': {'authors': ['Azad Rasul', 'Heiko Balzter', 'Gaylan R. Faqe Ibrahim', 'Hasan M. Hameed', 'James Wheeler', 'Bashir Adamu', 'Sa’ad Ibrahim', 'Peshawa M. Najmaddin'], 'citations_metrics': {'citation_count': 220, 'date': '2026-08-18', 'overall': {'percentile': 47.92, 'percentile_similar_age': 85.71, 'rank': 165, 'rank_similar_age': 10}, 'similar_age_count': 56, 'within_application_domain': {'percentile': 82.35, 'percentile_similar_age': 100.0, 'rank': 4, 'rank_similar_age': 1}}, 'how_to_cite': {'apa': 'Azad Rasul, Heiko Balzter, Gaylan R. Faqe Ibrahim, Hasan M. Hameed, James Wheeler, Bashir Adamu, Sa’ad Ibrahim, & Peshawa M. Najmaddin (2018). Applying Built-Up and Bare-Soil Indices from Landsat 8 to Cities in Dry Climates. Land, 7(3). https://doi.org/10.3390/land7030081', 'bibtex': 'ASI_DBI'}, 'issue': '3', 'journal': 'Land', 'source': 'crossref', 'title': 'Applying Built-Up and Bare-Soil Indices from Landsat 8 to Cities in Dry Climates', 'type': 'article', 'volume': '7', 'year': 2018}}",https://github.com/davemlz,2022-04-18
DPDD,Dual-Pol Diagonal Distance,"{'application_domain': 'vegetation', 'family': ['radar'], 'sensing_modalities': ['radar']}",(VV + VH)/2.0 ** 0.5,[],"['VV', 'VH']",{},{},{},"{'source_companions': ['VDDPI'], 'source_link': 'https://doi.org/10.1016/j.rse.2018.09.003', 'source_link_semantic_scholar': None, 'source_link_status': 'operational', 'source_link_type': 'doi', 'source_metadata': {'authors': ['Shoba Periasamy'], 'citations_metrics': {'citation_count': 182, 'date': '2026-08-18', 'overall': {'percentile': 44.73, 'percentile_similar_age': 80.36, 'rank': 174, 'rank_similar_age': 12}, 'similar_age_count': 56, 'within_application_domain': {'percentile': 31.28, 'percentile_similar_age': 73.08, 'rank': 146, 'rank_similar_age': 8}}, 'how_to_cite': {'apa': 'Shoba Periasamy (2018). Significance of dual polarimetric synthetic aperture radar in biomass retrieval: An attempt on Sentinel-1. Remote Sensing of Environment, 217. https://doi.org/10.1016/j.rse.2018.09.003', 'bibtex': 'ASI_DPDD'}, 'journal': 'Remote Sensing of Environment', 'source': 'crossref', 'title': 'Significance of dual polarimetric synthetic aperture radar in biomass retrieval: An attempt on Sentinel-1', 'type': 'article', 'volume': '217', 'year': 2018}}",https://github.com/davemlz,2022-04-19
DSI,Drought Stress Index,"{'application_domain': 'vegetation', 'family': None, 'sensing_modalities': ['multispectral']}",S1/N,"['S1', 'N']",[],{},{},{},"{'source_companions': [], 'source_link': 'https://www.asprs.org/wp-content/uploads/pers/1999journal/apr/1999_apr_495-501.pdf', 'source_link_semantic_scholar': None, 'source_link_status': 'down', 'source_link_type': 'other', 'source_metadata': {}}",https://github.com/remi-braun,2022-10-26
DSWI1,Disease-Water Stress Index 1,"{'application_domain': 'vegetation', 'family': None, 'sensing_modalities': ['multispectral']}",N/S1,"['N', 'S1']",[],{},{},{},"{'source_companions': ['DSWI5', 'DSWI2', 'DSWI3', 'DSWI4'], 'source_link': 'https://doi.org/10.1080/01431160310001618031', 'source_link_semantic_scholar': None, 'source_link_status': 'operational', 'source_link_type': 'doi', 'source_metadata': {'authors': ['A. Apan', 'A. Held', 'S. Phinn', 'J. Markley'], 'citations_metrics': {'citation_count': 283, 'date': '2026-08-18', 'overall': {'percentile': 52.72, 'percentile_similar_age': 39.22, 'rank': 149, 'rank_similar_age': 32}, 'similar_age_count': 51, 'within_application_domain': {'percentile': 38.86, 'percentile_similar_age': 30.77, 'rank': 130, 'rank_similar_age': 28}}, 'how_to_cite': {'apa': 'A. Apan, A. Held, S. Phinn, & J. Markley (2004). Detecting sugarcane ‘orange rust’ disease using EO-1 Hyperion hyperspectral imagery. International Journal of Remote Sensing, 25(2). https://doi.org/10.1080/01431160310001618031', 'bibtex': 'ASI_DSWI1'}, 'issue': '2', 'journal': 'International Journal of Remote Sensing', 'source': 'crossref', 'title': 'Detecting sugarcane ‘orange rust’ disease using EO-1 Hyperion hyperspectral imagery', 'type': 'article', 'volume': '25', 'year': 2004}}",https://github.com/davemlz,2022-10-29
DSWI2,Disease-Water Stress Index 2,"{'application_domain': 'vegetation', 'family': None, 'sensing_modalities': ['multispectral']}",S1/G,"['S1', 'G']",[],{},{},{},"{'source_companions': ['DSWI5', 'DSWI1', 'DSWI3', 'DSWI4'], 'source_link': 'https://doi.org/10.1080/01431160310001618031', 'source_link_semantic_scholar': None, 'source_link_status': 'operational', 'source_link_type': 'doi', 'source_metadata': {'authors': ['A. Apan', 'A. Held', 'S. Phinn', 'J. Markley'], 'citations_metrics': {'citation_count': 283, 'date': '2026-08-18', 'overall': {'percentile': 52.72, 'percentile_similar_age': 39.22, 'rank': 150, 'rank_similar_age': 33}, 'similar_age_count': 51, 'within_application_domain': {'percentile': 38.86, 'percentile_similar_age': 30.77, 'rank': 131, 'rank_similar_age': 29}}, 'how_to_cite': {'apa': 'A. Apan, A. Held, S. Phinn, & J. Markley (2004). Detecting sugarcane ‘orange rust’ disease using EO-1 Hyperion hyperspectral imagery. International Journal of Remote Sensing, 25(2). https://doi.org/10.1080/01431160310001618031', 'bibtex': 'ASI_DSWI1'}, 'issue': '2', 'journal': 'International Journal of Remote Sensing', 'source': 'crossref', 'title': 'Detecting sugarcane ‘orange rust’ disease using EO-1 Hyperion hyperspectral imagery', 'type': 'article', 'volume': '25', 'year': 2004}}",https://github.com/davemlz,2022-10-29
DSWI3,Disease-Water Stress Index 3,"{'application_domain': 'vegetation', 'family': None, 'sensing_modalities': ['multispectral']}",S1/R,"['S1', 'R']",[],{},{},{},"{'source_companions': ['DSWI5', 'DSWI1', 'DSWI2', 'DSWI4'], 'source_link': 'https://doi.org/10.1080/01431160310001618031', 'source_link_semantic_scholar': None, 'source_link_status': 'operational', 'source_link_type': 'doi', 'source_metadata': {'authors': ['A. Apan', 'A. Held', 'S. Phinn', 'J. Markley'], 'citations_metrics': {'citation_count': 283, 'date': '2026-08-18', 'overall': {'percentile': 52.72, 'percentile_similar_age': 39.22, 'rank': 151, 'rank_similar_age': 34}, 'similar_age_count': 51, 'within_application_domain': {'percentile': 38.86, 'percentile_similar_age': 30.77, 'rank': 132, 'rank_similar_age': 30}}, 'how_to_cite': {'apa': 'A. Apan, A. Held, S. Phinn, & J. Markley (2004). Detecting sugarcane ‘orange rust’ disease using EO-1 Hyperion hyperspectral imagery. International Journal of Remote Sensing, 25(2). https://doi.org/10.1080/01431160310001618031', 'bibtex': 'ASI_DSWI1'}, 'issue': '2', 'journal': 'International Journal of Remote Sensing', 'source': 'crossref', 'title': 'Detecting sugarcane ‘orange rust’ disease using EO-1 Hyperion hyperspectral imagery', 'type': 'article', 'volume': '25', 'year': 2004}}",https://github.com/davemlz,2022-10-29
DSWI4,Disease-Water Stress Index 4,"{'application_domain': 'vegetation', 'family': None, 'sensing_modalities': ['multispectral']}",G/R,"['G', 'R']",[],{},{},{},"{'source_companions': ['DSWI5', 'DSWI1', 'DSWI2', 'DSWI3'], 'source_link': 'https://doi.org/10.1080/01431160310001618031', 'source_link_semantic_scholar': None, 'source_link_status': 'operational', 'source_link_type': 'doi', 'source_metadata': {'authors': ['A. Apan', 'A. Held', 'S. Phinn', 'J. Markley'], 'citations_metrics': {'citation_count': 283, 'date': '2026-08-18', 'overall': {'percentile': 52.72, 'percentile_similar_age': 39.22, 'rank': 152, 'rank_similar_age': 35}, 'similar_age_count': 51, 'within_application_domain': {'percentile': 38.86, 'percentile_similar_age': 30.77, 'rank': 133, 'rank_similar_age': 31}}, 'how_to_cite': {'apa': 'A. Apan, A. Held, S. Phinn, & J. Markley (2004). Detecting sugarcane ‘orange rust’ disease using EO-1 Hyperion hyperspectral imagery. International Journal of Remote Sensing, 25(2). https://doi.org/10.1080/01431160310001618031', 'bibtex': 'ASI_DSWI1'}, 'issue': '2', 'journal': 'International Journal of Remote Sensing', 'source': 'crossref', 'title': 'Detecting sugarcane ‘orange rust’ disease using EO-1 Hyperion hyperspectral imagery', 'type': 'article', 'volume': '25', 'year': 2004}}",https://github.com/davemlz,2022-10-29
DSWI5,Disease-Water Stress Index 5,"{'application_domain': 'vegetation', 'family': None, 'sensing_modalities': ['multispectral']}",(N + G)/(S1 + R),"['N', 'G', 'S1', 'R']",[],{},{},{},"{'source_companions': ['DSWI1', 'DSWI2', 'DSWI3', 'DSWI4'], 'source_link': 'https://doi.org/10.1080/01431160310001618031', 'source_link_semantic_scholar': None, 'source_link_status': 'operational', 'source_link_type': 'doi', 'source_metadata': {'authors': ['A. Apan', 'A. Held', 'S. Phinn', 'J. Markley'], 'citations_metrics': {'citation_count': 283, 'date': '2026-08-18', 'overall': {'percentile': 52.72, 'percentile_similar_age': 39.22, 'rank': 153, 'rank_similar_age': 36}, 'similar_age_count': 51, 'within_application_domain': {'percentile': 38.86, 'percentile_similar_age': 30.77, 'rank': 134, 'rank_similar_age': 32}}, 'how_to_cite': {'apa': 'A. Apan, A. Held, S. Phinn, & J. Markley (2004). Detecting sugarcane ‘orange rust’ disease using EO-1 Hyperion hyperspectral imagery. International Journal of Remote Sensing, 25(2). https://doi.org/10.1080/01431160310001618031', 'bibtex': 'ASI_DSWI1'}, 'issue': '2', 'journal': 'International Journal of Remote Sensing', 'source': 'crossref', 'title': 'Detecting sugarcane ‘orange rust’ disease using EO-1 Hyperion hyperspectral imagery', 'type': 'article', 'volume': '25', 'year': 2004}}",https://github.com/remi-braun,2022-10-26
DVI,Difference Vegetation Index,"{'application_domain': 'vegetation', 'family': None, 'sensing_modalities': ['multispectral']}",N - R,"['N', 'R']",[],{},{},{},"{'source_companions': ['RDVI'], 'source_link': 'https://doi.org/10.1016/0034-4257(94)00114-3', 'source_link_semantic_scholar': None, 'source_link_status': 'operational', 'source_link_type': 'doi', 'source_metadata': {'authors': ['Jean-Louis Roujean', 'François-Marie Breon'], 'citations_metrics': {'citation_count': 1205, 'date': '2026-08-18', 'overall': {'percentile': 85.94, 'percentile_similar_age': 45.45, 'rank': 45, 'rank_similar_age': 13}, 'similar_age_count': 22, 'within_application_domain': {'percentile': 81.52, 'percentile_similar_age': 47.62, 'rank': 40, 'rank_similar_age': 12}}, 'how_to_cite': {'apa': 'Jean-Louis Roujean, & François-Marie Breon (1995). Estimating PAR absorbed by vegetation from bidirectional reflectance measurements. Remote Sensing of Environment, 51(3). https://doi.org/10.1016/0034-4257(94)00114-3', 'bibtex': 'ASI_DVI'}, 'issue': '3', 'journal': 'Remote Sensing of Environment', 'source': 'crossref', 'title': 'Estimating PAR absorbed by vegetation from bidirectional reflectance measurements', 'type': 'article', 'volume': '51', 'year': 1995}}",https://github.com/davemlz,2021-05-14
DVIplus,Difference Vegetation Index Plus,"{'application_domain': 'vegetation', 'family': None, 'sensing_modalities': ['multispectral']}",((lambdaN - lambdaR)/(lambdaN - lambdaG)) * G + (1.0 - ((lambdaN - lambdaR)/(lambdaN - lambdaG))) * N - R,"['G', 'N', 'R']",[],"{'lambdaG': {'description': 'Green central wavelength (nm)'}, 'lambdaN': {'description': 'NIR central wavelength (nm)'}, 'lambdaR': {'description': 'Red central wavelength (nm)'}}",{},{},"{'source_companions': ['NDGI'], 'source_link': 'https://doi.org/10.1016/j.rse.2019.03.028', 'source_link_semantic_scholar': None, 'source_link_status': 'operational', 'source_link_type': 'doi', 'source_metadata': {'authors': ['Wei Yang', 'Hideki Kobayashi', 'Cong Wang', 'Miaogen Shen', 'Jin Chen', 'Bunkei Matsushita', 'Yanhong Tang', 'Yongwon Kim', 'M. Syndonia Bret-Harte', 'Donatella Zona', 'Walter Oechel', 'Akihiko Kondoh'], 'citations_metrics': {'citation_count': 74, 'date': '2026-08-18', 'overall': {'percentile': 22.36, 'percentile_similar_age': 35.29, 'rank': 244, 'rank_similar_age': 45}, 'similar_age_count': 68, 'within_application_domain': {'percentile': 18.48, 'percentile_similar_age': 44.12, 'rank': 173, 'rank_similar_age': 20}}, 'how_to_cite': {'apa': 'Wei Yang, Hideki Kobayashi, Cong Wang, Miaogen Shen, Jin Chen, Bunkei Matsushita, Yanhong Tang, Yongwon Kim, M. Syndonia Bret-Harte, Donatella Zona, Walter Oechel, & Akihiko Kondoh (2019). A semi-analytical snow-free vegetation index for improving estimation of plant phenology in tundra and grassland ecosystems. Remote Sensing of Environment, 228. https://doi.org/10.1016/j.rse.2019.03.028', 'bibtex': 'ASI_DVIplus'}, 'journal': 'Remote Sensing of Environment', 'source': 'crossref', 'title': 'A semi-analytical snow-free vegetation index for improving estimation of plant phenology in tundra and grassland ecosystems', 'type': 'article', 'volume': '228', 'year': 2019}}",https://github.com/davemlz,2022-01-20
DpRVIHH,Dual-Polarized Radar Vegetation Index HH,"{'application_domain': 'vegetation', 'family': ['radar'], 'sensing_modalities': ['radar']}",(4.0 * HV)/(HH + HV),[],"['HV', 'HH']",{},{},{},"{'source_companions': [], 'source_link': 'https://www.tandfonline.com/doi/abs/10.5589/m12-043', 'source_link_semantic_scholar': {'corpus_id': 127767016, 'paper_id': 'cdbfdeb645107d89267569095c569faa8b922c7c'}, 'source_link_status': 'operational', 'source_link_type': 'other', 'source_metadata': {'authors': ['Mélanie Trudel', 'F. Charbonneau', 'R. Leconte'], 'citations_metrics': {'citation_count': 106, 'date': '2026-08-19', 'overall': {'percentile': 31.63, 'percentile_similar_age': 37.04, 'rank': 215, 'rank_similar_age': 18}, 'similar_age_count': 27, 'within_application_domain': {'percentile': 21.8, 'percentile_similar_age': 30.0, 'rank': 166, 'rank_similar_age': 8}}, 'how_to_cite': {'apa': 'Mélanie Trudel, F. Charbonneau, & R. Leconte (2012). Using RADARSAT-2 polarimetric and ENVISAT-ASAR dual-polarization data for estimating soil moisture over agricultural fields. Canadian Journal of Remote Sensing, 38. https://www.tandfonline.com/doi/abs/10.5589/m12-043', 'bibtex': 'ASI_DpRVIHH'}, 'journal': 'Canadian Journal of Remote Sensing', 'source': 'semantic_scholar', 'title': 'Using RADARSAT-2 polarimetric and ENVISAT-ASAR dual-polarization data for estimating soil moisture over agricultural fields', 'volume': '38', 'year': 2012}}",https://github.com/davemlz,2021-12-25
DpRVIVV,Dual-Polarized Radar Vegetation Index VV,"{'application_domain': 'vegetation', 'family': ['radar'], 'sensing_modalities': ['radar']}",(4.0 * VH)/(VV + VH),[],"['VH', 'VV']",{},{},{},"{'source_companions': ['VVVHR', 'VHVVD'], 'source_link': 'https://doi.org/10.3390/app9040655', 'source_link_semantic_scholar': None, 'source_link_status': 'operational', 'source_link_type': 'doi', 'source_metadata': {'authors': ['Rouhollah Nasirzadehdizaji', 'Fusun Balik Sanli', 'Saygin Abdikan', 'Ziyadin Cakir', 'Aliihsan Sekertekin', 'Mustafa Ustuner'], 'citations_metrics': {'citation_count': 231, 'date': '2026-08-18', 'overall': {'percentile': 49.52, 'percentile_similar_age': 88.24, 'rank': 159, 'rank_similar_age': 9}, 'similar_age_count': 68, 'within_application_domain': {'percentile': 35.07, 'percentile_similar_age': 79.41, 'rank': 138, 'rank_similar_age': 8}}, 'how_to_cite': {'apa': 'Rouhollah Nasirzadehdizaji, Fusun Balik Sanli, Saygin Abdikan, Ziyadin Cakir, Aliihsan Sekertekin, & Mustafa Ustuner (2019). Sensitivity Analysis of Multi-Temporal Sentinel-1 SAR Parameters to Crop Height and Canopy Coverage. Applied Sciences, 9(4). https://doi.org/10.3390/app9040655', 'bibtex': 'ASI_DpRVIVV'}, 'issue': '4', 'journal': 'Applied Sciences', 'source': 'crossref', 'title': 'Sensitivity Analysis of Multi-Temporal Sentinel-1 SAR Parameters to Crop Height and Canopy Coverage', 'type': 'article', 'volume': '9', 'year': 2019}}",https://github.com/davemlz,2021-12-25
EBBI,Enhanced Built-Up and Bareness Index,"{'application_domain': 'urban', 'family': None, 'sensing_modalities': ['multispectral', 'thermal']}",(S1 - N) / (10.0 * ((S1 + T) ** 0.5)),"['S1', 'N', 'T']",[],{},{},{},"{'source_companions': [], 'source_link': 'https://doi.org/10.3390/rs4102957', 'source_link_semantic_scholar': None, 'source_link_status': 'operational', 'source_link_type': 'doi', 'source_metadata': {'authors': ['Abd. Rahman As-syakur', 'I Wayan Sandi Adnyana', 'I Wayan Arthana', 'I Wayan Nuarsa'], 'citations_metrics': {'citation_count': 289, 'date': '2026-08-18', 'overall': {'percentile': 53.04, 'percentile_similar_age': 59.26, 'rank': 148, 'rank_similar_age': 12}, 'similar_age_count': 27, 'within_application_domain': {'percentile': 63.16, 'percentile_similar_age': 50.0, 'rank': 8, 'rank_similar_age': 6}}, 'how_to_cite': {'apa': 'Abd. Rahman As-syakur, I Wayan Sandi Adnyana, I Wayan Arthana, & I Wayan Nuarsa (2012). Enhanced Built-Up and Bareness Index (EBBI) for Mapping Built-Up and Bare Land in an Urban Area. Remote Sensing, 4(10). https://doi.org/10.3390/rs4102957', 'bibtex': 'ASI_EBBI'}, 'issue': '10', 'journal': 'Remote Sensing', 'source': 'crossref', 'title': 'Enhanced Built-Up and Bareness Index (EBBI) for Mapping Built-Up and Bare Land in an Urban Area', 'type': 'article', 'volume': '4', 'year': 2012}}",https://github.com/davemlz,2021-09-17
EBI,Enhanced Bloom Index,"{'application_domain': 'vegetation', 'family': None, 'sensing_modalities': ['multispectral']}",(R + G + B)/((G/B) * (R - B + epsilon)),"['R', 'G', 'B']",[],"{'epsilon': {'default_value': 1.0, 'description': 'Adjustment constant', 'suggested_values': {'For raw RGB values in [0,255]': 256, 'For reflectances in [0,1]': 1.0}}}",{},{},"{'source_companions': [], 'source_link': 'https://doi.org/10.1016/j.isprsjprs.2019.08.006', 'source_link_semantic_scholar': None, 'source_link_status': 'operational', 'source_link_type': 'doi', 'source_metadata': {'authors': ['Bin Chen', 'Yufang Jin', 'Patrick Brown'], 'citations_metrics': {'citation_count': 115, 'date': '2026-08-18', 'overall': {'percentile': 31.95, 'percentile_similar_age': 50.0, 'rank': 214, 'rank_similar_age': 35}, 'similar_age_count': 68, 'within_application_domain': {'percentile': 22.27, 'percentile_similar_age': 52.94, 'rank': 165, 'rank_similar_age': 17}}, 'how_to_cite': {'apa': 'Bin Chen, Yufang Jin, & Patrick Brown (2019). An enhanced bloom index for quantifying floral phenology using multi-scale remote sensing observations. ISPRS Journal of Photogrammetry and Remote Sensing, 156. https://doi.org/10.1016/j.isprsjprs.2019.08.006', 'bibtex': 'ASI_EBI'}, 'journal': 'ISPRS Journal of Photogrammetry and Remote Sensing', 'source': 'crossref', 'title': 'An enhanced bloom index for quantifying floral phenology using multi-scale remote sensing observations', 'type': 'article', 'volume': '156', 'year': 2019}}",https://github.com/geoSanjeeb,2023-07-03
EMBI,Enhanced Modified Bare Soil Index,"{'application_domain': 'soil', 'family': None, 'sensing_modalities': ['multispectral']}",((((S1 - S2 - N)/(S1 + S2 + N)) + 0.5) - ((G - S1)/(G + S1)) - 0.5)/((((S1 - S2 - N)/(S1 + S2 + N)) + 0.5) + ((G - S1)/(G + S1)) + 1.5),"['S1', 'S2', 'N', 'G']",[],{},{},{},"{'source_companions': [], 'source_link': 'https://doi.org/10.1016/j.jag.2022.102703', 'source_link_semantic_scholar': None, 'source_link_status': 'operational', 'source_link_type': 'doi', 'source_metadata': {'authors': ['Yongquan Zhao', 'Zhe Zhu'], 'citations_metrics': {'citation_count': 20, 'date': '2026-08-18', 'overall': {'percentile': 10.22, 'percentile_similar_age': 36.0, 'rank': 282, 'rank_similar_age': 33}, 'similar_age_count': 50, 'within_application_domain': {'percentile': 11.76, 'percentile_similar_age': 33.33, 'rank': 16, 'rank_similar_age': 3}}, 'how_to_cite': {'apa': 'Yongquan Zhao, & Zhe Zhu (2022). ASI: An artificial surface Index for Landsat 8 imagery. International Journal of Applied Earth Observation and Geoinformation, 107. https://doi.org/10.1016/j.jag.2022.102703', 'bibtex': 'ASI_EMBI'}, 'journal': 'International Journal of Applied Earth Observation and Geoinformation', 'source': 'crossref', 'title': 'ASI: An artificial surface Index for Landsat 8 imagery', 'type': 'article', 'volume': '107', 'year': 2022}}",https://github.com/davemlz,2022-04-18
ENDVI,Enhanced Normalized Difference Vegetation Index,"{'application_domain': 'vegetation', 'family': None, 'sensing_modalities': ['multispectral']}",((N + G) - (2 * B)) / ((N + G) + (2 * B)),"['N', 'G', 'B']",[],{},{},{},"{'source_companions': [], 'source_link': 'https://doi.org/10.1371/journal.pone.0186193', 'source_link_semantic_scholar': None, 'source_link_status': 'operational', 'source_link_type': 'doi', 'source_metadata': {'authors': ['Conor J. Strong', 'Niall G. Burnside', 'Dan Llewellyn'], 'citations_metrics': {'citation_count': 44, 'date': '2026-08-18', 'overall': {'percentile': 15.97, 'percentile_similar_age': 13.73, 'rank': 264, 'rank_similar_age': 45}, 'similar_age_count': 51, 'within_application_domain': {'percentile': 14.69, 'percentile_similar_age': 22.73, 'rank': 181, 'rank_similar_age': 18}}, 'how_to_cite': {'apa': 'Conor J. Strong, Niall G. Burnside, & Dan Llewellyn (2017). The potential of small-Unmanned Aircraft Systems for the rapid detection of threatened unimproved grassland communities using an Enhanced Normalized Difference Vegetation Index. PLOS ONE, 12(10). https://doi.org/10.1371/journal.pone.0186193', 'bibtex': 'ASI_ENDVI'}, 'issue': '10', 'journal': 'PLOS ONE', 'source': 'crossref', 'title': 'The potential of small-Unmanned Aircraft Systems for the rapid detection of threatened unimproved grassland communities using an Enhanced Normalized Difference Vegetation Index', 'type': 'article', 'volume': '12', 'year': 2017}}",https://github.com/gagev,2024-04-08
EVI,Enhanced Vegetation Index,"{'application_domain': 'vegetation', 'family': None, 'sensing_modalities': ['multispectral']}",g * (N - R) / (N + C1 * R - C2 * B + L),"['N', 'R', 'B']",[],"{'C1': {'default_value': 6.0, 'description': 'Coefficient 1 for the aerosol resistance term'}, 'C2': {'default_value': 7.5, 'description': 'Coefficient 2 for the aerosol resistance term'}, 'L': {'default_value': 1.0, 'description': 'Canopy background adjustment'}, 'g': {'default_value': 2.5, 'description': 'Gain factor'}}",{},{},"{'source_companions': [], 'source_link': 'https://doi.org/10.1016/S0034-4257(02)00096-2', 'source_link_semantic_scholar': None, 'source_link_status': 'operational', 'source_link_type': 'doi', 'source_metadata': {'authors': ['A Huete', 'K Didan', 'T Miura', 'E.P Rodriguez', 'X Gao', 'L.G Ferreira'], 'citations_metrics': {'citation_count': 8333, 'date': '2026-08-18', 'overall': {'percentile': 99.04, 'percentile_similar_age': 100.0, 'rank': 4, 'rank_similar_age': 1}, 'similar_age_count': 49, 'within_application_domain': {'percentile': 98.58, 'percentile_similar_age': 100.0, 'rank': 4, 'rank_similar_age': 1}}, 'how_to_cite': {'apa': 'A Huete, K Didan, T Miura, E.P Rodriguez, X Gao, & L.G Ferreira (2002). Overview of the radiometric and biophysical performance of the MODIS vegetation indices. Remote Sensing of Environment, 83(1-2). https://doi.org/10.1016/s0034-4257(02)00096-2', 'bibtex': 'ASI_EVI'}, 'issue': '1-2', 'journal': 'Remote Sensing of Environment', 'source': 'crossref', 'title': 'Overview of the radiometric and biophysical performance of the MODIS vegetation indices', 'type': 'article', 'volume': '83', 'year': 2002}}",https://github.com/davemlz,2021-04-07
EVI2,Two-Band Enhanced Vegetation Index,"{'application_domain': 'vegetation', 'family': None, 'sensing_modalities': ['multispectral']}",g * (N - R) / (N + (C1 - (C2 / c)) * R + L),"['N', 'R']",[],"{'C1': {'default_value': 6.0, 'description': 'Coefficient 1 for the aerosol resistance term'}, 'C2': {'default_value': 7.5, 'description': 'Coefficient 2 for the aerosol resistance term'}, 'L': {'default_value': 1.0, 'description': 'Canopy background adjustment'}, 'c': {'default_value': 2.08, 'description': 'Ratio of red to blue reflectances. Red = c * Blue'}, 'g': {'default_value': 2.5, 'description': 'Gain factor'}}",{},{},"{'source_companions': [], 'source_link': 'https://doi.org/10.1016/j.rse.2008.06.006', 'source_link_semantic_scholar': None, 'source_link_status': 'operational', 'source_link_type': 'doi', 'source_metadata': {'authors': ['Z JIANG', 'A HUETE', 'K DIDAN', 'T MIURA'], 'citations_metrics': {'citation_count': 1912, 'date': '2026-08-18', 'overall': {'percentile': 91.69, 'percentile_similar_age': 97.06, 'rank': 27, 'rank_similar_age': 2}, 'similar_age_count': 34, 'within_application_domain': {'percentile': 89.1, 'percentile_similar_age': 100.0, 'rank': 24, 'rank_similar_age': 1}}, 'how_to_cite': {'apa': 'Z JIANG, A HUETE, K DIDAN, & T MIURA (2008). Development of a two-band enhanced vegetation index without a blue band. Remote Sensing of Environment, 112(10). https://doi.org/10.1016/j.rse.2008.06.006', 'bibtex': 'ASI_EVI2'}, 'issue': '10', 'journal': 'Remote Sensing of Environment', 'source': 'crossref', 'title': 'Development of a two-band enhanced vegetation index without a blue band', 'type': 'article', 'volume': '112', 'year': 2008}}",https://github.com/davemlz,2021-04-07
EVIv,Enhanced Vegetation Index of Vegetation,"{'application_domain': 'vegetation', 'family': None, 'sensing_modalities': ['multispectral']}",2.5 * ((N - R)/(N + 6 * R - 7.5 * B + 1.0)) * N,"['N', 'R', 'B']",[],{},{},{},"{'source_companions': ['bNIRv', 'sNIRvLSWI', 'sNIRvNDPI', 'sNIRvSWIR', 'sNIRvNDVILSWIP', 'sNIRvNDVILSWIS'], 'source_link': 'https://doi.org/10.1029/2024JG008240', 'source_link_semantic_scholar': None, 'source_link_status': 'operational', 'source_link_type': 'doi', 'source_metadata': {'authors': ['Sadegh Ranjbar', 'Danielle Losos', 'Benjamin Dechant', 'Sophie Hoffman', 'Eyyup Ensar Başakın', 'Paul C. Stoy'], 'citations_metrics': {'citation_count': 7, 'date': '2026-08-18', 'overall': {'percentile': 6.07, 'percentile_similar_age': 56.67, 'rank': 296, 'rank_similar_age': 15}, 'similar_age_count': 30, 'within_application_domain': {'percentile': 6.16, 'percentile_similar_age': 65.0, 'rank': 200, 'rank_similar_age': 9}}, 'how_to_cite': {'apa': 'Sadegh Ranjbar, Danielle Losos, Benjamin Dechant, Sophie Hoffman, Eyyup Ensar Başakın, & Paul C. Stoy (2024). Harnessing Information From Shortwave Infrared Reflectance Bands to Enhance Satellite‐Based Estimates of Gross Primary Productivity. Journal of Geophysical Research: Biogeosciences, 129(11). https://doi.org/10.1029/2024jg008240', 'bibtex': 'ASI_EVIv'}, 'issue': '11', 'journal': 'Journal of Geophysical Research: Biogeosciences', 'source': 'crossref', 'title': 'Harnessing Information From Shortwave Infrared Reflectance Bands to Enhance Satellite‐Based Estimates of Gross Primary Productivity', 'type': 'article', 'volume': '129', 'year': 2024}}",https://github.com/davemlz,2024-05-16
ExG,Excess Green Index,"{'application_domain': 'vegetation', 'family': None, 'sensing_modalities': ['multispectral']}",2 * G - R - B,"['G', 'R', 'B']",[],{},{},{},"{'source_companions': [], 'source_link': 'https://doi.org/10.13031/2013.27838', 'source_link_semantic_scholar': None, 'source_link_status': 'down', 'source_link_type': 'doi', 'source_metadata': {'authors': ['D. M. Woebbecke', 'G. E. Meyer', 'K. Von Bargen', 'D. A. Mortensen'], 'citations_metrics': {'citation_count': 1312, 'date': '2026-08-18', 'overall': {'percentile': 87.54, 'percentile_similar_age': 68.18, 'rank': 40, 'rank_similar_age': 8}, 'similar_age_count': 22, 'within_application_domain': {'percentile': 83.89, 'percentile_similar_age': 71.43, 'rank': 35, 'rank_similar_age': 7}}, 'how_to_cite': {'apa': 'D. M. Woebbecke, G. E. Meyer, K. Von Bargen, & D. A. Mortensen (1995). Color Indices for Weed Identification Under Various Soil, Residue, and Lighting Conditions. Transactions of the ASAE, 38(1). https://doi.org/10.13031/2013.27838', 'bibtex': 'ASI_ExG'}, 'issue': '1', 'journal': 'Transactions of the ASAE', 'source': 'crossref', 'title': 'Color Indices for Weed Identification Under Various Soil, Residue, and Lighting Conditions', 'type': 'article', 'volume': '38', 'year': 1995}}",https://github.com/davemlz,2021-05-14
ExGR,ExG - ExR Vegetation Index,"{'application_domain': 'vegetation', 'family': None, 'sensing_modalities': ['multispectral']}",(2.0 * G - R - B) - (1.3 * R - G),"['G', 'R', 'B']",[],{},{},{},"{'source_companions': [], 'source_link': 'https://doi.org/10.1016/j.compag.2008.03.009', 'source_link_semantic_scholar': None, 'source_link_status': 'operational', 'source_link_type': 'doi', 'source_metadata': {'authors': ['George E. Meyer', 'João Camargo Neto'], 'citations_metrics': {'citation_count': 908, 'date': '2026-08-18', 'overall': {'percentile': 81.15, 'percentile_similar_age': 94.12, 'rank': 60, 'rank_similar_age': 3}, 'similar_age_count': 34, 'within_application_domain': {'percentile': 74.41, 'percentile_similar_age': 93.75, 'rank': 55, 'rank_similar_age': 2}}, 'how_to_cite': {'apa': 'George E. Meyer, & João Camargo Neto (2008). Verification of color vegetation indices for automated crop imaging applications. Computers and Electronics in Agriculture, 63(2). https://doi.org/10.1016/j.compag.2008.03.009', 'bibtex': 'ASI_ExGR'}, 'issue': '2', 'journal': 'Computers and Electronics in Agriculture', 'source': 'crossref', 'title': 'Verification of color vegetation indices for automated crop imaging applications', 'type': 'article', 'volume': '63', 'year': 2008}}",https://github.com/davemlz,2022-04-08
ExR,Excess Red Index,"{'application_domain': 'vegetation', 'family': None, 'sensing_modalities': ['multispectral']}",1.3 * R - G,"['R', 'G']",[],{},{},{},"{'source_companions': [], 'source_link': 'https://doi.org/10.1117/12.336896', 'source_link_semantic_scholar': None, 'source_link_status': 'operational', 'source_link_type': 'doi', 'source_metadata': {'authors': ['George E. Meyer', 'Timothy W. Hindman', 'Koppolu Laksmi'], 'citations_metrics': {'citation_count': 130, 'date': '2026-08-18', 'overall': {'percentile': 33.55, 'percentile_similar_age': 13.95, 'rank': 209, 'rank_similar_age': 38}, 'similar_age_count': 43, 'within_application_domain': {'percentile': 23.7, 'percentile_similar_age': 8.33, 'rank': 162, 'rank_similar_age': 34}}, 'how_to_cite': {'apa': 'George E. Meyer, Timothy W. Hindman, & Koppolu Laksmi (1999). &lt;title&gt;Machine vision detection parameters for plant species identification&lt;/title&gt;. SPIE Proceedings, 3543. https://doi.org/10.1117/12.336896', 'bibtex': 'ASI_ExR'}, 'journal': 'SPIE Proceedings', 'source': 'crossref', 'title': '&lt;title&gt;Machine vision detection parameters for plant species identification&lt;/title&gt;', 'type': 'conference_paper', 'volume': '3543', 'year': 1999}}",https://github.com/davemlz,2022-04-08
FAI,Floating Algae Index,"{'application_domain': 'water', 'family': None, 'sensing_modalities': ['multispectral']}",N - (R + (S1 - R)*((lambdaN - lambdaR)/(lambdaS1 - lambdaR))),"['N', 'R', 'S1']",[],"{'lambdaN': {'description': 'NIR central wavelength (nm)'}, 'lambdaR': {'description': 'Red central wavelength (nm)'}, 'lambdaS1': {'description': 'SWIR1 central wavelength (nm)'}}",{},{},"{'source_companions': [], 'source_link': 'https://doi.org/10.1016/j.rse.2009.05.012', 'source_link_semantic_scholar': None, 'source_link_status': 'operational', 'source_link_type': 'doi', 'source_metadata': {'authors': ['Chuanmin Hu'], 'citations_metrics': {'citation_count': 895, 'date': '2026-08-18', 'overall': {'percentile': 80.51, 'percentile_similar_age': 94.59, 'rank': 62, 'rank_similar_age': 3}, 'similar_age_count': 37, 'within_application_domain': {'percentile': 87.1, 'percentile_similar_age': 100.0, 'rank': 5, 'rank_similar_age': 1}}, 'how_to_cite': {'apa': 'Chuanmin Hu (2009). A novel ocean color index to detect floating algae in the global oceans. Remote Sensing of Environment, 113(10). https://doi.org/10.1016/j.rse.2009.05.012', 'bibtex': 'ASI_FAI'}, 'issue': '10', 'journal': 'Remote Sensing of Environment', 'source': 'crossref', 'title': 'A novel ocean color index to detect floating algae in the global oceans', 'type': 'article', 'volume': '113', 'year': 2009}}",https://github.com/emanuelcastanho,2024-05-03
FCVI,Fluorescence Correction Vegetation Index,"{'application_domain': 'vegetation', 'family': None, 'sensing_modalities': ['multispectral']}",N - ((R + G + B)/3.0),"['N', 'R', 'G', 'B']",[],{},{},{},"{'source_companions': [], 'source_link': 'https://doi.org/10.1016/j.rse.2020.111676', 'source_link_semantic_scholar': None, 'source_link_status': 'operational', 'source_link_type': 'doi', 'source_metadata': {'authors': ['Peiqi Yang', 'Christiaan van der Tol', 'Petya K.E. Campbell', 'Elizabeth M. Middleton'], 'citations_metrics': {'citation_count': 139, 'date': '2026-08-18', 'overall': {'percentile': 34.19, 'percentile_similar_age': 60.27, 'rank': 207, 'rank_similar_age': 30}, 'similar_age_count': 73, 'within_application_domain': {'percentile': 24.17, 'percentile_similar_age': 64.86, 'rank': 161, 'rank_similar_age': 14}}, 'how_to_cite': {'apa': 'Peiqi Yang, Christiaan van der Tol, Petya K.E. Campbell, & Elizabeth M. Middleton (2020). Fluorescence Correction Vegetation Index (FCVI): A physically based reflectance index to separate physiological and non-physiological information in far-red sun-induced chlorophyll fluorescence. Remote Sensing of Environment, 240. https://doi.org/10.1016/j.rse.2020.111676', 'bibtex': 'ASI_FCVI'}, 'journal': 'Remote Sensing of Environment', 'source': 'crossref', 'title': 'Fluorescence Correction Vegetation Index (FCVI): A physically based reflectance index to separate physiological and non-physiological information in far-red sun-induced chlorophyll fluorescence', 'type': 'article', 'volume': '240', 'year': 2020}}",https://github.com/davemlz,2022-01-20
FDI,Floating Debris Index,"{'application_domain': 'water', 'family': None, 'sensing_modalities': ['multispectral']}",N - (RE2 + 10 * (S1 - RE2) * (lambdaN - lambdaR)/(lambdaS1 - lambdaR)),"['N', 'RE2', 'S1']",[],"{'lambdaN': {'description': 'NIR central wavelength (nm)'}, 'lambdaR': {'description': 'Red central wavelength (nm)'}, 'lambdaS1': {'description': 'SWIR1 central wavelength (nm)'}}",{},{},"{'source_companions': [], 'source_link': 'https://doi.org/10.1038/s41598-020-62298-z', 'source_link_semantic_scholar': None, 'source_link_status': 'operational', 'source_link_type': 'doi', 'source_metadata': {'authors': ['Lauren Biermann', 'Daniel Clewley', 'Victor Martinez-Vicente', 'Konstantinos Topouzelis'], 'citations_metrics': {'citation_count': 233, 'date': '2026-08-18', 'overall': {'percentile': 49.84, 'percentile_similar_age': 91.78, 'rank': 158, 'rank_similar_age': 7}, 'similar_age_count': 73, 'within_application_domain': {'percentile': 67.74, 'percentile_similar_age': 100.0, 'rank': 11, 'rank_similar_age': 1}}, 'how_to_cite': {'apa': 'Lauren Biermann, Daniel Clewley, Victor Martinez-Vicente, & Konstantinos Topouzelis (2020). Finding Plastic Patches in Coastal Waters using Optical Satellite Data. Scientific Reports, 10(1). https://doi.org/10.1038/s41598-020-62298-z', 'bibtex': 'ASI_FDI'}, 'issue': '1', 'journal': 'Scientific Reports', 'source': 'crossref', 'title': 'Finding Plastic Patches in Coastal Waters using Optical Satellite Data', 'type': 'article', 'volume': '10', 'year': 2020}}",https://github.com/guillemc23,2025-07-18
FWEI,Flood/Water Extraction Index,"{'application_domain': 'water', 'family': None, 'sensing_modalities': ['multispectral']}",(((B + G + R) / 3.0) - N)/(((B + G + R) / 3.0) + N),"['B', 'G', 'R', 'N']",[],{},{},{},"{'source_companions': [], 'source_link': 'https://doi.org/10.1007/s00477-024-02660-z', 'source_link_semantic_scholar': None, 'source_link_status': 'operational', 'source_link_type': 'doi', 'source_metadata': {'authors': ['Hadi Farhadi', 'Hamid Ebadi', 'Abbas Kiani', 'Ali Asgary'], 'citations_metrics': {'citation_count': 42, 'date': '2026-08-18', 'overall': {'percentile': 15.34, 'percentile_similar_age': 93.33, 'rank': 266, 'rank_similar_age': 3}, 'similar_age_count': 30, 'within_application_domain': {'percentile': 25.81, 'percentile_similar_age': 100.0, 'rank': 24, 'rank_similar_age': 1}}, 'how_to_cite': {'apa': 'Hadi Farhadi, Hamid Ebadi, Abbas Kiani, & Ali Asgary (2024). A novel flood/water extraction index (FWEI) for identifying water and flooded areas using sentinel-2 visible and near-infrared spectral bands. Stochastic Environmental Research and Risk Assessment, 38(5). https://doi.org/10.1007/s00477-024-02660-z', 'bibtex': 'ASI_FWEI'}, 'issue': '5', 'journal': 'Stochastic Environmental Research and Risk Assessment', 'source': 'crossref', 'title': 'A novel flood/water extraction index (FWEI) for identifying water and flooded areas using sentinel-2 visible and near-infrared spectral bands', 'type': 'article', 'volume': '38', 'year': 2024}}",https://github.com/kalab-oto,2025-04-15
GARI,Green Atmospherically Resistant Vegetation Index,"{'application_domain': 'vegetation', 'family': None, 'sensing_modalities': ['multispectral']}",(N - (G - lmb * (B - R))) / (N + (G - lmb * (B - R))),"['N', 'G', 'B', 'R']",[],"{'lmb': {'default_value': 1.0, 'description': 'Parameter that controls the atmospheric correction'}}",{},{},"{'source_companions': ['GNDVI', 'GRARI'], 'source_link': 'https://doi.org/10.1016/S0034-4257(96)00072-7', 'source_link_semantic_scholar': None, 'source_link_status': 'operational', 'source_link_type': 'doi', 'source_metadata': {'authors': ['Anatoly A. Gitelson', 'Yoram J. Kaufman', 'Mark N. Merzlyak'], 'citations_metrics': {'citation_count': 2798, 'date': '2026-08-18', 'overall': {'percentile': 96.81, 'percentile_similar_age': 97.87, 'rank': 11, 'rank_similar_age': 2}, 'similar_age_count': 47, 'within_application_domain': {'percentile': 96.21, 'percentile_similar_age': 100.0, 'rank': 9, 'rank_similar_age': 1}}, 'how_to_cite': {'apa': 'Anatoly A. Gitelson, Yoram J. Kaufman, & Mark N. Merzlyak (1996). Use of a green channel in remote sensing of global vegetation from EOS-MODIS. Remote Sensing of Environment, 58(3). https://doi.org/10.1016/s0034-4257(96)00072-7', 'bibtex': 'ASI_GARI'}, 'issue': '3', 'journal': 'Remote Sensing of Environment', 'source': 'crossref', 'title': 'Use of a green channel in remote sensing of global vegetation from EOS-MODIS', 'type': 'article', 'volume': '58', 'year': 1996}}",https://github.com/davemlz,2021-04-07
GBNDVI,Green-Blue Normalized Difference Vegetation Index,"{'application_domain': 'vegetation', 'family': None, 'sensing_modalities': ['multispectral']}",(N - (G + B))/(N + (G + B)),"['N', 'G', 'B']",[],{},{},{},"{'source_companions': ['BNDVI', 'GRNDVI'], 'source_link': 'https://doi.org/10.1016/S1672-6308(07)60027-4', 'source_link_semantic_scholar': None, 'source_link_status': 'operational', 'source_link_type': 'doi', 'source_metadata': {'authors': ['Fu-min WANG', 'Jing-feng HUANG', 'Yan-lin TANG', 'Xiu-zhen WANG'], 'citations_metrics': {'citation_count': 323, 'date': '2026-08-18', 'overall': {'percentile': 55.27, 'percentile_similar_age': 67.5, 'rank': 142, 'rank_similar_age': 15}, 'similar_age_count': 40, 'within_application_domain': {'percentile': 42.18, 'percentile_similar_age': 65.22, 'rank': 124, 'rank_similar_age': 10}}, 'how_to_cite': {'apa': 'Fu-min WANG, Jing-feng HUANG, Yan-lin TANG, & Xiu-zhen WANG (2007). New Vegetation Index and Its Application in Estimating Leaf Area Index of Rice. Rice Science, 14(3). https://doi.org/10.1016/s1672-6308(07)60027-4', 'bibtex': 'ASI_BNDVI'}, 'issue': '3', 'journal': 'Rice Science', 'source': 'crossref', 'title': 'New Vegetation Index and Its Application in Estimating Leaf Area Index of Rice', 'type': 'article', 'volume': '14', 'year': 2007}}",https://github.com/davemlz,2021-04-07
GCC,Green Chromatic Coordinate,"{'application_domain': 'vegetation', 'family': None, 'sensing_modalities': ['multispectral']}",G / (R + G + B),"['G', 'R', 'B']",[],{},{},{},"{'source_companions': ['RCC', 'BCC'], 'source_link': 'https://doi.org/10.1016/0034-4257(87)90088-5', 'source_link_semantic_scholar': None, 'source_link_status': 'operational', 'source_link_type': 'doi', 'source_metadata': {'authors': ['Alan R Gillespie', 'Anne B Kahle', 'Richard E Walker'], 'citations_metrics': {'citation_count': 616, 'date': '2026-08-18', 'overall': {'percentile': 72.2, 'percentile_similar_age': 66.67, 'rank': 89, 'rank_similar_age': 4}, 'similar_age_count': 6, 'within_application_domain': {'percentile': 63.03, 'percentile_similar_age': 66.67, 'rank': 80, 'rank_similar_age': 4}}, 'how_to_cite': {'apa': 'Alan R Gillespie, Anne B Kahle, & Richard E Walker (1987). Color enhancement of highly correlated images. II. Channel ratio and “chromaticity” transformation techniques. Remote Sensing of Environment, 22(3). https://doi.org/10.1016/0034-4257(87)90088-5', 'bibtex': 'ASI_BCC'}, 'issue': '3', 'journal': 'Remote Sensing of Environment', 'source': 'crossref', 'title': 'Color enhancement of highly correlated images. II. Channel ratio and “chromaticity” transformation techniques', 'type': 'article', 'volume': '22', 'year': 1987}}",https://github.com/davemlz,2022-01-17
GDVI,Generalized Difference Vegetation Index,"{'application_domain': 'vegetation', 'family': None, 'sensing_modalities': ['multispectral']}",((N ** n) - (R ** n)) / ((N ** n) + (R ** n)),"['N', 'R']",[],"{'n': {'default_value': 2.0, 'description': 'Power operation exponent to amplify the dynamic range', 'suggested_values': {'Equal GDVI to NDVI': 1.0, 'Forest/Maquis (Partly), Irrigated Cropland (Partly), Wood-Lands, Citrus/Orchard, Rainfed Cropland, Olive Plantation, Rangeland, Desert, Bare Land': 2.0, 'Wood-Lands (Partly), Citrus/Orchard (Partly), Rainfed Cropland (Partly), Olive Plantation, Rangeland, Desert, Bare Land': 3.0, 'Wood-Lands, Citrus/Orchard, Rainfed Cropland, Olive Plantation, Rangeland, Desert, Bare Land': 3.0}}}",{},{},"{'source_companions': [], 'source_link': 'https://doi.org/10.3390/rs6021211', 'source_link_semantic_scholar': None, 'source_link_status': 'operational', 'source_link_type': 'doi', 'source_metadata': {'authors': ['Weicheng Wu'], 'citations_metrics': {'citation_count': 208, 'date': '2026-08-18', 'overall': {'percentile': 46.65, 'percentile_similar_age': 60.71, 'rank': 168, 'rank_similar_age': 12}, 'similar_age_count': 28, 'within_application_domain': {'percentile': 32.7, 'percentile_similar_age': 45.45, 'rank': 143, 'rank_similar_age': 7}}, 'how_to_cite': {'apa': 'Weicheng Wu (2014). The Generalized Difference Vegetation Index (GDVI) for Dryland Characterization. Remote Sensing, 6(2). https://doi.org/10.3390/rs6021211', 'bibtex': 'ASI_GDVI'}, 'issue': '2', 'journal': 'Remote Sensing', 'source': 'crossref', 'title': 'The Generalized Difference Vegetation Index (GDVI) for Dryland Characterization', 'type': 'article', 'volume': '6', 'year': 2014}}",https://github.com/davemlz,2021-05-14
GEMI,Global Environment Monitoring Index,"{'application_domain': 'vegetation', 'family': None, 'sensing_modalities': ['multispectral']}",((2.0*((N ** 2.0)-(R ** 2.0)) + 1.5*N + 0.5*R)/(N + R + 0.5))*(1.0 - 0.25*((2.0 * ((N ** 2.0) - (R ** 2)) + 1.5 * N + 0.5 * R)/(N + R + 0.5)))-((R - 0.125)/(1 - R)),"['N', 'R']",[],{},{},{},"{'source_companions': [], 'source_link': 'http://dx.doi.org/10.1007/bf00031911', 'source_link_semantic_scholar': None, 'source_link_status': 'operational', 'source_link_type': 'doi', 'source_metadata': {'authors': ['B. Pinty', 'M. M. Verstraete'], 'citations_metrics': {'citation_count': 589, 'date': '2026-08-18', 'overall': {'percentile': 71.25, 'percentile_similar_age': 27.27, 'rank': 91, 'rank_similar_age': 17}, 'similar_age_count': 22, 'within_application_domain': {'percentile': 61.61, 'percentile_similar_age': 27.27, 'rank': 82, 'rank_similar_age': 17}}, 'how_to_cite': {'apa': 'B. Pinty, & M. M. Verstraete (1992). GEMI: a non-linear index to monitor global vegetation from satellites. Vegetatio, 101(1). https://doi.org/10.1007/bf00031911', 'bibtex': 'ASI_GEMI'}, 'issue': '1', 'journal': 'Vegetatio', 'source': 'crossref', 'title': 'GEMI: a non-linear index to monitor global vegetation from satellites', 'type': 'article', 'volume': '101', 'year': 1992}}",https://github.com/davemlz,2021-04-07
GLI,Green Leaf Index,"{'application_domain': 'vegetation', 'family': None, 'sensing_modalities': ['multispectral']}",(2.0 * G - R - B) / (2.0 * G + R + B),"['G', 'R', 'B']",[],{},{},{},"{'source_companions': [], 'source_link': 'http://dx.doi.org/10.1080/10106040108542184', 'source_link_semantic_scholar': None, 'source_link_status': 'operational', 'source_link_type': 'doi', 'source_metadata': {'authors': ['Mounir Louhaichi', 'Michael M. Borman', 'Douglas E. Johnson'], 'citations_metrics': {'citation_count': 726, 'date': '2026-08-18', 'overall': {'percentile': 77.32, 'percentile_similar_age': 53.66, 'rank': 72, 'rank_similar_age': 20}, 'similar_age_count': 41, 'within_application_domain': {'percentile': 69.67, 'percentile_similar_age': 45.45, 'rank': 65, 'rank_similar_age': 19}}, 'how_to_cite': {'apa': 'Mounir Louhaichi, Michael M. Borman, & Douglas E. Johnson (2001). Spatially Located Platform and Aerial Photography for Documentation of Grazing Impacts on Wheat. Geocarto International, 16(1). https://doi.org/10.1080/10106040108542184', 'bibtex': 'ASI_GLI'}, 'issue': '1', 'journal': 'Geocarto International', 'source': 'crossref', 'title': 'Spatially Located Platform and Aerial Photography for Documentation of Grazing Impacts on Wheat', 'type': 'article', 'volume': '16', 'year': 2001}}",https://github.com/davemlz,2021-04-07
GM1,Gitelson and Merzlyak Index 1,"{'application_domain': 'vegetation', 'family': None, 'sensing_modalities': ['multispectral']}",RE2/G,"['RE2', 'G']",[],{},{},{},"{'source_companions': ['GM2'], 'source_link': 'https://doi.org/10.1016/S0176-1617(96)80284-7', 'source_link_semantic_scholar': None, 'source_link_status': 'operational', 'source_link_type': 'doi', 'source_metadata': {'authors': ['Anatoly A. Gitelson', 'Mark N. Merzlyak'], 'citations_metrics': {'citation_count': 664, 'date': '2026-08-18', 'overall': {'percentile': 74.12, 'percentile_similar_age': 63.83, 'rank': 82, 'rank_similar_age': 18}, 'similar_age_count': 47, 'within_application_domain': {'percentile': 65.4, 'percentile_similar_age': 62.79, 'rank': 74, 'rank_similar_age': 17}}, 'how_to_cite': {'apa': 'Anatoly A. Gitelson, & Mark N. Merzlyak (1996). Signature Analysis of Leaf Reflectance Spectra: Algorithm Development for Remote Sensing of Chlorophyll. Journal of Plant Physiology, 148(3-4). https://doi.org/10.1016/s0176-1617(96)80284-7', 'bibtex': 'ASI_GM1'}, 'issue': '3-4', 'journal': 'Journal of Plant Physiology', 'source': 'crossref', 'title': 'Signature Analysis of Leaf Reflectance Spectra: Algorithm Development for Remote Sensing of Chlorophyll', 'type': 'article', 'volume': '148', 'year': 1996}}",https://github.com/davemlz,2022-04-08
GM2,Gitelson and Merzlyak Index 2,"{'application_domain': 'vegetation', 'family': None, 'sensing_modalities': ['multispectral']}",RE2/RE1,"['RE2', 'RE1']",[],{},{},{},"{'source_companions': ['GM1'], 'source_link': 'https://doi.org/10.1016/S0176-1617(96)80284-7', 'source_link_semantic_scholar': None, 'source_link_status': 'operational', 'source_link_type': 'doi', 'source_metadata': {'authors': ['Anatoly A. Gitelson', 'Mark N. Merzlyak'], 'citations_metrics': {'citation_count': 664, 'date': '2026-08-18', 'overall': {'percentile': 74.12, 'percentile_similar_age': 63.83, 'rank': 83, 'rank_similar_age': 19}, 'similar_age_count': 47, 'within_application_domain': {'percentile': 65.4, 'percentile_similar_age': 62.79, 'rank': 75, 'rank_similar_age': 18}}, 'how_to_cite': {'apa': 'Anatoly A. Gitelson, & Mark N. Merzlyak (1996). Signature Analysis of Leaf Reflectance Spectra: Algorithm Development for Remote Sensing of Chlorophyll. Journal of Plant Physiology, 148(3-4). https://doi.org/10.1016/s0176-1617(96)80284-7', 'bibtex': 'ASI_GM1'}, 'issue': '3-4', 'journal': 'Journal of Plant Physiology', 'source': 'crossref', 'title': 'Signature Analysis of Leaf Reflectance Spectra: Algorithm Development for Remote Sensing of Chlorophyll', 'type': 'article', 'volume': '148', 'year': 1996}}",https://github.com/davemlz,2022-04-08
GNDVI,Green Normalized Difference Vegetation Index,"{'application_domain': 'vegetation', 'family': None, 'sensing_modalities': ['multispectral']}",(N - G)/(N + G),"['N', 'G']",[],{},{},{},"{'source_companions': ['GARI', 'GRARI'], 'source_link': 'https://doi.org/10.1016/S0034-4257(96)00072-7', 'source_link_semantic_scholar': None, 'source_link_status': 'operational', 'source_link_type': 'doi', 'source_metadata': {'authors': ['Anatoly A. Gitelson', 'Yoram J. Kaufman', 'Mark N. Merzlyak'], 'citations_metrics': {'citation_count': 2798, 'date': '2026-08-18', 'overall': {'percentile': 96.81, 'percentile_similar_age': 97.87, 'rank': 12, 'rank_similar_age': 3}, 'similar_age_count': 47, 'within_application_domain': {'percentile': 96.21, 'percentile_similar_age': 100.0, 'rank': 10, 'rank_similar_age': 2}}, 'how_to_cite': {'apa': 'Anatoly A. Gitelson, Yoram J. Kaufman, & Mark N. Merzlyak (1996). Use of a green channel in remote sensing of global vegetation from EOS-MODIS. Remote Sensing of Environment, 58(3). https://doi.org/10.1016/s0034-4257(96)00072-7', 'bibtex': 'ASI_GARI'}, 'issue': '3', 'journal': 'Remote Sensing of Environment', 'source': 'crossref', 'title': 'Use of a green channel in remote sensing of global vegetation from EOS-MODIS', 'type': 'article', 'volume': '58', 'year': 1996}}",https://github.com/davemlz,2021-04-07
GOSAVI,Green Optimized Soil Adjusted Vegetation Index,"{'application_domain': 'vegetation', 'family': None, 'sensing_modalities': ['multispectral']}",(N - G) / (N + G + 0.16),"['N', 'G']",[],{},{},{},"{'source_companions': ['NormNIR', 'NormR', 'NormG', 'GRVI', 'GSAVI', 'GreenDVI'], 'source_link': 'https://doi.org/10.2134/agronj2004.0314', 'source_link_semantic_scholar': None, 'source_link_status': 'operational', 'source_link_type': 'doi', 'source_metadata': {'authors': ['Ravi P. Sripada', 'Ronnie W. Heiniger', 'Jeffrey G. White', 'Randy Weisz'], 'citations_metrics': {'citation_count': 163, 'date': '2026-08-18', 'overall': {'percentile': 42.17, 'percentile_similar_age': 41.3, 'rank': 182, 'rank_similar_age': 28}, 'similar_age_count': 46, 'within_application_domain': {'percentile': 29.38, 'percentile_similar_age': 32.26, 'rank': 150, 'rank_similar_age': 22}}, 'how_to_cite': {'apa': 'Ravi P. Sripada, Ronnie W. Heiniger, Jeffrey G. White, & Randy Weisz (2005). Aerial Color Infrared Photography for Determining Late‐Season Nitrogen Requirements in Corn. Agronomy Journal, 97(5). https://doi.org/10.2134/agronj2004.0314', 'bibtex': 'ASI_GOSAVI'}, 'issue': '5', 'journal': 'Agronomy Journal', 'source': 'crossref', 'title': 'Aerial Color Infrared Photography for Determining Late‐Season Nitrogen Requirements in Corn', 'type': 'article', 'volume': '97', 'year': 2005}}",https://github.com/davemlz,2022-04-08
GRARI,Atmospheric Resistant Green-Red Index,"{'application_domain': 'vegetation', 'family': None, 'sensing_modalities': ['multispectral']}",(N - (eta * G + (1.0 - eta) * R - lmb * (B - R)))/(N + (eta * G + (1.0 - eta) * R - lmb * (B - R))),"['N', 'G', 'R', 'B']",[],"{'eta': {'default_value': 0.5, 'description': 'Mix of green and red reflectances to get properties that are between ARVI and GARI'}, 'lmb': {'default_value': 1.0, 'description': 'Parameter that controls the atmospheric correction'}}",{},{},"{'source_companions': ['GARI', 'GNDVI'], 'source_link': 'https://doi.org/10.1016/S0034-4257(96)00072-7', 'source_link_semantic_scholar': None, 'source_link_status': 'operational', 'source_link_type': 'doi', 'source_metadata': {'authors': ['Anatoly A. Gitelson', 'Yoram J. Kaufman', 'Mark N. Merzlyak'], 'citations_metrics': {'citation_count': 2798, 'date': '2026-08-18', 'overall': {'percentile': 96.81, 'percentile_similar_age': 97.87, 'rank': 13, 'rank_similar_age': 4}, 'similar_age_count': 47, 'within_application_domain': {'percentile': 96.21, 'percentile_similar_age': 100.0, 'rank': 11, 'rank_similar_age': 3}}, 'how_to_cite': {'apa': 'Anatoly A. Gitelson, Yoram J. Kaufman, & Mark N. Merzlyak (1996). Use of a green channel in remote sensing of global vegetation from EOS-MODIS. Remote Sensing of Environment, 58(3). https://doi.org/10.1016/s0034-4257(96)00072-7', 'bibtex': 'ASI_GARI'}, 'issue': '3', 'journal': 'Remote Sensing of Environment', 'source': 'crossref', 'title': 'Use of a green channel in remote sensing of global vegetation from EOS-MODIS', 'type': 'article', 'volume': '58', 'year': 1996}}",https://github.com/davemlz,2026-07-22
GRNDVI,Green-Red Normalized Difference Vegetation Index,"{'application_domain': 'vegetation', 'family': None, 'sensing_modalities': ['multispectral']}",(N - (G + R))/(N + (G + R)),"['N', 'G', 'R']",[],{},{},{},"{'source_companions': ['BNDVI', 'GBNDVI'], 'source_link': 'https://doi.org/10.1016/S1672-6308(07)60027-4', 'source_link_semantic_scholar': None, 'source_link_status': 'operational', 'source_link_type': 'doi', 'source_metadata': {'authors': ['Fu-min WANG', 'Jing-feng HUANG', 'Yan-lin TANG', 'Xiu-zhen WANG'], 'citations_metrics': {'citation_count': 323, 'date': '2026-08-18', 'overall': {'percentile': 55.27, 'percentile_similar_age': 67.5, 'rank': 143, 'rank_similar_age': 16}, 'similar_age_count': 40, 'within_application_domain': {'percentile': 42.18, 'percentile_similar_age': 65.22, 'rank': 125, 'rank_similar_age': 11}}, 'how_to_cite': {'apa': 'Fu-min WANG, Jing-feng HUANG, Yan-lin TANG, & Xiu-zhen WANG (2007). New Vegetation Index and Its Application in Estimating Leaf Area Index of Rice. Rice Science, 14(3). https://doi.org/10.1016/s1672-6308(07)60027-4', 'bibtex': 'ASI_BNDVI'}, 'issue': '3', 'journal': 'Rice Science', 'source': 'crossref', 'title': 'New Vegetation Index and Its Application in Estimating Leaf Area Index of Rice', 'type': 'article', 'volume': '14', 'year': 2007}}",https://github.com/davemlz,2021-04-07
GRVI,Green Ratio Vegetation Index,"{'application_domain': 'vegetation', 'family': None, 'sensing_modalities': ['multispectral']}",N/G,"['N', 'G']",[],{},{},{},"{'source_companions': ['NormNIR', 'NormR', 'NormG', 'GSAVI', 'GOSAVI', 'GreenDVI'], 'source_link': 'https://doi.org/10.2134/agronj2004.0314', 'source_link_semantic_scholar': None, 'source_link_status': 'operational', 'source_link_type': 'doi', 'source_metadata': {'authors': ['Ravi P. Sripada', 'Ronnie W. Heiniger', 'Jeffrey G. White', 'Randy Weisz'], 'citations_metrics': {'citation_count': 163, 'date': '2026-08-18', 'overall': {'percentile': 42.17, 'percentile_similar_age': 41.3, 'rank': 184, 'rank_similar_age': 30}, 'similar_age_count': 46, 'within_application_domain': {'percentile': 29.38, 'percentile_similar_age': 32.26, 'rank': 152, 'rank_similar_age': 24}}, 'how_to_cite': {'apa': 'Ravi P. Sripada, Ronnie W. Heiniger, Jeffrey G. White, & Randy Weisz (2005). Aerial Color Infrared Photography for Determining Late‐Season Nitrogen Requirements in Corn. Agronomy Journal, 97(5). https://doi.org/10.2134/agronj2004.0314', 'bibtex': 'ASI_GOSAVI'}, 'issue': '5', 'journal': 'Agronomy Journal', 'source': 'crossref', 'title': 'Aerial Color Infrared Photography for Determining Late‐Season Nitrogen Requirements in Corn', 'type': 'article', 'volume': '97', 'year': 2005}}",https://github.com/davemlz,2022-04-08
GSAVI,Green Soil Adjusted Vegetation Index,"{'application_domain': 'vegetation', 'family': None, 'sensing_modalities': ['multispectral']}",(1.0 + L) * (N - G) / (N + G + L),"['N', 'G']",[],"{'L': {'default_value': 0.5, 'description': 'Canopy background adjustment'}}",{},{},"{'source_companions': ['NormNIR', 'NormR', 'NormG', 'GRVI', 'GOSAVI', 'GreenDVI'], 'source_link': 'https://doi.org/10.2134/agronj2004.0314', 'source_link_semantic_scholar': None, 'source_link_status': 'operational', 'source_link_type': 'doi', 'source_metadata': {'authors': ['Ravi P. Sripada', 'Ronnie W. Heiniger', 'Jeffrey G. White', 'Randy Weisz'], 'citations_metrics': {'citation_count': 163, 'date': '2026-08-18', 'overall': {'percentile': 42.17, 'percentile_similar_age': 41.3, 'rank': 185, 'rank_similar_age': 31}, 'similar_age_count': 46, 'within_application_domain': {'percentile': 29.38, 'percentile_similar_age': 32.26, 'rank': 153, 'rank_similar_age': 25}}, 'how_to_cite': {'apa': 'Ravi P. Sripada, Ronnie W. Heiniger, Jeffrey G. White, & Randy Weisz (2005). Aerial Color Infrared Photography for Determining Late‐Season Nitrogen Requirements in Corn. Agronomy Journal, 97(5). https://doi.org/10.2134/agronj2004.0314', 'bibtex': 'ASI_GOSAVI'}, 'issue': '5', 'journal': 'Agronomy Journal', 'source': 'crossref', 'title': 'Aerial Color Infrared Photography for Determining Late‐Season Nitrogen Requirements in Corn', 'type': 'article', 'volume': '97', 'year': 2005}}",https://github.com/davemlz,2022-04-08
GVMI,Global Vegetation Moisture Index,"{'application_domain': 'vegetation', 'family': None, 'sensing_modalities': ['multispectral']}",((N + 0.1) - (S2 + 0.02)) / ((N + 0.1) + (S2 + 0.02)),"['N', 'S2']",[],{},{},{},"{'source_companions': [], 'source_link': 'https://doi.org/10.1016/S0034-4257(02)00037-8', 'source_link_semantic_scholar': None, 'source_link_status': 'operational', 'source_link_type': 'doi', 'source_metadata': {'authors': ['Pietro Ceccato', 'Nadine Gobron', 'Stéphane Flasse', 'Bernard Pinty', 'Stefano Tarantola'], 'citations_metrics': {'citation_count': 504, 'date': '2026-08-18', 'overall': {'percentile': 65.5, 'percentile_similar_age': 44.9, 'rank': 109, 'rank_similar_age': 28}, 'similar_age_count': 49, 'within_application_domain': {'percentile': 53.55, 'percentile_similar_age': 39.02, 'rank': 99, 'rank_similar_age': 26}}, 'how_to_cite': {'apa': 'Pietro Ceccato, Nadine Gobron, Stéphane Flasse, Bernard Pinty, & Stefano Tarantola (2002). Designing a spectral index to estimate vegetation water content from remote sensing data: Part 1. Remote Sensing of Environment, 82(2-3). https://doi.org/10.1016/s0034-4257(02)00037-8', 'bibtex': 'ASI_GVMI'}, 'issue': '2-3', 'journal': 'Remote Sensing of Environment', 'source': 'crossref', 'title': 'Designing a spectral index to estimate vegetation water content from remote sensing data: Part 1', 'type': 'article', 'volume': '82', 'year': 2002}}",https://github.com/davemlz,2021-04-07
GDVI,Green Difference Vegetation Index,"{'application_domain': 'vegetation', 'family': None, 'sensing_modalities': ['multispectral']}",N - G,"['N', 'G']",[],{},{},{},"{'source_companions': ['NormNIR', 'NormR', 'NormG', 'GRVI', 'GSAVI', 'GOSAVI'], 'source_link': 'https://doi.org/10.2134/agronj2004.0314', 'source_link_semantic_scholar': None, 'source_link_status': 'operational', 'source_link_type': 'doi', 'source_metadata': {'authors': ['Ravi P. Sripada', 'Ronnie W. Heiniger', 'Jeffrey G. White', 'Randy Weisz'], 'citations_metrics': {'citation_count': 163, 'date': '2026-08-18', 'overall': {'percentile': 42.17, 'percentile_similar_age': 41.3, 'rank': 183, 'rank_similar_age': 29}, 'similar_age_count': 46, 'within_application_domain': {'percentile': 29.38, 'percentile_similar_age': 32.26, 'rank': 151, 'rank_similar_age': 23}}, 'how_to_cite': {'apa': 'Ravi P. Sripada, Ronnie W. Heiniger, Jeffrey G. White, & Randy Weisz (2005). Aerial Color Infrared Photography for Determining Late‐Season Nitrogen Requirements in Corn. Agronomy Journal, 97(5). https://doi.org/10.2134/agronj2004.0314', 'bibtex': 'ASI_GOSAVI'}, 'issue': '5', 'journal': 'Agronomy Journal', 'source': 'crossref', 'title': 'Aerial Color Infrared Photography for Determining Late‐Season Nitrogen Requirements in Corn', 'type': 'article', 'volume': '97', 'year': 2005}}",https://github.com/j-miszczyszyn,2026-08-09
IAVI,New Atmospherically Resistant Vegetation Index,"{'application_domain': 'vegetation', 'family': None, 'sensing_modalities': ['multispectral']}",(N - (R - gamma * (B - R)))/(N + (R - gamma * (B - R))),"['N', 'R', 'B']",[],"{'gamma': {'default_value': 1.0, 'description': 'Correction coefficient for upward atmospheric path radiance reaching the satellite', 'suggested_range': [0.65, 1.21]}}",{},{},"{'source_companions': [], 'source_link': 'https://www.jipb.net/EN/abstract/abstract23925.shtml', 'source_link_semantic_scholar': None, 'source_link_status': 'operational', 'source_link_type': 'other', 'source_metadata': {}}",https://github.com/davemlz,2022-04-08
IBI,Index-Based Built-Up Index,"{'application_domain': 'urban', 'family': None, 'sensing_modalities': ['multispectral']}",(((S1-N)/(S1+N))-(((N-R)*(1.0+L)/(N+R+L))+((G-S1)/(G+S1)))/2.0)/(((S1-N)/(S1+N))+(((N-R)*(1.0+L)/(N+R+L))+((G-S1)/(G+S1)))/2.0),"['S1', 'N', 'R', 'G']",[],"{'L': {'default_value': 0.5, 'description': 'Canopy background adjustment'}}",{},{},"{'source_companions': [], 'source_link': 'https://doi.org/10.1080/01431160802039957', 'source_link_semantic_scholar': None, 'source_link_status': 'operational', 'source_link_type': 'doi', 'source_metadata': {'authors': ['H. Xu'], 'citations_metrics': {'citation_count': 644, 'date': '2026-08-18', 'overall': {'percentile': 73.48, 'percentile_similar_age': 76.47, 'rank': 84, 'rank_similar_age': 9}, 'similar_age_count': 34, 'within_application_domain': {'percentile': 94.74, 'percentile_similar_age': 100.0, 'rank': 2, 'rank_similar_age': 1}}, 'how_to_cite': {'apa': 'H. Xu (2008). A new index for delineating built‐up land features in satellite imagery. International Journal of Remote Sensing, 29(14). https://doi.org/10.1080/01431160802039957', 'bibtex': 'ASI_IBI'}, 'issue': '14', 'journal': 'International Journal of Remote Sensing', 'source': 'crossref', 'title': 'A new index for delineating built‐up land features in satellite imagery', 'type': 'article', 'volume': '29', 'year': 2008}}",https://github.com/davemlz,2022-02-09
IKAW,Kawashima Index,"{'application_domain': 'vegetation', 'family': None, 'sensing_modalities': ['multispectral']}",(R - B)/(R + B),"['R', 'B']",[],{},{},{},"{'source_companions': [], 'source_link': 'https://doi.org/10.1006/anbo.1997.0544', 'source_link_semantic_scholar': None, 'source_link_status': 'operational', 'source_link_type': 'doi', 'source_metadata': {'authors': ['S KAWASHIMA'], 'citations_metrics': {'citation_count': 299, 'date': '2026-08-18', 'overall': {'percentile': 53.99, 'percentile_similar_age': 17.07, 'rank': 145, 'rank_similar_age': 35}, 'similar_age_count': 41, 'within_application_domain': {'percentile': 40.28, 'percentile_similar_age': 8.33, 'rank': 127, 'rank_similar_age': 34}}, 'how_to_cite': {'apa': 'S KAWASHIMA (1998). An Algorithm for Estimating Chlorophyll Content in Leaves Using a Video Camera. Annals of Botany, 81(1). https://doi.org/10.1006/anbo.1997.0544', 'bibtex': 'ASI_IKAW'}, 'issue': '1', 'journal': 'Annals of Botany', 'source': 'crossref', 'title': 'An Algorithm for Estimating Chlorophyll Content in Leaves Using a Video Camera', 'type': 'article', 'volume': '81', 'year': 1998}}",https://github.com/davemlz,2022-04-08
IPVI,Infrared Percentage Vegetation Index,"{'application_domain': 'vegetation', 'family': None, 'sensing_modalities': ['multispectral']}",N/(N + R),"['N', 'R']",[],{},{},{},"{'source_companions': [], 'source_link': 'https://doi.org/10.1016/0034-4257(90)90085-Z', 'source_link_semantic_scholar': None, 'source_link_status': 'operational', 'source_link_type': 'doi', 'source_metadata': {'authors': ['R CRIPPEN'], 'citations_metrics': {'citation_count': 545, 'date': '2026-08-18', 'overall': {'percentile': 66.45, 'percentile_similar_age': 26.67, 'rank': 106, 'rank_similar_age': 12}, 'similar_age_count': 15, 'within_application_domain': {'percentile': 54.98, 'percentile_similar_age': 26.67, 'rank': 96, 'rank_similar_age': 12}}, 'how_to_cite': {'apa': 'R CRIPPEN (1990). Calculating the vegetation index faster. Remote Sensing of Environment, 34(1). https://doi.org/10.1016/0034-4257(90)90085-z', 'bibtex': 'ASI_IPVI'}, 'issue': '1', 'journal': 'Remote Sensing of Environment', 'source': 'crossref', 'title': 'Calculating the vegetation index faster', 'type': 'article', 'volume': '34', 'year': 1990}}",https://github.com/davemlz,2022-04-08
IRECI,Inverted Red-Edge Chlorophyll Index,"{'application_domain': 'vegetation', 'family': None, 'sensing_modalities': ['multispectral']}",(RE3 - R) / (RE1 / RE2),"['RE3', 'R', 'RE1', 'RE2']",[],{},{},{},"{'source_companions': ['S2REP'], 'source_link': 'https://doi.org/10.1016/j.isprsjprs.2013.04.007', 'source_link_semantic_scholar': None, 'source_link_status': 'operational', 'source_link_type': 'doi', 'source_metadata': {'authors': ['William James Frampton', 'Jadunandan Dash', 'Gary Watmough', 'Edward James Milton'], 'citations_metrics': {'citation_count': 670, 'date': '2026-08-18', 'overall': {'percentile': 74.76, 'percentile_similar_age': 89.66, 'rank': 80, 'rank_similar_age': 4}, 'similar_age_count': 29, 'within_application_domain': {'percentile': 66.35, 'percentile_similar_age': 100.0, 'rank': 72, 'rank_similar_age': 1}}, 'how_to_cite': {'apa': 'William James Frampton, Jadunandan Dash, Gary Watmough, & Edward James Milton (2013). Evaluating the capabilities of Sentinel-2 for quantitative estimation of biophysical variables in vegetation. ISPRS Journal of Photogrammetry and Remote Sensing, 82. https://doi.org/10.1016/j.isprsjprs.2013.04.007', 'bibtex': 'ASI_IRECI'}, 'journal': 'ISPRS Journal of Photogrammetry and Remote Sensing', 'source': 'crossref', 'title': 'Evaluating the capabilities of Sentinel-2 for quantitative estimation of biophysical variables in vegetation', 'type': 'article', 'volume': '82', 'year': 2013}}",https://github.com/davemlz,2021-09-17
IRGBVI,Improved-Red-Green-Blue Vegetation Index,"{'application_domain': 'vegetation', 'family': None, 'sensing_modalities': ['multispectral']}",(5.0 * (G ** 2.0) - 2.0 * (R ** 2.0) - 5.0 * (B ** 2.0)) / (5.0 * (G ** 2.0) + 2.0 * (R ** 2.0) + 5.0 * (B ** 2.0)),"['G', 'R', 'B']",[],{},{},{},"{'source_companions': [], 'source_link': 'https://doi.org/10.1016/j.jag.2024.103668', 'source_link_semantic_scholar': None, 'source_link_status': 'operational', 'source_link_type': 'doi', 'source_metadata': {'authors': ['Cheng Chen', 'Xiping Yuan', 'Shu Gan', 'WeiDong Luo', 'Rui Bi', 'RaoBo Li', 'Sha Gao'], 'citations_metrics': {'citation_count': 7, 'date': '2026-08-18', 'overall': {'percentile': 6.07, 'percentile_similar_age': 56.67, 'rank': 297, 'rank_similar_age': 16}, 'similar_age_count': 30, 'within_application_domain': {'percentile': 6.16, 'percentile_similar_age': 65.0, 'rank': 201, 'rank_similar_age': 10}}, 'how_to_cite': {'apa': 'Cheng Chen, Xiping Yuan, Shu Gan, WeiDong Luo, Rui Bi, RaoBo Li, & Sha Gao (2024). A new vegetation index based on UAV for extracting plateau vegetation information. International Journal of Applied Earth Observation and Geoinformation, 128. https://doi.org/10.1016/j.jag.2024.103668', 'bibtex': 'ASI_IRGBVI'}, 'journal': 'International Journal of Applied Earth Observation and Geoinformation', 'source': 'crossref', 'title': 'A new vegetation index based on UAV for extracting plateau vegetation information', 'type': 'article', 'volume': '128', 'year': 2024}}",https://github.com/davemlz,2025-07-11
KDI,Kochia Detection Index,"{'application_domain': 'vegetation', 'family': None, 'sensing_modalities': ['multispectral']}",((N + S1 - RE3)/(N + S1 + RE3)) * ((RE1 - 2.0 * RE3 + N)/(RE1 + 2.0 * RE3 + N)),"['N', 'S1', 'RE3', 'RE1']",[],{},{},{},"{'source_companions': ['WCI1', 'WCI2', 'WCI3'], 'source_link': 'https://doi.org/10.1016/j.mlwa.2026.100914', 'source_link_semantic_scholar': None, 'source_link_status': 'operational', 'source_link_type': 'doi', 'source_metadata': {'authors': ['Ali Lotfi', 'Adam Carter', 'Thuan Ha', 'Mohammad Meysami', 'Kwabena Nketia', 'Steve Shirtliffe'], 'citations_metrics': {'citation_count': 0, 'date': '2026-08-18', 'overall': {'percentile': 1.92, 'percentile_similar_age': 31.58, 'rank': 309, 'rank_similar_age': 15}, 'similar_age_count': 19, 'within_application_domain': {'percentile': 1.9, 'percentile_similar_age': 30.77, 'rank': 208, 'rank_similar_age': 10}}, 'how_to_cite': {'apa': 'Ali Lotfi, Adam Carter, Thuan Ha, Mohammad Meysami, Kwabena Nketia, & Steve Shirtliffe (2026). Interpretable machine learning–Derived spectral indices for vegetation monitoring. Machine Learning with Applications, 24. https://doi.org/10.1016/j.mlwa.2026.100914', 'bibtex': 'ASI_KDI'}, 'journal': 'Machine Learning with Applications', 'source': 'crossref', 'title': 'Interpretable machine learning–Derived spectral indices for vegetation monitoring', 'type': 'article', 'volume': '24', 'year': 2026}}",https://github.com/davemlz,2026-05-27
LCI,Leaf Chlorophyll Index,"{'application_domain': 'vegetation', 'family': None, 'sensing_modalities': ['hyperspectral']}",(R850 - R710)/(R850 - R680),"['R850', 'R710', 'R680']",[],{},{},{},"{'source_companions': [], 'source_link': 'https://doi.org/10.1016/S0176-1617(99)80314-9', 'source_link_semantic_scholar': None, 'source_link_status': 'operational', 'source_link_type': 'doi', 'source_metadata': {'authors': ['Bisun Datt'], 'citations_metrics': {'citation_count': 454, 'date': '2026-08-18', 'overall': {'percentile': 61.66, 'percentile_similar_age': 32.56, 'rank': 121, 'rank_similar_age': 30}, 'similar_age_count': 43, 'within_application_domain': {'percentile': 47.87, 'percentile_similar_age': 19.44, 'rank': 111, 'rank_similar_age': 30}}, 'how_to_cite': {'apa': 'Bisun Datt (1999). A New Reflectance Index for Remote Sensing of Chlorophyll Content in Higher Plants: Tests using Eucalyptus Leaves. Journal of Plant Physiology, 154(1). https://doi.org/10.1016/s0176-1617(99)80314-9', 'bibtex': 'ASI_LCI'}, 'issue': '1', 'journal': 'Journal of Plant Physiology', 'source': 'crossref', 'title': 'A New Reflectance Index for Remote Sensing of Chlorophyll Content in Higher Plants: Tests using Eucalyptus Leaves', 'type': 'article', 'volume': '154', 'year': 1999}}",https://github.com/j-miszczyszyn,2026-08-09
LSWI,Land Surface Water Index,"{'application_domain': 'water', 'family': None, 'sensing_modalities': ['multispectral']}",(N - S1)/(N + S1),"['N', 'S1']",[],{},{},{},"{'source_companions': [], 'source_link': 'https://doi.org/10.1016/j.rse.2003.11.008', 'source_link_semantic_scholar': None, 'source_link_status': 'operational', 'source_link_type': 'doi', 'source_metadata': {'authors': ['Xiangming Xiao', 'David Hollinger', 'John Aber', 'Mike Goltz', 'Eric A. Davidson', 'Qingyuan Zhang', 'Berrien Moore'], 'citations_metrics': {'citation_count': 803, 'date': '2026-08-18', 'overall': {'percentile': 79.87, 'percentile_similar_age': 60.78, 'rank': 64, 'rank_similar_age': 21}, 'similar_age_count': 51, 'within_application_domain': {'percentile': 83.87, 'percentile_similar_age': 50.0, 'rank': 6, 'rank_similar_age': 2}}, 'how_to_cite': {'apa': 'Xiangming Xiao, David Hollinger, John Aber, Mike Goltz, Eric A. Davidson, Qingyuan Zhang, & Berrien Moore (2004). Satellite-based modeling of gross primary production in an evergreen needleleaf forest. Remote Sensing of Environment, 89(4). https://doi.org/10.1016/j.rse.2003.11.008', 'bibtex': 'ASI_LSWI'}, 'issue': '4', 'journal': 'Remote Sensing of Environment', 'source': 'crossref', 'title': 'Satellite-based modeling of gross primary production in an evergreen needleleaf forest', 'type': 'article', 'volume': '89', 'year': 2004}}",https://github.com/davemlz,2022-04-20
MBI,Modified Bare Soil Index,"{'application_domain': 'soil', 'family': None, 'sensing_modalities': ['multispectral']}",((S1 - S2 - N)/(S1 + S2 + N)) + 0.5,"['S1', 'S2', 'N']",[],{},{},{},"{'source_companions': ['NSDS'], 'source_link': 'https://doi.org/10.3390/land10030231', 'source_link_semantic_scholar': None, 'source_link_status': 'operational', 'source_link_type': 'doi', 'source_metadata': {'authors': ['Can Trong Nguyen', 'Amnat Chidthaisong', 'Phan Kieu Diem', 'Lian-Zhi Huo'], 'citations_metrics': {'citation_count': 229, 'date': '2026-08-18', 'overall': {'percentile': 48.56, 'percentile_similar_age': 82.46, 'rank': 162, 'rank_similar_age': 11}, 'similar_age_count': 57, 'within_application_domain': {'percentile': 94.12, 'percentile_similar_age': 100.0, 'rank': 2, 'rank_similar_age': 1}}, 'how_to_cite': {'apa': 'Can Trong Nguyen, Amnat Chidthaisong, Phan Kieu Diem, & Lian-Zhi Huo (2021). A Modified Bare Soil Index to Identify Bare Land Features during Agricultural Fallow-Period in Southeast Asia Using Landsat 8. Land, 10(3). https://doi.org/10.3390/land10030231', 'bibtex': 'ASI_MBI'}, 'issue': '3', 'journal': 'Land', 'source': 'crossref', 'title': 'A Modified Bare Soil Index to Identify Bare Land Features during Agricultural Fallow-Period in Southeast Asia Using Landsat 8', 'type': 'article', 'volume': '10', 'year': 2021}}",https://github.com/davemlz,2022-04-18
MBWI,Multi-Band Water Index,"{'application_domain': 'water', 'family': None, 'sensing_modalities': ['multispectral']}",(omega * G) - R - N - S1 - S2,"['G', 'R', 'N', 'S1', 'S2']",[],"{'omega': {'default_value': 2.0, 'description': 'Coefficient that maximizes the difference between water and non-water surfaces', 'suggested_values': {'For negative index values assigned to water and non-water surfaces': 1.0, 'For positive index values assigned to water surfaces and built-up areas (greater values than this also deliver the same result)': 5.0, 'For positive index values assigned to water surfaces and negative to non-water surfaces': 2.0}}}",{},{},"{'source_companions': [], 'source_link': 'https://doi.org/10.1016/j.jag.2018.01.018', 'source_link_semantic_scholar': None, 'source_link_status': 'operational', 'source_link_type': 'doi', 'source_metadata': {'authors': ['Xiaobiao Wang', 'Shunping Xie', 'Xueliang Zhang', 'Cheng Chen', 'Hao Guo', 'Jinkang Du', 'Zheng Duan'], 'citations_metrics': {'citation_count': 80, 'date': '2026-08-18', 'overall': {'percentile': 24.28, 'percentile_similar_age': 37.5, 'rank': 238, 'rank_similar_age': 36}, 'similar_age_count': 56, 'within_application_domain': {'percentile': 45.16, 'percentile_similar_age': 50.0, 'rank': 18, 'rank_similar_age': 6}}, 'how_to_cite': {'apa': 'Xiaobiao Wang, Shunping Xie, Xueliang Zhang, Cheng Chen, Hao Guo, Jinkang Du, & Zheng Duan (2018). A robust Multi-Band Water Index (MBWI) for automated extraction of surface water from Landsat 8 OLI imagery. International Journal of Applied Earth Observation and Geoinformation, 68. https://doi.org/10.1016/j.jag.2018.01.018', 'bibtex': 'ASI_MBWI'}, 'journal': 'International Journal of Applied Earth Observation and Geoinformation', 'source': 'crossref', 'title': 'A robust Multi-Band Water Index (MBWI) for automated extraction of surface water from Landsat 8 OLI imagery', 'type': 'article', 'volume': '68', 'year': 2018}}",https://github.com/davemlz,2022-01-17
MCARI,Modified Chlorophyll Absorption in Reflectance Index,"{'application_domain': 'vegetation', 'family': None, 'sensing_modalities': ['multispectral']}",((RE1 - R) - 0.2 * (RE1 - G)) * (RE1 / R),"['RE1', 'R', 'G']",[],{},{},{},"{'source_companions': [], 'source_link': 'http://dx.doi.org/10.1016/S0034-4257(00)00113-9', 'source_link_semantic_scholar': None, 'source_link_status': 'operational', 'source_link_type': 'doi', 'source_metadata': {'authors': ['C Daughtry'], 'citations_metrics': {'citation_count': 2087, 'date': '2026-08-18', 'overall': {'percentile': 92.33, 'percentile_similar_age': 93.33, 'rank': 25, 'rank_similar_age': 5}, 'similar_age_count': 60, 'within_application_domain': {'percentile': 90.05, 'percentile_similar_age': 92.16, 'rank': 22, 'rank_similar_age': 5}}, 'how_to_cite': {'apa': 'C Daughtry (2000). Estimating Corn Leaf Chlorophyll Concentration from Leaf and Canopy Reflectance. Remote Sensing of Environment, 74(2). https://doi.org/10.1016/s0034-4257(00)00113-9', 'bibtex': 'ASI_MCARI'}, 'issue': '2', 'journal': 'Remote Sensing of Environment', 'source': 'crossref', 'title': 'Estimating Corn Leaf Chlorophyll Concentration from Leaf and Canopy Reflectance', 'type': 'article', 'volume': '74', 'year': 2000}}",https://github.com/davemlz,2021-05-13
MCARI1,Modified Chlorophyll Absorption in Reflectance Index 1,"{'application_domain': 'vegetation', 'family': None, 'sensing_modalities': ['multispectral']}",1.2 * (2.5 * (N - R) - 1.3 * (N - G)),"['N', 'R', 'G']",[],{},{},{},"{'source_companions': ['MTVI1', 'MCARI2', 'MTVI2'], 'source_link': 'https://doi.org/10.1016/j.rse.2003.12.013', 'source_link_semantic_scholar': None, 'source_link_status': 'operational', 'source_link_type': 'doi', 'source_metadata': {'authors': ['D Haboudane'], 'citations_metrics': {'citation_count': 2230, 'date': '2026-08-18', 'overall': {'percentile': 93.93, 'percentile_similar_age': 84.31, 'rank': 20, 'rank_similar_age': 9}, 'similar_age_count': 51, 'within_application_domain': {'percentile': 92.42, 'percentile_similar_age': 84.62, 'rank': 17, 'rank_similar_age': 7}}, 'how_to_cite': {'apa': 'D Haboudane (2004). Hyperspectral vegetation indices and novel algorithms for predicting green LAI of crop canopies: Modeling and validation in the context of precision agriculture. Remote Sensing of Environment, 90(3). https://doi.org/10.1016/j.rse.2003.12.013', 'bibtex': 'ASI_MCARI1'}, 'issue': '3', 'journal': 'Remote Sensing of Environment', 'source': 'crossref', 'title': 'Hyperspectral vegetation indices and novel algorithms for predicting green LAI of crop canopies: Modeling and validation in the context of precision agriculture', 'type': 'article', 'volume': '90', 'year': 2004}}",https://github.com/davemlz,2021-05-14
MCARI2,Modified Chlorophyll Absorption in Reflectance Index 2,"{'application_domain': 'vegetation', 'family': None, 'sensing_modalities': ['multispectral']}",(1.5 * (2.5 * (N - R) - 1.3 * (N - G))) / ((((2.0 * N + 1) ** 2) - (6.0 * N - 5 * (R ** 0.5)) - 0.5) ** 0.5),"['N', 'R', 'G']",[],{},{},{},"{'source_companions': ['MCARI1', 'MTVI1', 'MTVI2'], 'source_link': 'https://doi.org/10.1016/j.rse.2003.12.013', 'source_link_semantic_scholar': None, 'source_link_status': 'operational', 'source_link_type': 'doi', 'source_metadata': {'authors': ['D Haboudane'], 'citations_metrics': {'citation_count': 2230, 'date': '2026-08-18', 'overall': {'percentile': 93.93, 'percentile_similar_age': 84.31, 'rank': 21, 'rank_similar_age': 10}, 'similar_age_count': 51, 'within_application_domain': {'percentile': 92.42, 'percentile_similar_age': 84.62, 'rank': 18, 'rank_similar_age': 8}}, 'how_to_cite': {'apa': 'D Haboudane (2004). Hyperspectral vegetation indices and novel algorithms for predicting green LAI of crop canopies: Modeling and validation in the context of precision agriculture. Remote Sensing of Environment, 90(3). https://doi.org/10.1016/j.rse.2003.12.013', 'bibtex': 'ASI_MCARI1'}, 'issue': '3', 'journal': 'Remote Sensing of Environment', 'source': 'crossref', 'title': 'Hyperspectral vegetation indices and novel algorithms for predicting green LAI of crop canopies: Modeling and validation in the context of precision agriculture', 'type': 'article', 'volume': '90', 'year': 2004}}",https://github.com/davemlz,2021-05-14
MCARI705,Modified Chlorophyll Absorption in Reflectance Index (705 and 750 nm),"{'application_domain': 'vegetation', 'family': None, 'sensing_modalities': ['multispectral']}",((RE2 - RE1) - 0.2 * (RE2 - G)) * (RE2 / RE1),"['RE2', 'RE1', 'G']",[],{},{},{},"{'source_companions': ['TCARIOSAVI705', 'MCARIOSAVI705', 'MSR705'], 'source_link': 'https://doi.org/10.1016/j.agrformet.2008.03.005', 'source_link_semantic_scholar': None, 'source_link_status': 'operational', 'source_link_type': 'doi', 'source_metadata': {'authors': ['Chaoyang Wu', 'Zheng Niu', 'Quan Tang', 'Wenjiang Huang'], 'citations_metrics': {'citation_count': 767, 'date': '2026-08-18', 'overall': {'percentile': 79.23, 'percentile_similar_age': 88.24, 'rank': 66, 'rank_similar_age': 5}, 'similar_age_count': 34, 'within_application_domain': {'percentile': 72.51, 'percentile_similar_age': 87.5, 'rank': 59, 'rank_similar_age': 3}}, 'how_to_cite': {'apa': 'Chaoyang Wu, Zheng Niu, Quan Tang, & Wenjiang Huang (2008). Estimating chlorophyll content from hyperspectral vegetation indices: Modeling and validation. Agricultural and Forest Meteorology, 148(8-9). https://doi.org/10.1016/j.agrformet.2008.03.005', 'bibtex': 'ASI_MCARI705'}, 'issue': '8-9', 'journal': 'Agricultural and Forest Meteorology', 'source': 'crossref', 'title': 'Estimating chlorophyll content from hyperspectral vegetation indices: Modeling and validation', 'type': 'article', 'volume': '148', 'year': 2008}}",https://github.com/davemlz,2021-11-06
MCARIOSAVI,MCARI/OSAVI Ratio,"{'application_domain': 'vegetation', 'family': None, 'sensing_modalities': ['multispectral']}",(((RE1 - R) - 0.2 * (RE1 - G)) * (RE1 / R)) / (1.16 * (N - R) / (N + R + 0.16)),"['RE1', 'R', 'G', 'N']",[],{},{},{},"{'source_companions': [], 'source_link': 'https://doi.org/10.1016/S0034-4257(00)00113-9', 'source_link_semantic_scholar': None, 'source_link_status': 'operational', 'source_link_type': 'doi', 'source_metadata': {'authors': ['C Daughtry'], 'citations_metrics': {'citation_count': 2087, 'date': '2026-08-18', 'overall': {'percentile': 92.33, 'percentile_similar_age': 93.33, 'rank': 26, 'rank_similar_age': 6}, 'similar_age_count': 60, 'within_application_domain': {'percentile': 90.05, 'percentile_similar_age': 92.16, 'rank': 23, 'rank_similar_age': 6}}, 'how_to_cite': {'apa': 'C Daughtry (2000). Estimating Corn Leaf Chlorophyll Concentration from Leaf and Canopy Reflectance. Remote Sensing of Environment, 74(2). https://doi.org/10.1016/s0034-4257(00)00113-9', 'bibtex': 'ASI_MCARI'}, 'issue': '2', 'journal': 'Remote Sensing of Environment', 'source': 'crossref', 'title': 'Estimating Corn Leaf Chlorophyll Concentration from Leaf and Canopy Reflectance', 'type': 'article', 'volume': '74', 'year': 2000}}",https://github.com/davemlz,2021-11-06
MCARIOSAVI705,MCARI/OSAVI Ratio (705 and 750 nm),"{'application_domain': 'vegetation', 'family': None, 'sensing_modalities': ['multispectral']}",(((RE2 - RE1) - 0.2 * (RE2 - G)) * (RE2 / RE1)) / (1.16 * (RE2 - RE1) / (RE2 + RE1 + 0.16)),"['RE2', 'RE1', 'G']",[],{},{},{},"{'source_companions': ['TCARIOSAVI705', 'MCARI705', 'MSR705'], 'source_link': 'https://doi.org/10.1016/j.agrformet.2008.03.005', 'source_link_semantic_scholar': None, 'source_link_status': 'operational', 'source_link_type': 'doi', 'source_metadata': {'authors': ['Chaoyang Wu', 'Zheng Niu', 'Quan Tang', 'Wenjiang Huang'], 'citations_metrics': {'citation_count': 767, 'date': '2026-08-18', 'overall': {'percentile': 79.23, 'percentile_similar_age': 88.24, 'rank': 67, 'rank_similar_age': 6}, 'similar_age_count': 34, 'within_application_domain': {'percentile': 72.51, 'percentile_similar_age': 87.5, 'rank': 60, 'rank_similar_age': 4}}, 'how_to_cite': {'apa': 'Chaoyang Wu, Zheng Niu, Quan Tang, & Wenjiang Huang (2008). Estimating chlorophyll content from hyperspectral vegetation indices: Modeling and validation. Agricultural and Forest Meteorology, 148(8-9). https://doi.org/10.1016/j.agrformet.2008.03.005', 'bibtex': 'ASI_MCARI705'}, 'issue': '8-9', 'journal': 'Agricultural and Forest Meteorology', 'source': 'crossref', 'title': 'Estimating chlorophyll content from hyperspectral vegetation indices: Modeling and validation', 'type': 'article', 'volume': '148', 'year': 2008}}",https://github.com/davemlz,2021-11-06
MGRVI,Modified Green Red Vegetation Index,"{'application_domain': 'vegetation', 'family': None, 'sensing_modalities': ['multispectral']}",(G ** 2.0 - R ** 2.0) / (G ** 2.0 + R ** 2.0),"['G', 'R']",[],{},{},{},"{'source_companions': ['RGBVI'], 'source_link': 'https://doi.org/10.1016/j.jag.2015.02.012', 'source_link_semantic_scholar': None, 'source_link_status': 'operational', 'source_link_type': 'doi', 'source_metadata': {'authors': ['Juliane Bendig', 'Kang Yu', 'Helge Aasen', 'Andreas Bolten', 'Simon Bennertz', 'Janis Broscheit', 'Martin L. Gnyp', 'Georg Bareth'], 'citations_metrics': {'citation_count': 531, 'date': '2026-08-18', 'overall': {'percentile': 66.13, 'percentile_similar_age': 76.0, 'rank': 107, 'rank_similar_age': 7}, 'similar_age_count': 25, 'within_application_domain': {'percentile': 54.5, 'percentile_similar_age': 76.92, 'rank': 97, 'rank_similar_age': 4}}, 'how_to_cite': {'apa': 'Juliane Bendig, Kang Yu, Helge Aasen, Andreas Bolten, Simon Bennertz, Janis Broscheit, Martin L. Gnyp, & Georg Bareth (2015). Combining UAV-based plant height from crop surface models, visible, and near infrared vegetation indices for biomass monitoring in barley. International Journal of Applied Earth Observation and Geoinformation, 39. https://doi.org/10.1016/j.jag.2015.02.012', 'bibtex': 'ASI_MGRVI'}, 'journal': 'International Journal of Applied Earth Observation and Geoinformation', 'source': 'crossref', 'title': 'Combining UAV-based plant height from crop surface models, visible, and near infrared vegetation indices for biomass monitoring in barley', 'type': 'article', 'volume': '39', 'year': 2015}}",https://github.com/davemlz,2021-05-14
MI,Mangrove Index,"{'application_domain': 'vegetation', 'family': None, 'sensing_modalities': ['multispectral']}",(N - S1) / (N * S1),"['N', 'S1']",[],{},{},{},"{'source_companions': [], 'source_link': 'https://www.researchgate.net/profile/Gathot-Winarso/publication/277137915_NEW_MANGROVE_INDEX_AS_DEGRADATIONHEALTH_INDICATOR_USING_REMOTE_SENSING_DATA_SEGARA_ANAKAN_AND_ALAS_PURWO_CASE_STUDY/links/5562d90c08ae8c0cab333ab4/NEW-MANGROVE-INDEX-AS-DEGRADATION-HEALTH-INDICATOR-USING-REMOTE-SENSING-DATA-SEGARA-ANAKAN-AND-ALAS-PURWO-CASE-STUDY.pdf', 'source_link_semantic_scholar': None, 'source_link_status': 'operational', 'source_link_type': 'other', 'source_metadata': {}}",https://github.com/davemlz,2025-07-11
MIRBI,Mid-Infrared Burn Index,"{'application_domain': 'burn', 'family': None, 'sensing_modalities': ['multispectral']}",10.0 * S2 - 9.8 * S1 + 2.0,"['S2', 'S1']",[],{},{},{},"{'source_companions': [], 'source_link': 'https://doi.org/10.1080/01431160110053185', 'source_link_semantic_scholar': None, 'source_link_status': 'operational', 'source_link_type': 'doi', 'source_metadata': {'authors': ['S. Trigg', 'S. Flasse'], 'citations_metrics': {'citation_count': 236, 'date': '2026-08-18', 'overall': {'percentile': 50.16, 'percentile_similar_age': 24.39, 'rank': 157, 'rank_similar_age': 32}, 'similar_age_count': 41, 'within_application_domain': {'percentile': 100.0, 'percentile_similar_age': 100.0, 'rank': 1, 'rank_similar_age': 1}}, 'how_to_cite': {'apa': 'S. Trigg, & S. Flasse (2001). An evaluation of different bi-spectral spaces for discriminating burned shrub-savannah. International Journal of Remote Sensing, 22(13). https://doi.org/10.1080/01431160110053185', 'bibtex': 'ASI_MIRBI'}, 'issue': '13', 'journal': 'International Journal of Remote Sensing', 'source': 'crossref', 'title': 'An evaluation of different bi-spectral spaces for discriminating burned shrub-savannah', 'type': 'article', 'volume': '22', 'year': 2001}}",https://github.com/davemlz,2022-04-19
MLSWI26,Modified Land Surface Water Index (MODIS Bands 2 and 6),"{'application_domain': 'water', 'family': None, 'sensing_modalities': ['multispectral']}",(1.0 - N - S1)/(1.0 - N + S1),"['N', 'S1']",[],{},{},{},"{'source_companions': ['MLSWI27'], 'source_link': 'https://doi.org/10.3390/rs71215805', 'source_link_semantic_scholar': None, 'source_link_status': 'operational', 'source_link_type': 'doi', 'source_metadata': {'authors': ['Youngjoo Kwak', 'Bhuyan Arifuzzanman', 'Yoichi Iwami'], 'citations_metrics': {'citation_count': 52, 'date': '2026-08-18', 'overall': {'percentile': 19.49, 'percentile_similar_age': 20.0, 'rank': 253, 'rank_similar_age': 21}, 'similar_age_count': 25, 'within_application_domain': {'percentile': 41.94, 'percentile_similar_age': 50.0, 'rank': 19, 'rank_similar_age': 4}}, 'how_to_cite': {'apa': 'Youngjoo Kwak, Bhuyan Arifuzzanman, & Yoichi Iwami (2015). Prompt Proxy Mapping of Flood Damaged Rice Fields Using MODIS-Derived Indices. Remote Sensing, 7(12). https://doi.org/10.3390/rs71215805', 'bibtex': 'ASI_MLSWI26'}, 'issue': '12', 'journal': 'Remote Sensing', 'source': 'crossref', 'title': 'Prompt Proxy Mapping of Flood Damaged Rice Fields Using MODIS-Derived Indices', 'type': 'article', 'volume': '7', 'year': 2015}}",https://github.com/davemlz,2022-04-20
MLSWI27,Modified Land Surface Water Index (MODIS Bands 2 and 7),"{'application_domain': 'water', 'family': None, 'sensing_modalities': ['multispectral']}",(1.0 - N - S2)/(1.0 - N + S2),"['N', 'S2']",[],{},{},{},"{'source_companions': ['MLSWI26'], 'source_link': 'https://doi.org/10.3390/rs71215805', 'source_link_semantic_scholar': None, 'source_link_status': 'operational', 'source_link_type': 'doi', 'source_metadata': {'authors': ['Youngjoo Kwak', 'Bhuyan Arifuzzanman', 'Yoichi Iwami'], 'citations_metrics': {'citation_count': 52, 'date': '2026-08-18', 'overall': {'percentile': 19.49, 'percentile_similar_age': 20.0, 'rank': 254, 'rank_similar_age': 22}, 'similar_age_count': 25, 'within_application_domain': {'percentile': 41.94, 'percentile_similar_age': 50.0, 'rank': 20, 'rank_similar_age': 5}}, 'how_to_cite': {'apa': 'Youngjoo Kwak, Bhuyan Arifuzzanman, & Yoichi Iwami (2015). Prompt Proxy Mapping of Flood Damaged Rice Fields Using MODIS-Derived Indices. Remote Sensing, 7(12). https://doi.org/10.3390/rs71215805', 'bibtex': 'ASI_MLSWI26'}, 'issue': '12', 'journal': 'Remote Sensing', 'source': 'crossref', 'title': 'Prompt Proxy Mapping of Flood Damaged Rice Fields Using MODIS-Derived Indices', 'type': 'article', 'volume': '7', 'year': 2015}}",https://github.com/davemlz,2022-04-20
MNDVI,Modified Normalized Difference Vegetation Index,"{'application_domain': 'vegetation', 'family': None, 'sensing_modalities': ['multispectral']}",(N - S2)/(N + S2),"['N', 'S2']",[],{},{},{},"{'source_companions': [], 'source_link': 'https://doi.org/10.1080/014311697216810', 'source_link_semantic_scholar': None, 'source_link_status': 'operational', 'source_link_type': 'doi', 'source_metadata': {'authors': ['C. Jurgens'], 'citations_metrics': {'citation_count': 130, 'date': '2026-08-18', 'overall': {'percentile': 33.55, 'percentile_similar_age': 7.14, 'rank': 210, 'rank_similar_age': 41}, 'similar_age_count': 42, 'within_application_domain': {'percentile': 23.7, 'percentile_similar_age': 5.41, 'rank': 163, 'rank_similar_age': 37}}, 'how_to_cite': {'apa': 'C. Jurgens (1997). The modified normalized difference vegetation index (mNDVI) a new index to determine frost damages in agriculture based on Landsat TM data. International Journal of Remote Sensing, 18(17). https://doi.org/10.1080/014311697216810', 'bibtex': 'ASI_MNDVI'}, 'issue': '17', 'journal': 'International Journal of Remote Sensing', 'source': 'crossref', 'title': 'The modified normalized difference vegetation index (mNDVI) a new index to determine frost damages in agriculture based on Landsat TM data', 'type': 'article', 'volume': '18', 'year': 1997}}",https://github.com/davemlz,2021-04-07
MNDWI,Modified Normalized Difference Water Index,"{'application_domain': 'water', 'family': None, 'sensing_modalities': ['multispectral']}",(G - S1) / (G + S1),"['G', 'S1']",[],{},{},{},"{'source_companions': [], 'source_link': 'https://doi.org/10.1080/01431160600589179', 'source_link_semantic_scholar': None, 'source_link_status': 'operational', 'source_link_type': 'doi', 'source_metadata': {'authors': ['Hanqiu Xu'], 'citations_metrics': {'citation_count': 5188, 'date': '2026-08-18', 'overall': {'percentile': 98.08, 'percentile_similar_age': 100.0, 'rank': 7, 'rank_similar_age': 1}, 'similar_age_count': 49, 'within_application_domain': {'percentile': 96.77, 'percentile_similar_age': 100.0, 'rank': 2, 'rank_similar_age': 1}}, 'how_to_cite': {'apa': 'Hanqiu Xu (2006). Modification of normalised difference water index (NDWI) to enhance open water features in remotely sensed imagery. International Journal of Remote Sensing, 27(14). https://doi.org/10.1080/01431160600589179', 'bibtex': 'ASI_MNDWI'}, 'issue': '14', 'journal': 'International Journal of Remote Sensing', 'source': 'crossref', 'title': 'Modification of normalised difference water index (NDWI) to enhance open water features in remotely sensed imagery', 'type': 'article', 'volume': '27', 'year': 2006}}",https://github.com/davemlz,2021-04-07
MNLI,Modified Non-Linear Vegetation Index,"{'application_domain': 'vegetation', 'family': None, 'sensing_modalities': ['multispectral']}",(1 + L)*((N ** 2) - R)/((N ** 2) + R + L),"['N', 'R']",[],"{'L': {'default_value': 0.5, 'description': 'Canopy background adjustment'}}",{},{},"{'source_companions': ['NDVISR', 'SAVISR'], 'source_link': 'https://doi.org/10.1109/TGRS.2003.812910', 'source_link_semantic_scholar': None, 'source_link_status': 'operational', 'source_link_type': 'doi', 'source_metadata': {'authors': ['Peng Gong', 'Ruiliang Pu', 'G.S. Biging', 'M.R. Larrieu'], 'citations_metrics': {'citation_count': 355, 'date': '2026-08-18', 'overall': {'percentile': 58.15, 'percentile_similar_age': 47.46, 'rank': 132, 'rank_similar_age': 32}, 'similar_age_count': 59, 'within_application_domain': {'percentile': 44.08, 'percentile_similar_age': 39.13, 'rank': 119, 'rank_similar_age': 29}}, 'how_to_cite': {'apa': 'Peng Gong, Ruiliang Pu, G.S. Biging, & M.R. Larrieu (2003). Estimation of forest leaf area index using vegetation indices derived from hyperion hyperspectral data. IEEE Transactions on Geoscience and Remote Sensing, 41(6). https://doi.org/10.1109/tgrs.2003.812910', 'bibtex': 'ASI_MNLI'}, 'issue': '6', 'journal': 'IEEE Transactions on Geoscience and Remote Sensing', 'source': 'crossref', 'title': 'Estimation of forest leaf area index using vegetation indices derived from hyperion hyperspectral data', 'type': 'article', 'volume': '41', 'year': 2003}}",https://github.com/davemlz,2021-05-11
MRBVI,Modified Red Blue Vegetation Index,"{'application_domain': 'vegetation', 'family': None, 'sensing_modalities': ['multispectral']}",(R ** 2.0 - B ** 2.0)/(R ** 2.0 + B ** 2.0),"['R', 'B']",[],{},{},{},"{'source_companions': [], 'source_link': 'https://doi.org/10.3390/s20185055', 'source_link_semantic_scholar': None, 'source_link_status': 'operational', 'source_link_type': 'doi', 'source_metadata': {'authors': ['Yahui Guo', 'Hanxi Wang', 'Zhaofei Wu', 'Shuxin Wang', 'Hongyong Sun', 'J. Senthilnath', 'Jingzhe Wang', 'Christopher Robin Bryant', 'Yongshuo Fu'], 'citations_metrics': {'citation_count': 89, 'date': '2026-08-18', 'overall': {'percentile': 27.48, 'percentile_similar_age': 49.32, 'rank': 228, 'rank_similar_age': 38}, 'similar_age_count': 73, 'within_application_domain': {'percentile': 20.85, 'percentile_similar_age': 56.76, 'rank': 168, 'rank_similar_age': 17}}, 'how_to_cite': {'apa': 'Yahui Guo, Hanxi Wang, Zhaofei Wu, Shuxin Wang, Hongyong Sun, J. Senthilnath, Jingzhe Wang, Christopher Robin Bryant, & Yongshuo Fu (2020). Modified Red Blue Vegetation Index for Chlorophyll Estimation and Yield Prediction of Maize from Visible Images Captured by UAV. Sensors, 20(18). https://doi.org/10.3390/s20185055', 'bibtex': 'ASI_MRBVI'}, 'issue': '18', 'journal': 'Sensors', 'source': 'crossref', 'title': 'Modified Red Blue Vegetation Index for Chlorophyll Estimation and Yield Prediction of Maize from Visible Images Captured by UAV', 'type': 'article', 'volume': '20', 'year': 2020}}",https://github.com/davemlz,2022-04-08
MSAVI,Modified Soil-Adjusted Vegetation Index,"{'application_domain': 'vegetation', 'family': None, 'sensing_modalities': ['multispectral']}",(1 + (1 - 2 * gamma * ((N - R)/(N + R)) * (N - gamma * R))) * (N - R) / (N + R + (1 - 2 * gamma * ((N - R)/(N + R)) * (N - gamma * R))),"['N', 'R']",[],"{'gamma': {'default_value': 1.06, 'description': 'Primary soil line parameter. gamma = N/R (slope of the soil line, only for soil pixels/measurements)'}}",{},{},"{'source_companions': ['MSAVI2'], 'source_link': 'https://doi.org/10.1016/0034-4257(94)90134-1', 'source_link_semantic_scholar': None, 'source_link_status': 'operational', 'source_link_type': 'doi', 'source_metadata': {'authors': ['J. Qi', 'A. Chehbouni', 'A.R. Huete', 'Y.H. Kerr', 'S. Sorooshian'], 'citations_metrics': {'citation_count': 2753, 'date': '2026-08-18', 'overall': {'percentile': 95.85, 'percentile_similar_age': 86.21, 'rank': 14, 'rank_similar_age': 5}, 'similar_age_count': 29, 'within_application_domain': {'percentile': 94.79, 'percentile_similar_age': 89.29, 'rank': 12, 'rank_similar_age': 4}}, 'how_to_cite': {'apa': 'J. Qi, A. Chehbouni, A.R. Huete, Y.H. Kerr, & S. Sorooshian (1994). A modified soil adjusted vegetation index. Remote Sensing of Environment, 48(2). https://doi.org/10.1016/0034-4257(94)90134-1', 'bibtex': 'ASI_MSAVI'}, 'issue': '2', 'journal': 'Remote Sensing of Environment', 'source': 'crossref', 'title': 'A modified soil adjusted vegetation index', 'type': 'article', 'volume': '48', 'year': 1994}}",https://github.com/davemlz,2026-08-09
MSAVI2,Modified Soil-Adjusted Vegetation Index 2,"{'application_domain': 'vegetation', 'family': None, 'sensing_modalities': ['multispectral']}",0.5 * (2.0 * N + 1 - (((2 * N + 1) ** 2) - 8 * (N - R)) ** 0.5),"['N', 'R']",[],{},{},{},"{'source_companions': ['MSAVI'], 'source_link': 'https://doi.org/10.1016/0034-4257(94)90134-1', 'source_link_semantic_scholar': None, 'source_link_status': 'operational', 'source_link_type': 'doi', 'source_metadata': {'authors': ['J. Qi', 'A. Chehbouni', 'A.R. Huete', 'Y.H. Kerr', 'S. Sorooshian'], 'citations_metrics': {'citation_count': 2753, 'date': '2026-08-18', 'overall': {'percentile': 95.85, 'percentile_similar_age': 86.21, 'rank': 15, 'rank_similar_age': 6}, 'similar_age_count': 29, 'within_application_domain': {'percentile': 94.79, 'percentile_similar_age': 89.29, 'rank': 13, 'rank_similar_age': 5}}, 'how_to_cite': {'apa': 'J. Qi, A. Chehbouni, A.R. Huete, Y.H. Kerr, & S. Sorooshian (1994). A modified soil adjusted vegetation index. Remote Sensing of Environment, 48(2). https://doi.org/10.1016/0034-4257(94)90134-1', 'bibtex': 'ASI_MSAVI'}, 'issue': '2', 'journal': 'Remote Sensing of Environment', 'source': 'crossref', 'title': 'A modified soil adjusted vegetation index', 'type': 'article', 'volume': '48', 'year': 1994}}",https://github.com/davemlz,2021-05-13
MSI,Moisture Stress Index,"{'application_domain': 'vegetation', 'family': None, 'sensing_modalities': ['multispectral']}",S1/N,"['S1', 'N']",[],{},{},{},"{'source_companions': [], 'source_link': 'https://doi.org/10.1016/0034-4257(89)90046-1', 'source_link_semantic_scholar': None, 'source_link_status': 'operational', 'source_link_type': 'doi', 'source_metadata': {'authors': ['E HUNTJR', 'B ROCK'], 'citations_metrics': {'citation_count': 996, 'date': '2026-08-18', 'overall': {'percentile': 83.71, 'percentile_similar_age': 80.0, 'rank': 52, 'rank_similar_age': 3}, 'similar_age_count': 10, 'within_application_domain': {'percentile': 78.2, 'percentile_similar_age': 80.0, 'rank': 47, 'rank_similar_age': 3}}, 'how_to_cite': {'apa': 'E HUNTJR, & B ROCK (1989). Detection of changes in leaf water content using Near- and Middle-Infrared reflectances☆. Remote Sensing of Environment, 30(1). https://doi.org/10.1016/0034-4257(89)90046-1', 'bibtex': 'ASI_MSI'}, 'issue': '1', 'journal': 'Remote Sensing of Environment', 'source': 'crossref', 'title': 'Detection of changes in leaf water content using Near- and Middle-Infrared reflectances☆', 'type': 'article', 'volume': '30', 'year': 1989}}",https://github.com/davemlz,2022-04-08
MSR,Modified Simple Ratio,"{'application_domain': 'vegetation', 'family': None, 'sensing_modalities': ['multispectral']}",(N / R - 1) / ((N / R + 1) ** 0.5),"['N', 'R']",[],{},{},{},"{'source_companions': [], 'source_link': 'https://doi.org/10.1080/07038992.1996.10855178', 'source_link_semantic_scholar': None, 'source_link_status': 'operational', 'source_link_type': 'doi', 'source_metadata': {'authors': ['Jing M. Chen'], 'citations_metrics': {'citation_count': 978, 'date': '2026-08-18', 'overall': {'percentile': 83.39, 'percentile_similar_age': 70.21, 'rank': 53, 'rank_similar_age': 15}, 'similar_age_count': 47, 'within_application_domain': {'percentile': 77.73, 'percentile_similar_age': 69.77, 'rank': 48, 'rank_similar_age': 14}}, 'how_to_cite': {'apa': 'Jing M. Chen (1996). Evaluation of Vegetation Indices and a Modified Simple Ratio for Boreal Applications. Canadian Journal of Remote Sensing, 22(3). https://doi.org/10.1080/07038992.1996.10855178', 'bibtex': 'ASI_MSR'}, 'issue': '3', 'journal': 'Canadian Journal of Remote Sensing', 'source': 'crossref', 'title': 'Evaluation of Vegetation Indices and a Modified Simple Ratio for Boreal Applications', 'type': 'article', 'volume': '22', 'year': 1996}}",https://github.com/davemlz,2021-05-14
MSR705,Modified Simple Ratio (705 and 750 nm),"{'application_domain': 'vegetation', 'family': None, 'sensing_modalities': ['multispectral']}",(RE2 / RE1 - 1) / ((RE2 / RE1 + 1) ** 0.5),"['RE2', 'RE1']",[],{},{},{},"{'source_companions': ['TCARIOSAVI705', 'MCARIOSAVI705', 'MCARI705'], 'source_link': 'https://doi.org/10.1016/j.agrformet.2008.03.005', 'source_link_semantic_scholar': None, 'source_link_status': 'operational', 'source_link_type': 'doi', 'source_metadata': {'authors': ['Chaoyang Wu', 'Zheng Niu', 'Quan Tang', 'Wenjiang Huang'], 'citations_metrics': {'citation_count': 767, 'date': '2026-08-18', 'overall': {'percentile': 79.23, 'percentile_similar_age': 88.24, 'rank': 68, 'rank_similar_age': 7}, 'similar_age_count': 34, 'within_application_domain': {'percentile': 72.51, 'percentile_similar_age': 87.5, 'rank': 61, 'rank_similar_age': 5}}, 'how_to_cite': {'apa': 'Chaoyang Wu, Zheng Niu, Quan Tang, & Wenjiang Huang (2008). Estimating chlorophyll content from hyperspectral vegetation indices: Modeling and validation. Agricultural and Forest Meteorology, 148(8-9). https://doi.org/10.1016/j.agrformet.2008.03.005', 'bibtex': 'ASI_MCARI705'}, 'issue': '8-9', 'journal': 'Agricultural and Forest Meteorology', 'source': 'crossref', 'title': 'Estimating chlorophyll content from hyperspectral vegetation indices: Modeling and validation', 'type': 'article', 'volume': '148', 'year': 2008}}",https://github.com/davemlz,2021-11-06
MTCI,MERIS Terrestrial Chlorophyll Index,"{'application_domain': 'vegetation', 'family': None, 'sensing_modalities': ['multispectral']}",(RE2 - RE1) / (RE1 - R),"['RE2', 'RE1', 'R']",[],{},{},{},"{'source_companions': [], 'source_link': 'https://doi.org/10.1080/0143116042000274015', 'source_link_semantic_scholar': None, 'source_link_status': 'operational', 'source_link_type': 'doi', 'source_metadata': {'authors': ['J. Dash', 'P. J. Curran'], 'citations_metrics': {'citation_count': 1008, 'date': '2026-08-18', 'overall': {'percentile': 84.03, 'percentile_similar_age': 62.75, 'rank': 51, 'rank_similar_age': 20}, 'similar_age_count': 51, 'within_application_domain': {'percentile': 78.67, 'percentile_similar_age': 56.41, 'rank': 46, 'rank_similar_age': 18}}, 'how_to_cite': {'apa': 'J. Dash, & P. J. Curran (2004). The MERIS terrestrial chlorophyll index. International Journal of Remote Sensing, 25(23). https://doi.org/10.1080/0143116042000274015', 'bibtex': 'ASI_MTCI'}, 'issue': '23', 'journal': 'International Journal of Remote Sensing', 'source': 'crossref', 'title': 'The MERIS terrestrial chlorophyll index', 'type': 'article', 'volume': '25', 'year': 2004}}",https://github.com/davemlz,2021-05-13
MTVI1,Modified Triangular Vegetation Index 1,"{'application_domain': 'vegetation', 'family': None, 'sensing_modalities': ['multispectral']}",1.2 * (1.2 * (N - G) - 2.5 * (R - G)),"['N', 'G', 'R']",[],{},{},{},"{'source_companions': ['MCARI1', 'MCARI2', 'MTVI2'], 'source_link': 'https://doi.org/10.1016/j.rse.2003.12.013', 'source_link_semantic_scholar': None, 'source_link_status': 'operational', 'source_link_type': 'doi', 'source_metadata': {'authors': ['D Haboudane'], 'citations_metrics': {'citation_count': 2230, 'date': '2026-08-18', 'overall': {'percentile': 93.93, 'percentile_similar_age': 84.31, 'rank': 22, 'rank_similar_age': 11}, 'similar_age_count': 51, 'within_application_domain': {'percentile': 92.42, 'percentile_similar_age': 84.62, 'rank': 19, 'rank_similar_age': 9}}, 'how_to_cite': {'apa': 'D Haboudane (2004). Hyperspectral vegetation indices and novel algorithms for predicting green LAI of crop canopies: Modeling and validation in the context of precision agriculture. Remote Sensing of Environment, 90(3). https://doi.org/10.1016/j.rse.2003.12.013', 'bibtex': 'ASI_MCARI1'}, 'issue': '3', 'journal': 'Remote Sensing of Environment', 'source': 'crossref', 'title': 'Hyperspectral vegetation indices and novel algorithms for predicting green LAI of crop canopies: Modeling and validation in the context of precision agriculture', 'type': 'article', 'volume': '90', 'year': 2004}}",https://github.com/davemlz,2021-05-14
MTVI2,Modified Triangular Vegetation Index 2,"{'application_domain': 'vegetation', 'family': None, 'sensing_modalities': ['multispectral']}",(1.5 * (1.2 * (N - G) - 2.5 * (R - G))) / ((((2.0 * N + 1) ** 2) - (6.0 * N - 5 * (R ** 0.5)) - 0.5) ** 0.5),"['N', 'G', 'R']",[],{},{},{},"{'source_companions': ['MCARI1', 'MTVI1', 'MCARI2'], 'source_link': 'https://doi.org/10.1016/j.rse.2003.12.013', 'source_link_semantic_scholar': None, 'source_link_status': 'operational', 'source_link_type': 'doi', 'source_metadata': {'authors': ['D Haboudane'], 'citations_metrics': {'citation_count': 2230, 'date': '2026-08-18', 'overall': {'percentile': 93.93, 'percentile_similar_age': 84.31, 'rank': 23, 'rank_similar_age': 12}, 'similar_age_count': 51, 'within_application_domain': {'percentile': 92.42, 'percentile_similar_age': 84.62, 'rank': 20, 'rank_similar_age': 10}}, 'how_to_cite': {'apa': 'D Haboudane (2004). Hyperspectral vegetation indices and novel algorithms for predicting green LAI of crop canopies: Modeling and validation in the context of precision agriculture. Remote Sensing of Environment, 90(3). https://doi.org/10.1016/j.rse.2003.12.013', 'bibtex': 'ASI_MCARI1'}, 'issue': '3', 'journal': 'Remote Sensing of Environment', 'source': 'crossref', 'title': 'Hyperspectral vegetation indices and novel algorithms for predicting green LAI of crop canopies: Modeling and validation in the context of precision agriculture', 'type': 'article', 'volume': '90', 'year': 2004}}",https://github.com/davemlz,2021-05-14
MVI,Mangrove Vegetation Index,"{'application_domain': 'vegetation', 'family': None, 'sensing_modalities': ['multispectral']}",(N - G) / (S1 - G),"['N', 'G', 'S1']",[],{},{},{},"{'source_companions': [], 'source_link': 'https://doi.org/10.1016/j.isprsjprs.2020.06.001', 'source_link_semantic_scholar': None, 'source_link_status': 'operational', 'source_link_type': 'doi', 'source_metadata': {'authors': ['Alvin B. Baloloy', 'Ariel C. Blanco', 'Raymund Rhommel C. Sta. Ana', 'Kazuo Nadaoka'], 'citations_metrics': {'citation_count': 264, 'date': '2026-08-18', 'overall': {'percentile': 50.48, 'percentile_similar_age': 93.15, 'rank': 156, 'rank_similar_age': 6}, 'similar_age_count': 73, 'within_application_domain': {'percentile': 35.55, 'percentile_similar_age': 86.49, 'rank': 137, 'rank_similar_age': 6}}, 'how_to_cite': {'apa': 'Alvin B. Baloloy, Ariel C. Blanco, Raymund Rhommel C. Sta. Ana, & Kazuo Nadaoka (2020). Development and application of a new mangrove vegetation index (MVI) for rapid and accurate mangrove mapping. ISPRS Journal of Photogrammetry and Remote Sensing, 166. https://doi.org/10.1016/j.isprsjprs.2020.06.001', 'bibtex': 'ASI_MVI'}, 'journal': 'ISPRS Journal of Photogrammetry and Remote Sensing', 'source': 'crossref', 'title': 'Development and application of a new mangrove vegetation index (MVI) for rapid and accurate mangrove mapping', 'type': 'article', 'volume': '166', 'year': 2020}}",https://github.com/delatorredm,2025-04-08
MuWIR,Revised Multi-Spectral Water Index,"{'application_domain': 'water', 'family': None, 'sensing_modalities': ['multispectral']}",-4.0 * ((B - G)/(B + G)) + 2.0 * ((G - N)/(G + N)) + 2.0 * ((G - S2)/(G + S2)) - ((G - S1)/(G + S1)),"['B', 'G', 'N', 'S2', 'S1']",[],{},{},{},"{'source_companions': [], 'source_link': 'https://doi.org/10.3390/rs10101643', 'source_link_semantic_scholar': None, 'source_link_status': 'operational', 'source_link_type': 'doi', 'source_metadata': {'authors': ['Zifeng Wang', 'Junguo Liu', 'Jinbao Li', 'David D. Zhang'], 'citations_metrics': {'citation_count': 95, 'date': '2026-08-18', 'overall': {'percentile': 30.03, 'percentile_similar_age': 46.43, 'rank': 220, 'rank_similar_age': 31}, 'similar_age_count': 56, 'within_application_domain': {'percentile': 48.39, 'percentile_similar_age': 60.0, 'rank': 17, 'rank_similar_age': 5}}, 'how_to_cite': {'apa': 'Zifeng Wang, Junguo Liu, Jinbao Li, & David D. Zhang (2018). Multi-Spectral Water Index (MuWI): A Native 10-m Multi-Spectral Water Index for Accurate Water Mapping on Sentinel-2. Remote Sensing, 10(10). https://doi.org/10.3390/rs10101643', 'bibtex': 'ASI_MuWIR'}, 'issue': '10', 'journal': 'Remote Sensing', 'source': 'crossref', 'title': 'Multi-Spectral Water Index (MuWI): A Native 10-m Multi-Spectral Water Index for Accurate Water Mapping on Sentinel-2', 'type': 'article', 'volume': '10', 'year': 2018}}",https://github.com/davemlz,2022-04-09
NBAI,Normalized Built-up Area Index,"{'application_domain': 'urban', 'family': None, 'sensing_modalities': ['multispectral']}",(S2 - S1/G)/(S2 + S1/G),"['S2', 'S1', 'G']",[],{},{},{},"{'source_companions': ['BRBA'], 'source_link': 'https://www.omicsonline.org/scientific-reports/JGRS-SR136.pdf', 'source_link_semantic_scholar': {'corpus_id': 130536174, 'paper_id': '4d42d2e5ae0c9e5bce9535124a1079fc0ead7d33'}, 'source_link_status': 'down', 'source_link_type': 'other', 'source_metadata': {'authors': ['W. Muhammad'], 'citations_metrics': {'citation_count': 85, 'date': '2026-08-19', 'overall': {'percentile': 24.92, 'percentile_similar_age': 22.22, 'rank': 237, 'rank_similar_age': 23}, 'similar_age_count': 27, 'within_application_domain': {'percentile': 42.11, 'percentile_similar_age': 40.0, 'rank': 13, 'rank_similar_age': 8}}, 'how_to_cite': {'apa': 'W. Muhammad (2012). Development of New Indices for Extraction of Built-Up Area & Bare Soil from Landsat Data. https://www.omicsonline.org/scientific-reports/JGRS-SR136.pdf', 'bibtex': 'ASI_BRBA'}, 'source': 'semantic_scholar', 'title': 'Development of New Indices for Extraction of Built-Up Area & Bare Soil from Landsat Data', 'year': 2012}}",https://github.com/davemlz,2022-09-22
NBLI,Normalized Difference Bare Land Index,"{'application_domain': 'soil', 'family': None, 'sensing_modalities': ['multispectral', 'thermal']}",(R - T)/(R + T),"['R', 'T']",[],{},{},{},"{'source_companions': ['NBLIOLI'], 'source_link': 'https://doi.org/10.3390/rs9030249', 'source_link_semantic_scholar': None, 'source_link_status': 'operational', 'source_link_type': 'doi', 'source_metadata': {'authors': ['Hui Li', 'Cuizhen Wang', 'Cheng Zhong', 'Aijun Su', 'Chengren Xiong', 'Jinge Wang', 'Junqi Liu'], 'citations_metrics': {'citation_count': 86, 'date': '2026-08-18', 'overall': {'percentile': 26.2, 'percentile_similar_age': 41.18, 'rank': 232, 'rank_similar_age': 31}, 'similar_age_count': 51, 'within_application_domain': {'percentile': 35.29, 'percentile_similar_age': 42.86, 'rank': 12, 'rank_similar_age': 5}}, 'how_to_cite': {'apa': 'Hui Li, Cuizhen Wang, Cheng Zhong, Aijun Su, Chengren Xiong, Jinge Wang, & Junqi Liu (2017). Mapping Urban Bare Land Automatically  from Landsat Imagery with a Simple Index. Remote Sensing, 9(3). https://doi.org/10.3390/rs9030249', 'bibtex': 'ASI_NBLI'}, 'issue': '3', 'journal': 'Remote Sensing', 'source': 'crossref', 'title': 'Mapping Urban Bare Land Automatically  from Landsat Imagery with a Simple Index', 'type': 'article', 'volume': '9', 'year': 2017}}",https://github.com/davemlz,2022-04-18
NBLIOLI,Normalized Difference Bare Land Index for Landsat-OLI,"{'application_domain': 'soil', 'family': None, 'sensing_modalities': ['multispectral', 'thermal']}",(R - T1)/(R + T1),"['R', 'T1']",[],{},{},{},"{'source_companions': ['NBLI'], 'source_link': 'https://doi.org/10.3390/rs9030249', 'source_link_semantic_scholar': None, 'source_link_status': 'operational', 'source_link_type': 'doi', 'source_metadata': {'authors': ['Hui Li', 'Cuizhen Wang', 'Cheng Zhong', 'Aijun Su', 'Chengren Xiong', 'Jinge Wang', 'Junqi Liu'], 'citations_metrics': {'citation_count': 86, 'date': '2026-08-18', 'overall': {'percentile': 26.2, 'percentile_similar_age': 41.18, 'rank': 233, 'rank_similar_age': 32}, 'similar_age_count': 51, 'within_application_domain': {'percentile': 35.29, 'percentile_similar_age': 42.86, 'rank': 13, 'rank_similar_age': 6}}, 'how_to_cite': {'apa': 'Hui Li, Cuizhen Wang, Cheng Zhong, Aijun Su, Chengren Xiong, Jinge Wang, & Junqi Liu (2017). Mapping Urban Bare Land Automatically  from Landsat Imagery with a Simple Index. Remote Sensing, 9(3). https://doi.org/10.3390/rs9030249', 'bibtex': 'ASI_NBLI'}, 'issue': '3', 'journal': 'Remote Sensing', 'source': 'crossref', 'title': 'Mapping Urban Bare Land Automatically  from Landsat Imagery with a Simple Index', 'type': 'article', 'volume': '9', 'year': 2017}}",https://github.com/davemlz,2023-03-12
NBR,Normalized Burn Ratio,"{'application_domain': 'burn', 'family': None, 'sensing_modalities': ['multispectral']}",(N - S2) / (N + S2),"['N', 'S2']",[],{},{},{},"{'source_companions': [], 'source_link': 'https://doi.org/10.3133/ofr0211', 'source_link_semantic_scholar': None, 'source_link_status': 'operational', 'source_link_type': 'doi', 'source_metadata': {'authors': ['J.L. Coffelt', 'Russell K. Livingston'], 'citations_metrics': {'citation_count': 6, 'date': '2026-08-18', 'overall': {'percentile': 3.51, 'percentile_similar_age': 2.04, 'rank': 304, 'rank_similar_age': 49}, 'similar_age_count': 49, 'within_application_domain': {'percentile': 5.88, 'percentile_similar_age': 33.33, 'rank': 17, 'rank_similar_age': 3}}, 'how_to_cite': {'apa': 'J.L. Coffelt, & Russell K. Livingston (2002). Second U.S. Geological Survey Wildland Fire Workshop: Los Alamos, New Mexico, October 31-November 3, 2000. Open-File Report. https://doi.org/10.3133/ofr0211', 'bibtex': 'ASI_NBR'}, 'journal': 'Open-File Report', 'source': 'crossref', 'title': 'Second U.S. Geological Survey Wildland Fire Workshop: Los Alamos, New Mexico, October 31-November 3, 2000', 'year': 2002}}",https://github.com/davemlz,2021-04-07
NBR2,Normalized Burn Ratio 2,"{'application_domain': 'burn', 'family': None, 'sensing_modalities': ['multispectral']}",(S1 - S2) / (S1 + S2),"['S1', 'S2']",[],{},{},{},"{'source_companions': [], 'source_link': 'https://www.usgs.gov/core-science-systems/nli/landsat/landsat-normalized-burn-ratio-2', 'source_link_semantic_scholar': None, 'source_link_status': 'operational', 'source_link_type': 'other', 'source_metadata': {}}",https://github.com/davemlz,2021-09-20
NBRSWIR,Normalized Burn Ratio SWIR,"{'application_domain': 'burn', 'family': None, 'sensing_modalities': ['multispectral']}",(S2 - S1 - 0.02)/(S2 + S1 + 0.1),"['S2', 'S1']",[],{},{},{},"{'source_companions': [], 'source_link': 'https://doi.org/10.1080/22797254.2020.1738900', 'source_link_semantic_scholar': None, 'source_link_status': 'operational', 'source_link_type': 'doi', 'source_metadata': {'authors': ['Sicong Liu', 'Yongjie Zheng', 'Michele Dalponte', 'Xiaohua Tong'], 'citations_metrics': {'citation_count': 87, 'date': '2026-08-18', 'overall': {'percentile': 26.52, 'percentile_similar_age': 47.95, 'rank': 231, 'rank_similar_age': 39}, 'similar_age_count': 73, 'within_application_domain': {'percentile': 35.29, 'percentile_similar_age': 33.33, 'rank': 12, 'rank_similar_age': 3}}, 'how_to_cite': {'apa': 'Sicong Liu, Yongjie Zheng, Michele Dalponte, & Xiaohua Tong (2020). A novel fire index-based burned area change detection approach using Landsat-8 OLI data. European Journal of Remote Sensing, 53(1). https://doi.org/10.1080/22797254.2020.1738900', 'bibtex': 'ASI_NBRSWIR'}, 'issue': '1', 'journal': 'European Journal of Remote Sensing', 'source': 'crossref', 'title': 'A novel fire index-based burned area change detection approach using Landsat-8 OLI data', 'type': 'article', 'volume': '53', 'year': 2020}}",https://github.com/davemlz,2022-09-22
NBRT1,Normalized Burn Ratio Thermal 1,"{'application_domain': 'burn', 'family': None, 'sensing_modalities': ['multispectral', 'thermal']}",(N - (S2 * T / 10000.0)) / (N + (S2 * T / 10000.0)),"['N', 'S2', 'T']",[],{},{},{},"{'source_companions': ['VI6T', 'NBRT2', 'NBRT3'], 'source_link': 'https://doi.org/10.1080/01431160500239008', 'source_link_semantic_scholar': None, 'source_link_status': 'operational', 'source_link_type': 'doi', 'source_metadata': {'authors': ['Z. A. Holden', 'A. M. S. Smith', 'P. Morgan', 'M. G. Rollins', 'P. E. Gessler'], 'citations_metrics': {'citation_count': 95, 'date': '2026-08-18', 'overall': {'percentile': 30.03, 'percentile_similar_age': 19.57, 'rank': 221, 'rank_similar_age': 38}, 'similar_age_count': 46, 'within_application_domain': {'percentile': 58.82, 'percentile_similar_age': 60.0, 'rank': 8, 'rank_similar_age': 5}}, 'how_to_cite': {'apa': 'Z. A. Holden, A. M. S. Smith, P. Morgan, M. G. Rollins, & P. E. Gessler (2005). Evaluation of novel thermally enhanced spectral indices for mapping fire perimeters and comparisons with fire atlas data. International Journal of Remote Sensing, 26(21). https://doi.org/10.1080/01431160500239008', 'bibtex': 'ASI_NBRT1'}, 'issue': '21', 'journal': 'International Journal of Remote Sensing', 'source': 'crossref', 'title': 'Evaluation of novel thermally enhanced spectral indices for mapping fire perimeters and comparisons with fire atlas data', 'type': 'article', 'volume': '26', 'year': 2005}}",https://github.com/davemlz,2021-04-07
NBRT2,Normalized Burn Ratio Thermal 2,"{'application_domain': 'burn', 'family': None, 'sensing_modalities': ['multispectral', 'thermal']}",((N / (T / 10000.0)) - S2) / ((N / (T / 10000.0)) + S2),"['N', 'T', 'S2']",[],{},{},{},"{'source_companions': ['NBRT1', 'VI6T', 'NBRT3'], 'source_link': 'https://doi.org/10.1080/01431160500239008', 'source_link_semantic_scholar': None, 'source_link_status': 'operational', 'source_link_type': 'doi', 'source_metadata': {'authors': ['Z. A. Holden', 'A. M. S. Smith', 'P. Morgan', 'M. G. Rollins', 'P. E. Gessler'], 'citations_metrics': {'citation_count': 95, 'date': '2026-08-18', 'overall': {'percentile': 30.03, 'percentile_similar_age': 19.57, 'rank': 222, 'rank_similar_age': 39}, 'similar_age_count': 46, 'within_application_domain': {'percentile': 58.82, 'percentile_similar_age': 60.0, 'rank': 9, 'rank_similar_age': 6}}, 'how_to_cite': {'apa': 'Z. A. Holden, A. M. S. Smith, P. Morgan, M. G. Rollins, & P. E. Gessler (2005). Evaluation of novel thermally enhanced spectral indices for mapping fire perimeters and comparisons with fire atlas data. International Journal of Remote Sensing, 26(21). https://doi.org/10.1080/01431160500239008', 'bibtex': 'ASI_NBRT1'}, 'issue': '21', 'journal': 'International Journal of Remote Sensing', 'source': 'crossref', 'title': 'Evaluation of novel thermally enhanced spectral indices for mapping fire perimeters and comparisons with fire atlas data', 'type': 'article', 'volume': '26', 'year': 2005}}",https://github.com/davemlz,2022-04-19
NBRT3,Normalized Burn Ratio Thermal 3,"{'application_domain': 'burn', 'family': None, 'sensing_modalities': ['multispectral', 'thermal']}",((N - (T / 10000.0)) - S2) / ((N - (T / 10000.0)) + S2),"['N', 'T', 'S2']",[],{},{},{},"{'source_companions': ['NBRT1', 'VI6T', 'NBRT2'], 'source_link': 'https://doi.org/10.1080/01431160500239008', 'source_link_semantic_scholar': None, 'source_link_status': 'operational', 'source_link_type': 'doi', 'source_metadata': {'authors': ['Z. A. Holden', 'A. M. S. Smith', 'P. Morgan', 'M. G. Rollins', 'P. E. Gessler'], 'citations_metrics': {'citation_count': 95, 'date': '2026-08-18', 'overall': {'percentile': 30.03, 'percentile_similar_age': 19.57, 'rank': 223, 'rank_similar_age': 40}, 'similar_age_count': 46, 'within_application_domain': {'percentile': 58.82, 'percentile_similar_age': 60.0, 'rank': 10, 'rank_similar_age': 7}}, 'how_to_cite': {'apa': 'Z. A. Holden, A. M. S. Smith, P. Morgan, M. G. Rollins, & P. E. Gessler (2005). Evaluation of novel thermally enhanced spectral indices for mapping fire perimeters and comparisons with fire atlas data. International Journal of Remote Sensing, 26(21). https://doi.org/10.1080/01431160500239008', 'bibtex': 'ASI_NBRT1'}, 'issue': '21', 'journal': 'International Journal of Remote Sensing', 'source': 'crossref', 'title': 'Evaluation of novel thermally enhanced spectral indices for mapping fire perimeters and comparisons with fire atlas data', 'type': 'article', 'volume': '26', 'year': 2005}}",https://github.com/davemlz,2022-04-19
NBRplus,Normalized Burn Ratio Plus,"{'application_domain': 'burn', 'family': None, 'sensing_modalities': ['multispectral']}",(S2 - N2 - G - B)/(S2 + N2 + G + B),"['S2', 'N2', 'G', 'B']",[],{},{},{},"{'source_companions': [], 'source_link': 'https://doi.org/10.3390/rs14071727', 'source_link_semantic_scholar': None, 'source_link_status': 'operational', 'source_link_type': 'doi', 'source_metadata': {'authors': ['Emanuele Alcaras', 'Domenica Costantino', 'Francesca Guastaferro', 'Claudio Parente', 'Massimiliano Pepe'], 'citations_metrics': {'citation_count': 127, 'date': '2026-08-18', 'overall': {'percentile': 32.91, 'percentile_similar_age': 72.0, 'rank': 211, 'rank_similar_age': 15}, 'similar_age_count': 50, 'within_application_domain': {'percentile': 70.59, 'percentile_similar_age': 100.0, 'rank': 6, 'rank_similar_age': 1}}, 'how_to_cite': {'apa': 'Emanuele Alcaras, Domenica Costantino, Francesca Guastaferro, Claudio Parente, & Massimiliano Pepe (2022). Normalized Burn Ratio Plus (NBR+): A New Index for Sentinel-2 Imagery. Remote Sensing, 14(7). https://doi.org/10.3390/rs14071727', 'bibtex': 'ASI_NBRplus'}, 'issue': '7', 'journal': 'Remote Sensing', 'source': 'crossref', 'title': 'Normalized Burn Ratio Plus (NBR+): A New Index for Sentinel-2 Imagery', 'type': 'article', 'volume': '14', 'year': 2022}}",https://github.com/davemlz,2022-09-22
NBSIMS,Non-Binary Snow Index for Multi-Component Surfaces,"{'application_domain': 'snow', 'family': None, 'sensing_modalities': ['multispectral']}",0.36 * (G + R + N) - (((B + S2)/G) + S1),"['G', 'R', 'N', 'B', 'S2', 'S1']",[],{},{},{},"{'source_companions': [], 'source_link': 'https://doi.org/10.3390/rs13142777', 'source_link_semantic_scholar': None, 'source_link_status': 'operational', 'source_link_type': 'doi', 'source_metadata': {'authors': ['Mario Arreola-Esquivel', 'Carina Toxqui-Quitl', 'Maricela Delgadillo-Herrera', 'Alfonso Padilla-Vivanco', 'Gabriel Ortega-Mendoza', 'Anna Carbone'], 'citations_metrics': {'citation_count': 9, 'date': '2026-08-18', 'overall': {'percentile': 6.71, 'percentile_similar_age': 3.51, 'rank': 293, 'rank_similar_age': 56}, 'similar_age_count': 57, 'within_application_domain': {'percentile': 20.0, 'percentile_similar_age': 50.0, 'rank': 9, 'rank_similar_age': 3}}, 'how_to_cite': {'apa': 'Mario Arreola-Esquivel, Carina Toxqui-Quitl, Maricela Delgadillo-Herrera, Alfonso Padilla-Vivanco, Gabriel Ortega-Mendoza, & Anna Carbone (2021). Non-Binary Snow Index for Multi-Component Surfaces. Remote Sensing, 13(14). https://doi.org/10.3390/rs13142777', 'bibtex': 'ASI_NBSIMS'}, 'issue': '14', 'journal': 'Remote Sensing', 'source': 'crossref', 'title': 'Non-Binary Snow Index for Multi-Component Surfaces', 'type': 'article', 'volume': '13', 'year': 2021}}",https://github.com/davemlz,2022-04-09
NBUI,New Built-Up Index,"{'application_domain': 'urban', 'family': None, 'sensing_modalities': ['multispectral', 'thermal']}",((S1 - N)/(10.0 * (T + S1) ** 0.5)) - (((N - R) * (1.0 + L))/(N - R + L)) - (G - S1)/(G + S1),"['S1', 'N', 'T', 'R', 'G']",[],"{'L': {'default_value': 0.5, 'description': 'Canopy background adjustment', 'suggested_range': [0.0, 1.0], 'suggested_values': {'High density vegetation': 1.0, 'Low density vegetation': 0.0, 'Medium density vegetation': 0.5}}}",{},{},"{'source_companions': [], 'source_link': 'https://www.researchgate.net/publication/306346676_Urban_Built-up_Area_Extraction_and_Change_Detection_of_Adama_Municipal_Area_using_Time-Series_Landsat_Images', 'source_link_semantic_scholar': {'corpus_id': 22466600, 'paper_id': '702856ed6a8b14857bafa31f91b2e02d8f31126b'}, 'source_link_status': 'operational', 'source_link_type': 'other', 'source_metadata': {'authors': ['Priyakant Sinha', 'N. K. Verma', 'E. Ayele'], 'citations_metrics': {'citation_count': 78, 'date': '2026-08-19', 'overall': {'percentile': 23.96, 'percentile_similar_age': 23.68, 'rank': 240, 'rank_similar_age': 30}, 'similar_age_count': 38, 'within_application_domain': {'percentile': 31.58, 'percentile_similar_age': 40.0, 'rank': 15, 'rank_similar_age': 4}}, 'how_to_cite': {'apa': 'Priyakant Sinha, N. K. Verma, & E. Ayele (2016). Urban Built-up Area Extraction and Change Detection of Adama Municipal Area using Time-Series Landsat Images. International Journal of Advanced Remote Sensing and GIS, 5. https://www.researchgate.net/publication/306346676_Urban_Built-up_Area_Extraction_and_Change_Detection_of_Adama_Municipal_Area_using_Time-Series_Landsat_Images', 'bibtex': 'ASI_NBUI'}, 'journal': 'International Journal of Advanced Remote Sensing and GIS', 'source': 'semantic_scholar', 'title': 'Urban Built-up Area Extraction and Change Detection of Adama Municipal Area using Time-Series Landsat Images', 'volume': '5', 'year': 2016}}",https://github.com/davemlz,2022-04-18
ND705,Normalized Difference (705 and 750 nm),"{'application_domain': 'vegetation', 'family': None, 'sensing_modalities': ['multispectral']}",(RE2 - RE1)/(RE2 + RE1),"['RE2', 'RE1']",[],{},{},{},"{'source_companions': ['mSR705', 'mND705'], 'source_link': 'https://doi.org/10.1016/S0034-4257(02)00010-X', 'source_link_semantic_scholar': None, 'source_link_status': 'operational', 'source_link_type': 'doi', 'source_metadata': {'authors': ['Daniel A Sims', 'John A Gamon'], 'citations_metrics': {'citation_count': 2864, 'date': '2026-08-18', 'overall': {'percentile': 97.76, 'percentile_similar_age': 97.96, 'rank': 10, 'rank_similar_age': 4}, 'similar_age_count': 49, 'within_application_domain': {'percentile': 97.63, 'percentile_similar_age': 97.56, 'rank': 8, 'rank_similar_age': 4}}, 'how_to_cite': {'apa': 'Daniel A Sims, & John A Gamon (2002). Relationships between leaf pigment content and spectral reflectance across a wide range of species, leaf structures and developmental stages. Remote Sensing of Environment, 81(2-3). https://doi.org/10.1016/s0034-4257(02)00010-x', 'bibtex': 'ASI_ND705'}, 'issue': '2-3', 'journal': 'Remote Sensing of Environment', 'source': 'crossref', 'title': 'Relationships between leaf pigment content and spectral reflectance across a wide range of species, leaf structures and developmental stages', 'type': 'article', 'volume': '81', 'year': 2002}}",https://github.com/davemlz,2022-04-08
NDBI,Normalized Difference Built-Up Index,"{'application_domain': 'urban', 'family': None, 'sensing_modalities': ['multispectral']}",(S1 - N) / (S1 + N),"['S1', 'N']",[],{},{},{},"{'source_companions': [], 'source_link': 'http://dx.doi.org/10.1080/01431160304987', 'source_link_semantic_scholar': None, 'source_link_status': 'operational', 'source_link_type': 'doi', 'source_metadata': {'authors': ['Y. Zha', 'J. Gao', 'S. Ni'], 'citations_metrics': {'citation_count': 2432, 'date': '2026-08-18', 'overall': {'percentile': 94.89, 'percentile_similar_age': 93.22, 'rank': 17, 'rank_similar_age': 5}, 'similar_age_count': 59, 'within_application_domain': {'percentile': 100.0, 'percentile_similar_age': 100.0, 'rank': 1, 'rank_similar_age': 1}}, 'how_to_cite': {'apa': 'Y. Zha, J. Gao, & S. Ni (2003). Use of normalized difference built-up index in automatically mapping urban areas from TM imagery. International Journal of Remote Sensing, 24(3). https://doi.org/10.1080/01431160304987', 'bibtex': 'ASI_NDBI'}, 'issue': '3', 'journal': 'International Journal of Remote Sensing', 'source': 'crossref', 'title': 'Use of normalized difference built-up index in automatically mapping urban areas from TM imagery', 'type': 'article', 'volume': '24', 'year': 2003}}",https://github.com/davemlz,2021-05-14
NDBaI,Normalized Difference Bareness Index,"{'application_domain': 'soil', 'family': None, 'sensing_modalities': ['multispectral', 'thermal']}",(S1 - T) / (S1 + T),"['S1', 'T']",[],{},{},{},"{'source_companions': [], 'source_link': 'https://doi.org/10.1109/IGARSS.2005.1526319', 'source_link_semantic_scholar': None, 'source_link_status': 'operational', 'source_link_type': 'doi', 'source_metadata': {'authors': ['Hongmei Zhao', 'Xiaoling Chen'], 'citations_metrics': {'citation_count': 100, 'date': '2026-08-18', 'overall': {'percentile': 31.31, 'percentile_similar_age': None, 'rank': 217, 'rank_similar_age': None}, 'similar_age_count': 0, 'within_application_domain': {'percentile': 41.18, 'percentile_similar_age': None, 'rank': 11, 'rank_similar_age': None}}, 'how_to_cite': {'apa': ""Hongmei Zhao, & Xiaoling Chen (n.d.). Use of normalized difference bareness index in quickly mapping bare areas from TM/ETM+. Proceedings. 2005 IEEE International Geoscience and Remote Sensing Symposium, 2005. IGARSS '05., 3. https://doi.org/10.1109/igarss.2005.1526319"", 'bibtex': 'ASI_NDBaI'}, 'journal': ""Proceedings. 2005 IEEE International Geoscience and Remote Sensing Symposium, 2005. IGARSS '05."", 'source': 'crossref', 'title': 'Use of normalized difference bareness index in quickly mapping bare areas from TM/ETM+', 'type': 'conference_paper', 'volume': '3'}}",https://github.com/davemlz,2021-09-17
NDCI,Normalized Difference Chlorophyll Index,"{'application_domain': 'water', 'family': None, 'sensing_modalities': ['multispectral']}",(RE1 - R)/(RE1 + R),"['RE1', 'R']",[],{},{},{},"{'source_companions': [], 'source_link': 'https://doi.org/10.1016/j.rse.2011.10.016', 'source_link_semantic_scholar': None, 'source_link_status': 'operational', 'source_link_type': 'doi', 'source_metadata': {'authors': ['Sachidananda Mishra', 'Deepak R. Mishra'], 'citations_metrics': {'citation_count': 708, 'date': '2026-08-18', 'overall': {'percentile': 75.4, 'percentile_similar_age': 92.59, 'rank': 78, 'rank_similar_age': 3}, 'similar_age_count': 27, 'within_application_domain': {'percentile': 80.65, 'percentile_similar_age': 50.0, 'rank': 7, 'rank_similar_age': 3}}, 'how_to_cite': {'apa': 'Sachidananda Mishra, & Deepak R. Mishra (2012). Normalized difference chlorophyll index: A novel model for remote estimation of chlorophyll-a concentration in turbid productive waters. Remote Sensing of Environment, 117. https://doi.org/10.1016/j.rse.2011.10.016', 'bibtex': 'ASI_NDCI'}, 'journal': 'Remote Sensing of Environment', 'source': 'crossref', 'title': 'Normalized difference chlorophyll index: A novel model for remote estimation of chlorophyll-a concentration in turbid productive waters', 'type': 'article', 'volume': '117', 'year': 2012}}",https://github.com/kalab-oto,2022-10-10
NDDI,Normalized Difference Drought Index,"{'application_domain': 'vegetation', 'family': None, 'sensing_modalities': ['multispectral']}",(((N - R)/(N + R)) - ((G - N)/(G + N)))/(((N - R)/(N + R)) + ((G - N)/(G + N))),"['N', 'R', 'G']",[],{},{},{},"{'source_companions': [], 'source_link': 'https://doi.org/10.1029/2006GL029127', 'source_link_semantic_scholar': None, 'source_link_status': 'operational', 'source_link_type': 'doi', 'source_metadata': {'authors': ['Yingxin Gu', 'Jesslyn F. Brown', 'James P. Verdin', 'Brian Wardlow'], 'citations_metrics': {'citation_count': 498, 'date': '2026-08-18', 'overall': {'percentile': 65.18, 'percentile_similar_age': 77.5, 'rank': 110, 'rank_similar_age': 10}, 'similar_age_count': 40, 'within_application_domain': {'percentile': 53.08, 'percentile_similar_age': 73.91, 'rank': 100, 'rank_similar_age': 7}}, 'how_to_cite': {'apa': 'Yingxin Gu, Jesslyn F. Brown, James P. Verdin, & Brian Wardlow (2007). A five‐year analysis of MODIS NDVI and NDWI for grassland drought assessment over the central Great Plains of the United States. Geophysical Research Letters, 34(6). https://doi.org/10.1029/2006gl029127', 'bibtex': 'ASI_NDDI'}, 'issue': '6', 'journal': 'Geophysical Research Letters', 'source': 'crossref', 'title': 'A five‐year analysis of MODIS NDVI and NDWI for grassland drought assessment over the central Great Plains of the United States', 'type': 'article', 'volume': '34', 'year': 2007}}",https://github.com/davemlz,2021-04-07
NDGI,Normalized Difference Greenness Index,"{'application_domain': 'vegetation', 'family': None, 'sensing_modalities': ['multispectral']}",(((lambdaN - lambdaR)/(lambdaN - lambdaG)) * G + (1.0 - ((lambdaN - lambdaR)/(lambdaN - lambdaG))) * N - R)/(((lambdaN - lambdaR)/(lambdaN - lambdaG)) * G + (1.0 - ((lambdaN - lambdaR)/(lambdaN - lambdaG))) * N + R),"['G', 'N', 'R']",[],"{'lambdaG': {'description': 'Green central wavelength (nm)'}, 'lambdaN': {'description': 'NIR central wavelength (nm)'}, 'lambdaR': {'description': 'Red central wavelength (nm)'}}",{},{},"{'source_companions': ['DVIplus'], 'source_link': 'https://doi.org/10.1016/j.rse.2019.03.028', 'source_link_semantic_scholar': None, 'source_link_status': 'operational', 'source_link_type': 'doi', 'source_metadata': {'authors': ['Wei Yang', 'Hideki Kobayashi', 'Cong Wang', 'Miaogen Shen', 'Jin Chen', 'Bunkei Matsushita', 'Yanhong Tang', 'Yongwon Kim', 'M. Syndonia Bret-Harte', 'Donatella Zona', 'Walter Oechel', 'Akihiko Kondoh'], 'citations_metrics': {'citation_count': 74, 'date': '2026-08-18', 'overall': {'percentile': 22.36, 'percentile_similar_age': 35.29, 'rank': 245, 'rank_similar_age': 46}, 'similar_age_count': 68, 'within_application_domain': {'percentile': 18.48, 'percentile_similar_age': 44.12, 'rank': 174, 'rank_similar_age': 21}}, 'how_to_cite': {'apa': 'Wei Yang, Hideki Kobayashi, Cong Wang, Miaogen Shen, Jin Chen, Bunkei Matsushita, Yanhong Tang, Yongwon Kim, M. Syndonia Bret-Harte, Donatella Zona, Walter Oechel, & Akihiko Kondoh (2019). A semi-analytical snow-free vegetation index for improving estimation of plant phenology in tundra and grassland ecosystems. Remote Sensing of Environment, 228. https://doi.org/10.1016/j.rse.2019.03.028', 'bibtex': 'ASI_DVIplus'}, 'journal': 'Remote Sensing of Environment', 'source': 'crossref', 'title': 'A semi-analytical snow-free vegetation index for improving estimation of plant phenology in tundra and grassland ecosystems', 'type': 'article', 'volume': '228', 'year': 2019}}",https://github.com/davemlz,2022-01-20
NDGlaI,Normalized Difference Glacier Index,"{'application_domain': 'snow', 'family': None, 'sensing_modalities': ['multispectral']}",(G - R)/(G + R),"['G', 'R']",[],{},{},{},"{'source_companions': ['NDSII'], 'source_link': 'https://doi.org/10.1080/01431160802385459', 'source_link_semantic_scholar': None, 'source_link_status': 'operational', 'source_link_type': 'doi', 'source_metadata': {'authors': ['A. K. Keshri', 'A. Shukla', 'R. P. Gupta'], 'citations_metrics': {'citation_count': 94, 'date': '2026-08-18', 'overall': {'percentile': 28.12, 'percentile_similar_age': 24.32, 'rank': 226, 'rank_similar_age': 29}, 'similar_age_count': 37, 'within_application_domain': {'percentile': 80.0, 'percentile_similar_age': 100.0, 'rank': 3, 'rank_similar_age': 1}}, 'how_to_cite': {'apa': 'A. K. Keshri, A. Shukla, & R. P. Gupta (2009). ASTER ratio indices for supraglacial terrain mapping. International Journal of Remote Sensing, 30(2). https://doi.org/10.1080/01431160802385459', 'bibtex': 'ASI_NDGlaI'}, 'issue': '2', 'journal': 'International Journal of Remote Sensing', 'source': 'crossref', 'title': 'ASTER ratio indices for supraglacial terrain mapping', 'type': 'article', 'volume': '30', 'year': 2009}}",https://github.com/davemlz,2022-04-08
NDII,Normalized Difference Infrared Index,"{'application_domain': 'vegetation', 'family': None, 'sensing_modalities': ['multispectral']}",(N - S1)/(N + S1),"['N', 'S1']",[],{},{},{},"{'source_companions': [], 'source_link': 'https://www.asprs.org/wp-content/uploads/pers/1983journal/jan/1983_jan_77-83.pdf', 'source_link_semantic_scholar': None, 'source_link_status': 'down', 'source_link_type': 'other', 'source_metadata': {}}",https://github.com/davemlz,2022-01-20
NDISI,Normalized Difference Ice-Snow Index,"{'application_domain': 'snow', 'family': None, 'sensing_modalities': ['hyperspectral']}",(R1080_1120 - R1760_1800)/(R1080_1120 + R1760_1800),"['R1080_1120', 'R1760_1800']",[],{},{},{},"{'source_companions': [], 'source_link': 'https://doi.org/10.1029/2021JD035742', 'source_link_semantic_scholar': None, 'source_link_status': 'operational', 'source_link_type': 'doi', 'source_metadata': {'authors': ['Wenzheng Ji', 'Xiaohua Hao', 'Donghang Shao', 'Qian Yang', 'Jian Wang', 'Hongyi Li', 'Guanghui Huang'], 'citations_metrics': {'citation_count': 8, 'date': '2026-08-18', 'overall': {'percentile': 6.39, 'percentile_similar_age': 18.0, 'rank': 294, 'rank_similar_age': 42}, 'similar_age_count': 50, 'within_application_domain': {'percentile': 10.0, 'percentile_similar_age': 33.33, 'rank': 10, 'rank_similar_age': 3}}, 'how_to_cite': {'apa': 'Wenzheng Ji, Xiaohua Hao, Donghang Shao, Qian Yang, Jian Wang, Hongyi Li, & Guanghui Huang (2022). A New Index for Snow/Ice/Ice‐Snow Discrimination Based on BRDF Characteristic Observation Data. Journal of Geophysical Research: Atmospheres, 127(3). https://doi.org/10.1029/2021jd035742', 'bibtex': 'ASI_NDISI'}, 'issue': '3', 'journal': 'Journal of Geophysical Research: Atmospheres', 'source': 'crossref', 'title': 'A New Index for Snow/Ice/Ice‐Snow Discrimination Based on BRDF Characteristic Observation Data', 'type': 'article', 'volume': '127', 'year': 2022}}",https://github.com/MartinuzziFrancesco,2026-08-09
NDISIb,Normalized Difference Impervious Surface Index Blue,"{'application_domain': 'urban', 'family': None, 'sensing_modalities': ['multispectral', 'thermal']}",(T - (B + N + S1) / 3.0)/(T + (B + N + S1) / 3.0),"['T', 'B', 'N', 'S1']",[],{},{},{},"{'source_companions': ['NDISIr', 'NDISIg', 'NDISIndwi', 'NDISImndwi'], 'source_link': 'https://doi.org/10.14358/PERS.76.5.557', 'source_link_semantic_scholar': None, 'source_link_status': 'operational', 'source_link_type': 'doi', 'source_metadata': {'authors': ['Hanqiu Xu'], 'citations_metrics': {'citation_count': 339, 'date': '2026-08-18', 'overall': {'percentile': 56.87, 'percentile_similar_age': 72.73, 'rank': 136, 'rank_similar_age': 10}, 'similar_age_count': 33, 'within_application_domain': {'percentile': 89.47, 'percentile_similar_age': 90.91, 'rank': 3, 'rank_similar_age': 2}}, 'how_to_cite': {'apa': 'Hanqiu Xu (2010). Analysis of Impervious Surface and its Impact on Urban Heat Environment using the Normalized Difference Impervious Surface Index (NDISI). Photogrammetric Engineering &amp; Remote Sensing, 76(5). https://doi.org/10.14358/pers.76.5.557', 'bibtex': 'ASI_NDISIb'}, 'issue': '5', 'journal': 'Photogrammetric Engineering &amp; Remote Sensing', 'source': 'crossref', 'title': 'Analysis of Impervious Surface and its Impact on Urban Heat Environment using the Normalized Difference Impervious Surface Index (NDISI)', 'type': 'article', 'volume': '76', 'year': 2010}}",https://github.com/davemlz,2022-04-18
NDISIg,Normalized Difference Impervious Surface Index Green,"{'application_domain': 'urban', 'family': None, 'sensing_modalities': ['multispectral', 'thermal']}",(T - (G + N + S1) / 3.0)/(T + (G + N + S1) / 3.0),"['T', 'G', 'N', 'S1']",[],{},{},{},"{'source_companions': ['NDISIr', 'NDISIb', 'NDISIndwi', 'NDISImndwi'], 'source_link': 'https://doi.org/10.14358/PERS.76.5.557', 'source_link_semantic_scholar': None, 'source_link_status': 'operational', 'source_link_type': 'doi', 'source_metadata': {'authors': ['Hanqiu Xu'], 'citations_metrics': {'citation_count': 339, 'date': '2026-08-18', 'overall': {'percentile': 56.87, 'percentile_similar_age': 72.73, 'rank': 137, 'rank_similar_age': 11}, 'similar_age_count': 33, 'within_application_domain': {'percentile': 89.47, 'percentile_similar_age': 90.91, 'rank': 4, 'rank_similar_age': 3}}, 'how_to_cite': {'apa': 'Hanqiu Xu (2010). Analysis of Impervious Surface and its Impact on Urban Heat Environment using the Normalized Difference Impervious Surface Index (NDISI). Photogrammetric Engineering &amp; Remote Sensing, 76(5). https://doi.org/10.14358/pers.76.5.557', 'bibtex': 'ASI_NDISIb'}, 'issue': '5', 'journal': 'Photogrammetric Engineering &amp; Remote Sensing', 'source': 'crossref', 'title': 'Analysis of Impervious Surface and its Impact on Urban Heat Environment using the Normalized Difference Impervious Surface Index (NDISI)', 'type': 'article', 'volume': '76', 'year': 2010}}",https://github.com/davemlz,2022-04-18
NDISImndwi,Normalized Difference Impervious Surface Index with MNDWI,"{'application_domain': 'urban', 'family': None, 'sensing_modalities': ['multispectral', 'thermal']}",(T - (((G - S1)/(G + S1)) + N + S1) / 3.0)/(T + (((G - S1)/(G + S1)) + N + S1) / 3.0),"['T', 'G', 'S1', 'N']",[],{},{},{},"{'source_companions': ['NDISIr', 'NDISIg', 'NDISIb', 'NDISIndwi'], 'source_link': 'https://doi.org/10.14358/PERS.76.5.557', 'source_link_semantic_scholar': None, 'source_link_status': 'operational', 'source_link_type': 'doi', 'source_metadata': {'authors': ['Hanqiu Xu'], 'citations_metrics': {'citation_count': 339, 'date': '2026-08-18', 'overall': {'percentile': 56.87, 'percentile_similar_age': 72.73, 'rank': 138, 'rank_similar_age': 12}, 'similar_age_count': 33, 'within_application_domain': {'percentile': 89.47, 'percentile_similar_age': 90.91, 'rank': 5, 'rank_similar_age': 4}}, 'how_to_cite': {'apa': 'Hanqiu Xu (2010). Analysis of Impervious Surface and its Impact on Urban Heat Environment using the Normalized Difference Impervious Surface Index (NDISI). Photogrammetric Engineering &amp; Remote Sensing, 76(5). https://doi.org/10.14358/pers.76.5.557', 'bibtex': 'ASI_NDISIb'}, 'issue': '5', 'journal': 'Photogrammetric Engineering &amp; Remote Sensing', 'source': 'crossref', 'title': 'Analysis of Impervious Surface and its Impact on Urban Heat Environment using the Normalized Difference Impervious Surface Index (NDISI)', 'type': 'article', 'volume': '76', 'year': 2010}}",https://github.com/davemlz,2022-04-18
NDISIndwi,Normalized Difference Impervious Surface Index with NDWI,"{'application_domain': 'urban', 'family': None, 'sensing_modalities': ['multispectral', 'thermal']}",(T - (((G - N)/(G + N)) + N + S1) / 3.0)/(T + (((G - N)/(G + N)) + N + S1) / 3.0),"['T', 'G', 'N', 'S1']",[],{},{},{},"{'source_companions': ['NDISIr', 'NDISIg', 'NDISIb', 'NDISImndwi'], 'source_link': 'https://doi.org/10.14358/PERS.76.5.557', 'source_link_semantic_scholar': None, 'source_link_status': 'operational', 'source_link_type': 'doi', 'source_metadata': {'authors': ['Hanqiu Xu'], 'citations_metrics': {'citation_count': 339, 'date': '2026-08-18', 'overall': {'percentile': 56.87, 'percentile_similar_age': 72.73, 'rank': 139, 'rank_similar_age': 13}, 'similar_age_count': 33, 'within_application_domain': {'percentile': 89.47, 'percentile_similar_age': 90.91, 'rank': 6, 'rank_similar_age': 5}}, 'how_to_cite': {'apa': 'Hanqiu Xu (2010). Analysis of Impervious Surface and its Impact on Urban Heat Environment using the Normalized Difference Impervious Surface Index (NDISI). Photogrammetric Engineering &amp; Remote Sensing, 76(5). https://doi.org/10.14358/pers.76.5.557', 'bibtex': 'ASI_NDISIb'}, 'issue': '5', 'journal': 'Photogrammetric Engineering &amp; Remote Sensing', 'source': 'crossref', 'title': 'Analysis of Impervious Surface and its Impact on Urban Heat Environment using the Normalized Difference Impervious Surface Index (NDISI)', 'type': 'article', 'volume': '76', 'year': 2010}}",https://github.com/davemlz,2022-04-18
NDISIr,Normalized Difference Impervious Surface Index Red,"{'application_domain': 'urban', 'family': None, 'sensing_modalities': ['multispectral', 'thermal']}",(T - (R + N + S1) / 3.0)/(T + (R + N + S1) / 3.0),"['T', 'R', 'N', 'S1']",[],{},{},{},"{'source_companions': ['NDISIg', 'NDISIb', 'NDISIndwi', 'NDISImndwi'], 'source_link': 'https://doi.org/10.14358/PERS.76.5.557', 'source_link_semantic_scholar': None, 'source_link_status': 'operational', 'source_link_type': 'doi', 'source_metadata': {'authors': ['Hanqiu Xu'], 'citations_metrics': {'citation_count': 339, 'date': '2026-08-18', 'overall': {'percentile': 56.87, 'percentile_similar_age': 72.73, 'rank': 140, 'rank_similar_age': 14}, 'similar_age_count': 33, 'within_application_domain': {'percentile': 89.47, 'percentile_similar_age': 90.91, 'rank': 7, 'rank_similar_age': 6}}, 'how_to_cite': {'apa': 'Hanqiu Xu (2010). Analysis of Impervious Surface and its Impact on Urban Heat Environment using the Normalized Difference Impervious Surface Index (NDISI). Photogrammetric Engineering &amp; Remote Sensing, 76(5). https://doi.org/10.14358/pers.76.5.557', 'bibtex': 'ASI_NDISIb'}, 'issue': '5', 'journal': 'Photogrammetric Engineering &amp; Remote Sensing', 'source': 'crossref', 'title': 'Analysis of Impervious Surface and its Impact on Urban Heat Environment using the Normalized Difference Impervious Surface Index (NDISI)', 'type': 'article', 'volume': '76', 'year': 2010}}",https://github.com/davemlz,2022-04-18
NDLI,Normalized Difference Lignin Index,"{'application_domain': 'vegetation', 'family': None, 'sensing_modalities': ['hyperspectral']}",(log(1.0 / R1754) - log(1.0 / R1680))/(log(1.0 / R1754) + log(1.0 / R1680)),"['R1754', 'R1680']",[],{},{},{},"{'source_companions': ['NDNI'], 'source_link': 'https://doi.org/10.1016/S0034-4257(02)00011-1', 'source_link_semantic_scholar': None, 'source_link_status': 'operational', 'source_link_type': 'doi', 'source_metadata': {'authors': ['Lydia Serrano', 'Josep Peñuelas', 'Susan L Ustin'], 'citations_metrics': {'citation_count': 409, 'date': '2026-08-18', 'overall': {'percentile': 59.11, 'percentile_similar_age': 36.73, 'rank': 129, 'rank_similar_age': 32}, 'similar_age_count': 49, 'within_application_domain': {'percentile': 45.5, 'percentile_similar_age': 31.71, 'rank': 116, 'rank_similar_age': 29}}, 'how_to_cite': {'apa': 'Lydia Serrano, Josep Peñuelas, & Susan L Ustin (2002). Remote sensing of nitrogen and lignin in Mediterranean vegetation from AVIRIS data. Remote Sensing of Environment, 81(2-3). https://doi.org/10.1016/s0034-4257(02)00011-1', 'bibtex': 'ASI_NDLI'}, 'issue': '2-3', 'journal': 'Remote Sensing of Environment', 'source': 'crossref', 'title': 'Remote sensing of nitrogen and lignin in Mediterranean vegetation from AVIRIS data', 'type': 'article', 'volume': '81', 'year': 2002}}",https://github.com/MartinuzziFrancesco,2026-08-08
NDMI,Normalized Difference Moisture Index,"{'application_domain': 'vegetation', 'family': None, 'sensing_modalities': ['multispectral']}",(N - S1)/(N + S1),"['N', 'S1']",[],{},{},{},"{'source_companions': [], 'source_link': 'https://doi.org/10.1016/S0034-4257(01)00318-2', 'source_link_semantic_scholar': None, 'source_link_status': 'operational', 'source_link_type': 'doi', 'source_metadata': {'authors': ['Emily Hoffhine Wilson', 'Steven A Sader'], 'citations_metrics': {'citation_count': 685, 'date': '2026-08-18', 'overall': {'percentile': 75.08, 'percentile_similar_age': 46.94, 'rank': 79, 'rank_similar_age': 27}, 'similar_age_count': 49, 'within_application_domain': {'percentile': 66.82, 'percentile_similar_age': 41.46, 'rank': 71, 'rank_similar_age': 25}}, 'how_to_cite': {'apa': 'Emily Hoffhine Wilson, & Steven A Sader (2002). Detection of forest harvest type using multiple dates of Landsat TM imagery. Remote Sensing of Environment, 80(3). https://doi.org/10.1016/s0034-4257(01)00318-2', 'bibtex': 'ASI_NDMI'}, 'issue': '3', 'journal': 'Remote Sensing of Environment', 'source': 'crossref', 'title': 'Detection of forest harvest type using multiple dates of Landsat TM imagery', 'type': 'article', 'volume': '80', 'year': 2002}}",https://github.com/bpurinton,2021-12-01
NDNI,Normalized Difference Nitrogen Index,"{'application_domain': 'vegetation', 'family': None, 'sensing_modalities': ['hyperspectral']}",(log(1.0 / R1510) - log(1.0 / R1680))/(log(1.0 / R1510) + log(1.0 / R1680)),"['R1510', 'R1680']",[],{},{},{},"{'source_companions': ['NDLI'], 'source_link': 'https://doi.org/10.1016/S0034-4257(02)00011-1', 'source_link_semantic_scholar': None, 'source_link_status': 'operational', 'source_link_type': 'doi', 'source_metadata': {'authors': ['Lydia Serrano', 'Josep Peñuelas', 'Susan L Ustin'], 'citations_metrics': {'citation_count': 409, 'date': '2026-08-18', 'overall': {'percentile': 59.11, 'percentile_similar_age': 36.73, 'rank': 130, 'rank_similar_age': 33}, 'similar_age_count': 49, 'within_application_domain': {'percentile': 45.5, 'percentile_similar_age': 31.71, 'rank': 117, 'rank_similar_age': 30}}, 'how_to_cite': {'apa': 'Lydia Serrano, Josep Peñuelas, & Susan L Ustin (2002). Remote sensing of nitrogen and lignin in Mediterranean vegetation from AVIRIS data. Remote Sensing of Environment, 81(2-3). https://doi.org/10.1016/s0034-4257(02)00011-1', 'bibtex': 'ASI_NDLI'}, 'issue': '2-3', 'journal': 'Remote Sensing of Environment', 'source': 'crossref', 'title': 'Remote sensing of nitrogen and lignin in Mediterranean vegetation from AVIRIS data', 'type': 'article', 'volume': '81', 'year': 2002}}",https://github.com/MartinuzziFrancesco,2026-08-08
NDPI,Normalized Difference Phenology Index,"{'application_domain': 'vegetation', 'family': None, 'sensing_modalities': ['multispectral']}",(N - (alpha * R + (1.0 - alpha) * S1))/(N + (alpha * R + (1.0 - alpha) * S1)),"['N', 'R', 'S1']",[],"{'alpha': {'default_value': 0.74, 'description': 'Weighting coefficient', 'suggested_range': [0.0, 1.0]}}",{},{},"{'source_companions': [], 'source_link': 'https://doi.org/10.1016/j.rse.2017.04.031', 'source_link_semantic_scholar': None, 'source_link_status': 'operational', 'source_link_type': 'doi', 'source_metadata': {'authors': ['Cong Wang', 'Jin Chen', 'Jin Wu', 'Yanhong Tang', 'Peijun Shi', 'T. Andrew Black', 'Kai Zhu'], 'citations_metrics': {'citation_count': 178, 'date': '2026-08-18', 'overall': {'percentile': 44.09, 'percentile_similar_age': 70.59, 'rank': 176, 'rank_similar_age': 16}, 'similar_age_count': 51, 'within_application_domain': {'percentile': 30.33, 'percentile_similar_age': 54.55, 'rank': 148, 'rank_similar_age': 11}}, 'how_to_cite': {'apa': 'Cong Wang, Jin Chen, Jin Wu, Yanhong Tang, Peijun Shi, T. Andrew Black, & Kai Zhu (2017). A snow-free vegetation index for improved monitoring of vegetation spring green-up date in deciduous ecosystems. Remote Sensing of Environment, 196. https://doi.org/10.1016/j.rse.2017.04.031', 'bibtex': 'ASI_NDPI'}, 'journal': 'Remote Sensing of Environment', 'source': 'crossref', 'title': 'A snow-free vegetation index for improved monitoring of vegetation spring green-up date in deciduous ecosystems', 'type': 'article', 'volume': '196', 'year': 2017}}",https://github.com/davemlz,2022-01-20
NDPolI,Normalized Difference Polarization Index,"{'application_domain': 'geology', 'family': ['radar'], 'sensing_modalities': ['radar']}",(VV - VH)/(VV + VH),[],"['VV', 'VH']",{},{},{},"{'source_companions': [], 'source_link': 'https://www.isprs.org/proceedings/XXXVII/congress/4_pdf/267.pdf', 'source_link_semantic_scholar': {'corpus_id': 8824779, 'paper_id': '6b064bc14e76cb57a40b4f14a3b61630a1d6a26a'}, 'source_link_status': 'operational', 'source_link_type': 'other', 'source_metadata': {'authors': ['Cao Yun-gang', 'Yan Li-juan', 'Zheng Ze-zhong'], 'citations_metrics': {'citation_count': 23, 'date': '2026-08-19', 'overall': {'percentile': 11.82, 'percentile_similar_age': 2.94, 'rank': 277, 'rank_similar_age': 34}, 'similar_age_count': 34, 'within_application_domain': {'percentile': 100.0, 'percentile_similar_age': 100.0, 'rank': 1, 'rank_similar_age': 1}}, 'how_to_cite': {'apa': 'Cao Yun-gang, Yan Li-juan, & Zheng Ze-zhong (2008). EXTRACTION OF INFORMATION ON GEOLOGY HAZARD FROM MULTI-POLARIZATION SAR IMAGES. https://www.isprs.org/proceedings/XXXVII/congress/4_pdf/267.pdf', 'bibtex': 'ASI_NDPolI'}, 'source': 'semantic_scholar', 'title': 'EXTRACTION OF INFORMATION ON GEOLOGY HAZARD FROM MULTI-POLARIZATION SAR IMAGES', 'year': 2008}}",https://github.com/davemlz,2022-04-19
NDPonI,Normalized Difference Pond Index,"{'application_domain': 'water', 'family': None, 'sensing_modalities': ['multispectral']}",(S1-G)/(S1+G),"['S1', 'G']",[],{},{},{},"{'source_companions': ['NDTI'], 'source_link': 'https://doi.org/10.1016/j.rse.2006.07.012', 'source_link_semantic_scholar': None, 'source_link_status': 'operational', 'source_link_type': 'doi', 'source_metadata': {'authors': ['J.P. Lacaux', 'Y.M. Tourre', 'C. Vignolles', 'J.A. Ndione', 'M. Lafaye'], 'citations_metrics': {'citation_count': 426, 'date': '2026-08-18', 'overall': {'percentile': 59.74, 'percentile_similar_age': 72.5, 'rank': 127, 'rank_similar_age': 12}, 'similar_age_count': 40, 'within_application_domain': {'percentile': 74.19, 'percentile_similar_age': 50.0, 'rank': 9, 'rank_similar_age': 3}}, 'how_to_cite': {'apa': 'J.P. Lacaux, Y.M. Tourre, C. Vignolles, J.A. Ndione, & M. Lafaye (2007). Classification of ponds from high-spatial resolution remote sensing: Application to Rift Valley Fever epidemics in Senegal. Remote Sensing of Environment, 106(1). https://doi.org/10.1016/j.rse.2006.07.012', 'bibtex': 'ASI_NDPonI'}, 'issue': '1', 'journal': 'Remote Sensing of Environment', 'source': 'crossref', 'title': 'Classification of ponds from high-spatial resolution remote sensing: Application to Rift Valley Fever epidemics in Senegal', 'type': 'article', 'volume': '106', 'year': 2007}}",https://github.com/CvenGeo,2022-10-03
NDREI,Normalized Difference Red Edge Index,"{'application_domain': 'vegetation', 'family': None, 'sensing_modalities': ['multispectral']}",(N - RE1) / (N + RE1),"['N', 'RE1']",[],{},{},{},"{'source_companions': [], 'source_link': 'https://doi.org/10.1016/1011-1344(93)06963-4', 'source_link_semantic_scholar': None, 'source_link_status': 'operational', 'source_link_type': 'doi', 'source_metadata': {'authors': ['Anatoly Gitelson', 'Mark N. Merzlyak'], 'citations_metrics': {'citation_count': 785, 'date': '2026-08-18', 'overall': {'percentile': 79.55, 'percentile_similar_age': 31.03, 'rank': 65, 'rank_similar_age': 21}, 'similar_age_count': 29, 'within_application_domain': {'percentile': 72.99, 'percentile_similar_age': 32.14, 'rank': 58, 'rank_similar_age': 20}}, 'how_to_cite': {'apa': 'Anatoly Gitelson, & Mark N. Merzlyak (1994). Quantitative estimation of chlorophyll-a using reflectance spectra: Experiments with autumn chestnut and maple leaves. Journal of Photochemistry and Photobiology B: Biology, 22(3). https://doi.org/10.1016/1011-1344(93)06963-4', 'bibtex': 'ASI_NDREI'}, 'issue': '3', 'journal': 'Journal of Photochemistry and Photobiology B: Biology', 'source': 'crossref', 'title': 'Quantitative estimation of chlorophyll-a using reflectance spectra: Experiments with autumn chestnut and maple leaves', 'type': 'article', 'volume': '22', 'year': 1994}}",https://github.com/davemlz,2021-05-13
NDSI,Normalized Difference Snow Index,"{'application_domain': 'snow', 'family': None, 'sensing_modalities': ['multispectral']}",(G - S1) / (G + S1),"['G', 'S1']",[],{},{},{},"{'source_companions': [], 'source_link': 'https://doi.org/10.1109/IGARSS.1994.399618', 'source_link_semantic_scholar': None, 'source_link_status': 'operational', 'source_link_type': 'doi', 'source_metadata': {'authors': ['G.A. Riggs', 'D.K. Hall', 'V.V. Salomonson'], 'citations_metrics': {'citation_count': 54, 'date': '2026-08-18', 'overall': {'percentile': 19.81, 'percentile_similar_age': None, 'rank': 252, 'rank_similar_age': None}, 'similar_age_count': 0, 'within_application_domain': {'percentile': 60.0, 'percentile_similar_age': None, 'rank': 5, 'rank_similar_age': None}}, 'how_to_cite': {'apa': ""G.A. Riggs, D.K. Hall, & V.V. Salomonson (n.d.). A snow index for the Landsat Thematic Mapper and Moderate Resolution Imaging Spectroradiometer. Proceedings of IGARSS '94 - 1994 IEEE International Geoscience and Remote Sensing Symposium, 4. https://doi.org/10.1109/igarss.1994.399618"", 'bibtex': 'ASI_NDSI'}, 'journal': ""Proceedings of IGARSS '94 - 1994 IEEE International Geoscience and Remote Sensing Symposium"", 'source': 'crossref', 'title': 'A snow index for the Landsat Thematic Mapper and Moderate Resolution Imaging Spectroradiometer', 'type': 'conference_paper', 'volume': '4'}}",https://github.com/davemlz,2021-04-07
NDSII,Normalized Difference Snow Ice Index,"{'application_domain': 'snow', 'family': None, 'sensing_modalities': ['multispectral']}",(G - N)/(G + N),"['G', 'N']",[],{},{},{},"{'source_companions': ['NDGlaI'], 'source_link': 'https://doi.org/10.1080/01431160802385459', 'source_link_semantic_scholar': None, 'source_link_status': 'operational', 'source_link_type': 'doi', 'source_metadata': {'authors': ['A. K. Keshri', 'A. Shukla', 'R. P. Gupta'], 'citations_metrics': {'citation_count': 94, 'date': '2026-08-18', 'overall': {'percentile': 28.12, 'percentile_similar_age': 24.32, 'rank': 227, 'rank_similar_age': 30}, 'similar_age_count': 37, 'within_application_domain': {'percentile': 80.0, 'percentile_similar_age': 100.0, 'rank': 4, 'rank_similar_age': 2}}, 'how_to_cite': {'apa': 'A. K. Keshri, A. Shukla, & R. P. Gupta (2009). ASTER ratio indices for supraglacial terrain mapping. International Journal of Remote Sensing, 30(2). https://doi.org/10.1080/01431160802385459', 'bibtex': 'ASI_NDGlaI'}, 'issue': '2', 'journal': 'International Journal of Remote Sensing', 'source': 'crossref', 'title': 'ASTER ratio indices for supraglacial terrain mapping', 'type': 'article', 'volume': '30', 'year': 2009}}",https://github.com/davemlz,2022-04-08
NDSIITM,Normalized Difference Snow/Ice Index for Landsat TM,"{'application_domain': 'snow', 'family': None, 'sensing_modalities': ['multispectral']}",(R - S1)/(R + S1),"['R', 'S1']",[],{},{},{},"{'source_companions': ['NDSaII'], 'source_link': 'https://doi.org/10.1080/01431160119766', 'source_link_semantic_scholar': None, 'source_link_status': 'operational', 'source_link_type': 'doi', 'source_metadata': {'authors': ['Xiangming Xiao', 'Zhenxi Shen', 'Xiaoguan Qin'], 'citations_metrics': {'citation_count': 96, 'date': '2026-08-18', 'overall': {'percentile': 30.67, 'percentile_similar_age': 14.63, 'rank': 219, 'rank_similar_age': 37}, 'similar_age_count': 41, 'within_application_domain': {'percentile': 100.0, 'percentile_similar_age': 100.0, 'rank': 2, 'rank_similar_age': 2}}, 'how_to_cite': {'apa': 'Xiangming Xiao, Zhenxi Shen, & Xiaoguan Qin (2001). Assessing the potential of VEGETATION sensor data for mapping snow and ice cover: A Normalized Difference Snow and Ice Index. International Journal of Remote Sensing, 22(13). https://doi.org/10.1080/01431160119766', 'bibtex': 'ASI_NDSIITM'}, 'issue': '13', 'journal': 'International Journal of Remote Sensing', 'source': 'crossref', 'title': 'Assessing the potential of VEGETATION sensor data for mapping snow and ice cover: A Normalized Difference Snow and Ice Index', 'type': 'article', 'volume': '22', 'year': 2001}}",https://github.com/davemlz,2026-01-10
NDSIWV,WorldView Normalized Difference Soil Index,"{'application_domain': 'soil', 'family': None, 'sensing_modalities': ['multispectral']}",(G - Y)/(G + Y),"['G', 'Y']",[],{},{},{},"{'source_companions': ['NHFD'], 'source_link': 'https://doi.org/10.1117/12.917717', 'source_link_semantic_scholar': {'corpus_id': 55635449, 'paper_id': '5e5063ccc4ee76b56b721c866e871d47a77f9fb4'}, 'source_link_status': 'operational', 'source_link_type': 'doi', 'source_metadata': {'authors': ['Antonio F. Wolf'], 'citations_metrics': {'citation_count': 61, 'date': '2026-08-19', 'overall': {'percentile': 20.45, 'percentile_similar_age': 11.11, 'rank': 250, 'rank_similar_age': 25}, 'similar_age_count': 27, 'within_application_domain': {'percentile': 17.65, 'percentile_similar_age': 100.0, 'rank': 15, 'rank_similar_age': 1}}, 'how_to_cite': {'apa': 'Antonio F. Wolf (2012). Using WorldView-2 Vis-NIR multispectral imagery to support land mapping and feature extraction using normalized difference index ratios. SPIE Proceedings, 8390. https://doi.org/10.1117/12.917717', 'bibtex': 'ASI_NDSIWV'}, 'journal': 'SPIE Proceedings', 'source': 'crossref', 'title': 'Using WorldView-2 Vis-NIR multispectral imagery to support land mapping and feature extraction using normalized difference index ratios', 'type': 'conference_paper', 'volume': '8390', 'year': 2012}}",https://github.com/remi-braun,2022-11-20
NDSInw,Normalized Difference Snow Index with no Water,"{'application_domain': 'snow', 'family': None, 'sensing_modalities': ['multispectral']}",(N - S1 - b)/(N + S1),"['N', 'S1']",[],"{'b': {'default_value': 0.05, 'description': 'Empirical parameter that offsets the index'}}",{},{},"{'source_companions': ['NDWIns'], 'source_link': 'https://doi.org/10.3390/w12051339', 'source_link_semantic_scholar': None, 'source_link_status': 'operational', 'source_link_type': 'doi', 'source_metadata': {'authors': ['Dajiang Yan', 'Chang Huang', 'Ning Ma', 'Yinsheng Zhang'], 'citations_metrics': {'citation_count': 48, 'date': '2026-08-18', 'overall': {'percentile': 16.93, 'percentile_similar_age': 31.51, 'rank': 261, 'rank_similar_age': 51}, 'similar_age_count': 73, 'within_application_domain': {'percentile': 50.0, 'percentile_similar_age': 100.0, 'rank': 6, 'rank_similar_age': 1}}, 'how_to_cite': {'apa': 'Dajiang Yan, Chang Huang, Ning Ma, & Yinsheng Zhang (2020). Improved Landsat-Based Water and Snow Indices for Extracting Lake and Snow Cover/Glacier in the Tibetan Plateau. Water, 12(5). https://doi.org/10.3390/w12051339', 'bibtex': 'ASI_NDSInw'}, 'issue': '5', 'journal': 'Water', 'source': 'crossref', 'title': 'Improved Landsat-Based Water and Snow Indices for Extracting Lake and Snow Cover/Glacier in the Tibetan Plateau', 'type': 'article', 'volume': '12', 'year': 2020}}",https://github.com/davemlz,2022-04-08
NDSWIR,Normalized Difference SWIR,"{'application_domain': 'burn', 'family': None, 'sensing_modalities': ['multispectral']}",(N - S1)/(N + S1),"['N', 'S1']",[],{},{},{},"{'source_companions': [], 'source_link': 'https://doi.org/10.1109/TGRS.2003.819190', 'source_link_semantic_scholar': None, 'source_link_status': 'operational', 'source_link_type': 'doi', 'source_metadata': {'authors': ['F. Gerard', 'S. Plummer', 'R. Wadsworth', 'A.F. Sanfeliu', 'L. Iliffe', 'H. Balzter', 'B. Wyatt'], 'citations_metrics': {'citation_count': 49, 'date': '2026-08-18', 'overall': {'percentile': 17.89, 'percentile_similar_age': 5.08, 'rank': 258, 'rank_similar_age': 57}, 'similar_age_count': 59, 'within_application_domain': {'percentile': 17.65, 'percentile_similar_age': 25.0, 'rank': 15, 'rank_similar_age': 7}}, 'how_to_cite': {'apa': 'F. Gerard, S. Plummer, R. Wadsworth, A.F. Sanfeliu, L. Iliffe, H. Balzter, & B. Wyatt (2003). Forest fire scar detection in the boreal forest with multitemporal spot-vegetation data. IEEE Transactions on Geoscience and Remote Sensing, 41(11). https://doi.org/10.1109/tgrs.2003.819190', 'bibtex': 'ASI_NDSWIR'}, 'issue': '11', 'journal': 'IEEE Transactions on Geoscience and Remote Sensing', 'source': 'crossref', 'title': 'Forest fire scar detection in the boreal forest with multitemporal spot-vegetation data', 'type': 'article', 'volume': '41', 'year': 2003}}",https://github.com/davemlz,2022-09-22
NDSaII,Normalized Difference Snow and Ice Index,"{'application_domain': 'snow', 'family': None, 'sensing_modalities': ['multispectral']}",(R - S1) / (R + S1),"['R', 'S1']",[],{},{},{},"{'source_companions': ['NDSIITM'], 'source_link': 'https://doi.org/10.1080/01431160119766', 'source_link_semantic_scholar': None, 'source_link_status': 'operational', 'source_link_type': 'doi', 'source_metadata': {'authors': ['Xiangming Xiao', 'Zhenxi Shen', 'Xiaoguan Qin'], 'citations_metrics': {'citation_count': 96, 'date': '2026-08-18', 'overall': {'percentile': 30.67, 'percentile_similar_age': 14.63, 'rank': 218, 'rank_similar_age': 36}, 'similar_age_count': 41, 'within_application_domain': {'percentile': 100.0, 'percentile_similar_age': 100.0, 'rank': 1, 'rank_similar_age': 1}}, 'how_to_cite': {'apa': 'Xiangming Xiao, Zhenxi Shen, & Xiaoguan Qin (2001). Assessing the potential of VEGETATION sensor data for mapping snow and ice cover: A Normalized Difference Snow and Ice Index. International Journal of Remote Sensing, 22(13). https://doi.org/10.1080/01431160119766', 'bibtex': 'ASI_NDSIITM'}, 'issue': '13', 'journal': 'International Journal of Remote Sensing', 'source': 'crossref', 'title': 'Assessing the potential of VEGETATION sensor data for mapping snow and ice cover: A Normalized Difference Snow and Ice Index', 'type': 'article', 'volume': '22', 'year': 2001}}",https://github.com/davemlz,2021-09-18
NDSoI,Normalized Difference Soil Index,"{'application_domain': 'soil', 'family': None, 'sensing_modalities': ['multispectral']}",(S2 - G)/(S2 + G),"['S2', 'G']",[],{},{},{},"{'source_companions': [], 'source_link': 'https://doi.org/10.1016/j.jag.2015.02.010', 'source_link_semantic_scholar': None, 'source_link_status': 'operational', 'source_link_type': 'doi', 'source_metadata': {'authors': ['Yingbin Deng', 'Changshan Wu', 'Miao Li', 'Renrong Chen'], 'citations_metrics': {'citation_count': 75, 'date': '2026-08-18', 'overall': {'percentile': 22.68, 'percentile_similar_age': 24.0, 'rank': 243, 'rank_similar_age': 20}, 'similar_age_count': 25, 'within_application_domain': {'percentile': 23.53, 'percentile_similar_age': 33.33, 'rank': 14, 'rank_similar_age': 3}}, 'how_to_cite': {'apa': 'Yingbin Deng, Changshan Wu, Miao Li, & Renrong Chen (2015). RNDSI: A ratio normalized difference soil index for remote sensing of urban/suburban environments. International Journal of Applied Earth Observation and Geoinformation, 39. https://doi.org/10.1016/j.jag.2015.02.010', 'bibtex': 'ASI_NDSoI'}, 'journal': 'International Journal of Applied Earth Observation and Geoinformation', 'source': 'crossref', 'title': 'RNDSI: A ratio normalized difference soil index for remote sensing of urban/suburban environments', 'type': 'article', 'volume': '39', 'year': 2015}}",https://github.com/davemlz,2022-04-18
NDTI,Normalized Difference Turbidity Index,"{'application_domain': 'water', 'family': None, 'sensing_modalities': ['multispectral']}",(R-G)/(R+G),"['R', 'G']",[],{},{},{},"{'source_companions': ['NDPonI'], 'source_link': 'https://doi.org/10.1016/j.rse.2006.07.012', 'source_link_semantic_scholar': None, 'source_link_status': 'operational', 'source_link_type': 'doi', 'source_metadata': {'authors': ['J.P. Lacaux', 'Y.M. Tourre', 'C. Vignolles', 'J.A. Ndione', 'M. Lafaye'], 'citations_metrics': {'citation_count': 426, 'date': '2026-08-18', 'overall': {'percentile': 59.74, 'percentile_similar_age': 72.5, 'rank': 128, 'rank_similar_age': 13}, 'similar_age_count': 40, 'within_application_domain': {'percentile': 74.19, 'percentile_similar_age': 50.0, 'rank': 10, 'rank_similar_age': 4}}, 'how_to_cite': {'apa': 'J.P. Lacaux, Y.M. Tourre, C. Vignolles, J.A. Ndione, & M. Lafaye (2007). Classification of ponds from high-spatial resolution remote sensing: Application to Rift Valley Fever epidemics in Senegal. Remote Sensing of Environment, 106(1). https://doi.org/10.1016/j.rse.2006.07.012', 'bibtex': 'ASI_NDPonI'}, 'issue': '1', 'journal': 'Remote Sensing of Environment', 'source': 'crossref', 'title': 'Classification of ponds from high-spatial resolution remote sensing: Application to Rift Valley Fever epidemics in Senegal', 'type': 'article', 'volume': '106', 'year': 2007}}",https://github.com/CvenGeo,2022-10-03
NDTI4RE,4-band Red Edge Normalized Difference Tillage Index,"{'application_domain': 'vegetation', 'family': None, 'sensing_modalities': ['multispectral']}",gamma * (S1 - S2)/(S1 + S2) + (1 - gamma) * (N - RE3)/(N + RE3),"['S1', 'S2', 'N', 'RE3']",[],"{'gamma': {'default_value': 0.4, 'description': 'Weighting coefficient for the ratio SWIR1/SWIR2 (Sentinel-2)', 'suggested_range': [0.0, 1.0], 'suggested_values': {'April': 0.4, 'November': 0.5}}}",{},{},"{'source_companions': ['NDVI4RE', 'SAVI4RE', 'RVI4RE', 'SNDTI4RE', 'STI4RE'], 'source_link': 'https://doi.org/10.1016/j.jag.2022.102793', 'source_link_semantic_scholar': None, 'source_link_status': 'operational', 'source_link_type': 'doi', 'source_metadata': {'authors': ['Jiali Liu', 'Jianrong Fan', 'Chao Yang', 'Fubao Xu', 'Xiyu Zhang'], 'citations_metrics': {'citation_count': 20, 'date': '2026-08-18', 'overall': {'percentile': 10.22, 'percentile_similar_age': 36.0, 'rank': 283, 'rank_similar_age': 34}, 'similar_age_count': 50, 'within_application_domain': {'percentile': 9.95, 'percentile_similar_age': 45.16, 'rank': 191, 'rank_similar_age': 18}}, 'how_to_cite': {'apa': 'Jiali Liu, Jianrong Fan, Chao Yang, Fubao Xu, & Xiyu Zhang (2022). Novel vegetation indices for estimating photosynthetic and non-photosynthetic fractional vegetation cover from Sentinel data. International Journal of Applied Earth Observation and Geoinformation, 109. https://doi.org/10.1016/j.jag.2022.102793', 'bibtex': 'ASI_NDTI4RE'}, 'journal': 'International Journal of Applied Earth Observation and Geoinformation', 'source': 'crossref', 'title': 'Novel vegetation indices for estimating photosynthetic and non-photosynthetic fractional vegetation cover from Sentinel data', 'type': 'article', 'volume': '109', 'year': 2022}}",https://github.com/davemlz,2025-09-30
NDTillI,Normalized Difference Tillage Index,"{'application_domain': 'vegetation', 'family': None, 'sensing_modalities': ['multispectral']}",(S1 - S2)/(S1 + S2),"['S1', 'S2']",[],{},{},{},"{'source_companions': ['STI'], 'source_link': 'https://www.asprs.org/wp-content/uploads/pers/1997journal/jan/1997_jan_87-93.pdf', 'source_link_semantic_scholar': None, 'source_link_status': 'down', 'source_link_type': 'other', 'source_metadata': {}}",https://github.com/davemlz,2025-10-11
NDVI,Normalized Difference Vegetation Index,"{'application_domain': 'vegetation', 'family': None, 'sensing_modalities': ['multispectral']}",(N - R)/(N + R),"['N', 'R']",[],{},{},{},"{'source_companions': ['TVI'], 'source_link': 'https://ntrs.nasa.gov/citations/19740022614', 'source_link_semantic_scholar': {'corpus_id': 133358670, 'paper_id': 'fb2f60fe0fe2874e5cbf927a2556d719c32eac29'}, 'source_link_status': 'operational', 'source_link_type': 'other', 'source_metadata': {'authors': ['J. Rouse', 'R. H. Haas', 'J. A. Schell', 'D. Deering'], 'citations_metrics': {'citation_count': 10265, 'date': '2026-08-19', 'overall': {'percentile': 100.0, 'percentile_similar_age': 100.0, 'rank': 1, 'rank_similar_age': 1}, 'similar_age_count': 2, 'within_application_domain': {'percentile': 100.0, 'percentile_similar_age': 100.0, 'rank': 1, 'rank_similar_age': 1}}, 'how_to_cite': {'apa': 'J. Rouse, R. H. Haas, J. A. Schell, & D. Deering (1973). Monitoring vegetation systems in the great plains with ERTS. https://ntrs.nasa.gov/citations/19740022614', 'bibtex': 'ASI_NDVI'}, 'source': 'semantic_scholar', 'title': 'Monitoring vegetation systems in the great plains with ERTS', 'volume': '1', 'year': 1973}}",https://github.com/davemlz,2021-04-07
NDVI4RE,4-band Red Edge Normalized Difference Vegetation Index,"{'application_domain': 'vegetation', 'family': None, 'sensing_modalities': ['multispectral']}",((alpha * RE3 + (1 - alpha) * RE2) - (beta * R + (1 - beta) * RE1))/((alpha * RE3 + (1 - alpha) * RE2) + (beta * R + (1 - beta) * RE1)),"['RE3', 'RE2', 'R', 'RE1']",[],"{'alpha': {'default_value': 0.2, 'description': 'Parameter representing the proportion of Red Edge 3 reflectance (Sentinel-2)', 'suggested_range': [0.0, 1.0], 'suggested_values': {'April': 0.2, 'August': 0.7}}, 'beta': {'default_value': 0.2, 'description': 'Parameter representing the proportion of Red reflectance (Sentinel-2)', 'suggested_range': [0.0, 1.0], 'suggested_values': {'April': 0.2, 'August': 0.7}}}",{},{},"{'source_companions': ['SAVI4RE', 'RVI4RE', 'NDTI4RE', 'SNDTI4RE', 'STI4RE'], 'source_link': 'https://doi.org/10.1016/j.jag.2022.102793', 'source_link_semantic_scholar': None, 'source_link_status': 'operational', 'source_link_type': 'doi', 'source_metadata': {'authors': ['Jiali Liu', 'Jianrong Fan', 'Chao Yang', 'Fubao Xu', 'Xiyu Zhang'], 'citations_metrics': {'citation_count': 20, 'date': '2026-08-18', 'overall': {'percentile': 10.22, 'percentile_similar_age': 36.0, 'rank': 284, 'rank_similar_age': 35}, 'similar_age_count': 50, 'within_application_domain': {'percentile': 9.95, 'percentile_similar_age': 45.16, 'rank': 192, 'rank_similar_age': 19}}, 'how_to_cite': {'apa': 'Jiali Liu, Jianrong Fan, Chao Yang, Fubao Xu, & Xiyu Zhang (2022). Novel vegetation indices for estimating photosynthetic and non-photosynthetic fractional vegetation cover from Sentinel data. International Journal of Applied Earth Observation and Geoinformation, 109. https://doi.org/10.1016/j.jag.2022.102793', 'bibtex': 'ASI_NDTI4RE'}, 'journal': 'International Journal of Applied Earth Observation and Geoinformation', 'source': 'crossref', 'title': 'Novel vegetation indices for estimating photosynthetic and non-photosynthetic fractional vegetation cover from Sentinel data', 'type': 'article', 'volume': '109', 'year': 2022}}",https://github.com/davemlz,2025-09-30
NDVI705,Normalized Difference Vegetation Index (705 and 750 nm),"{'application_domain': 'vegetation', 'family': None, 'sensing_modalities': ['multispectral']}",(RE2 - RE1) / (RE2 + RE1),"['RE2', 'RE1']",[],{},{},{},"{'source_companions': ['SR705', 'SR555', 'RENDVI'], 'source_link': 'https://doi.org/10.1016/S0176-1617(11)81633-0', 'source_link_semantic_scholar': None, 'source_link_status': 'operational', 'source_link_type': 'doi', 'source_metadata': {'authors': ['Anatoly Gitelson', 'Mark N. Merzlyak'], 'citations_metrics': {'citation_count': 1206, 'date': '2026-08-18', 'overall': {'percentile': 87.22, 'percentile_similar_age': 65.52, 'rank': 41, 'rank_similar_age': 11}, 'similar_age_count': 29, 'within_application_domain': {'percentile': 83.41, 'percentile_similar_age': 67.86, 'rank': 36, 'rank_similar_age': 10}}, 'how_to_cite': {'apa': 'Anatoly Gitelson, & Mark N. Merzlyak (1994). Spectral Reflectance Changes Associated with Autumn Senescence of Aesculus hippocastanum L. and Acer platanoides L. Leaves. Spectral Features and Relation to Chlorophyll Estimation. Journal of Plant Physiology, 143(3). https://doi.org/10.1016/s0176-1617(11)81633-0', 'bibtex': 'ASI_NDVI705'}, 'issue': '3', 'journal': 'Journal of Plant Physiology', 'source': 'crossref', 'title': 'Spectral Reflectance Changes Associated with Autumn Senescence of Aesculus hippocastanum L. and Acer platanoides L. Leaves. Spectral Features and Relation to Chlorophyll Estimation', 'type': 'article', 'volume': '143', 'year': 1994}}",https://github.com/davemlz,2021-11-06
NDVIMNDWI,NDVI-MNDWI Model,"{'application_domain': 'water', 'family': None, 'sensing_modalities': ['multispectral']}",((N - R)/(N + R)) - ((G - S1)/(G + S1)),"['N', 'R', 'G', 'S1']",[],{},{},{},"{'source_companions': [], 'source_link': 'https://doi.org/10.1007/978-3-662-45737-5_51', 'source_link_semantic_scholar': None, 'source_link_status': 'operational', 'source_link_type': 'doi', 'source_metadata': {'authors': ['Weifeng Zhou', 'Zhanqiang Li', 'Shijian Ji', 'Chengjun Hua', 'Wei Fan'], 'citations_metrics': {'citation_count': 11, 'date': '2026-08-18', 'overall': {'percentile': 7.35, 'percentile_similar_age': 4.0, 'rank': 291, 'rank_similar_age': 25}, 'similar_age_count': 25, 'within_application_domain': {'percentile': 9.68, 'percentile_similar_age': 16.67, 'rank': 29, 'rank_similar_age': 6}}, 'how_to_cite': {'apa': 'Weifeng Zhou, Zhanqiang Li, Shijian Ji, Chengjun Hua, & Wei Fan (2015). A New Index Model NDVI-MNDWI for Water Object Extraction in Hybrid Area. Communications in Computer and Information Science. https://doi.org/10.1007/978-3-662-45737-5_51', 'bibtex': 'ASI_NDVIMNDWI'}, 'journal': 'Communications in Computer and Information Science', 'source': 'crossref', 'title': 'A New Index Model NDVI-MNDWI for Water Object Extraction in Hybrid Area', 'type': 'book_chapter', 'year': 2015}}",https://github.com/davemlz,2022-01-17
NDVISR,Normalized Difference Vegetation Index with Simple Ratio,"{'application_domain': 'vegetation', 'family': None, 'sensing_modalities': ['multispectral']}",(N**2 - R)/(N + R**2),"['N', 'R']",[],{},{},{},"{'source_companions': ['MNLI', 'SAVISR'], 'source_link': 'https://doi.org/10.1109/TGRS.2003.812910', 'source_link_semantic_scholar': None, 'source_link_status': 'operational', 'source_link_type': 'doi', 'source_metadata': {'authors': ['Peng Gong', 'Ruiliang Pu', 'G.S. Biging', 'M.R. Larrieu'], 'citations_metrics': {'citation_count': 355, 'date': '2026-08-18', 'overall': {'percentile': 58.15, 'percentile_similar_age': 47.46, 'rank': 133, 'rank_similar_age': 33}, 'similar_age_count': 59, 'within_application_domain': {'percentile': 44.08, 'percentile_similar_age': 39.13, 'rank': 120, 'rank_similar_age': 30}}, 'how_to_cite': {'apa': 'Peng Gong, Ruiliang Pu, G.S. Biging, & M.R. Larrieu (2003). Estimation of forest leaf area index using vegetation indices derived from hyperion hyperspectral data. IEEE Transactions on Geoscience and Remote Sensing, 41(6). https://doi.org/10.1109/tgrs.2003.812910', 'bibtex': 'ASI_MNLI'}, 'issue': '6', 'journal': 'IEEE Transactions on Geoscience and Remote Sensing', 'source': 'crossref', 'title': 'Estimation of forest leaf area index using vegetation indices derived from hyperion hyperspectral data', 'type': 'article', 'volume': '41', 'year': 2003}}",https://github.com/davemlz,2026-08-12
NDVIT,Normalized Difference Vegetation Index Thermal,"{'application_domain': 'burn', 'family': None, 'sensing_modalities': ['multispectral', 'thermal']}",(N - (R * T / 10000.0))/(N + (R * T / 10000.0)),"['N', 'R', 'T']",[],{},{},{},"{'source_companions': ['CSIT', 'SAVIT'], 'source_link': 'https://doi.org/10.1080/01431160600954704', 'source_link_semantic_scholar': None, 'source_link_status': 'operational', 'source_link_type': 'doi', 'source_metadata': {'authors': ['A. M. S. Smith', 'N. A. Drake', 'M. J. Wooster', 'A. T. Hudak', 'Z. A. Holden', 'C. J. Gibbons'], 'citations_metrics': {'citation_count': 157, 'date': '2026-08-18', 'overall': {'percentile': 39.62, 'percentile_similar_age': 35.0, 'rank': 191, 'rank_similar_age': 28}, 'similar_age_count': 40, 'within_application_domain': {'percentile': 88.24, 'percentile_similar_age': 88.89, 'rank': 4, 'rank_similar_age': 3}}, 'how_to_cite': {'apa': 'A. M. S. Smith, N. A. Drake, M. J. Wooster, A. T. Hudak, Z. A. Holden, & C. J. Gibbons (2007). Production of Landsat ETM+ reference imagery of burned areas within Southern African savannahs: comparison of methods and application to MODIS. International Journal of Remote Sensing, 28(12). https://doi.org/10.1080/01431160600954704', 'bibtex': 'ASI_CSIT'}, 'issue': '12', 'journal': 'International Journal of Remote Sensing', 'source': 'crossref', 'title': 'Production of Landsat ETM+ reference imagery of burned areas within Southern African savannahs: comparison of methods and application to MODIS', 'type': 'article', 'volume': '28', 'year': 2007}}",https://github.com/davemlz,2021-04-07
NDWI,Normalized Difference Water Index,"{'application_domain': 'water', 'family': None, 'sensing_modalities': ['multispectral']}",(G - N) / (G + N),"['G', 'N']",[],{},{},{},"{'source_companions': [], 'source_link': 'https://doi.org/10.1080/01431169608948714', 'source_link_semantic_scholar': None, 'source_link_status': 'operational', 'source_link_type': 'doi', 'source_metadata': {'authors': ['S. K. McFEETERS'], 'citations_metrics': {'citation_count': 6617, 'date': '2026-08-18', 'overall': {'percentile': 98.72, 'percentile_similar_age': 100.0, 'rank': 5, 'rank_similar_age': 1}, 'similar_age_count': 47, 'within_application_domain': {'percentile': 100.0, 'percentile_similar_age': 100.0, 'rank': 1, 'rank_similar_age': 1}}, 'how_to_cite': {'apa': 'S. K. McFEETERS (1996). The use of the Normalized Difference Water Index (NDWI) in the delineation of open water features. International Journal of Remote Sensing, 17(7). https://doi.org/10.1080/01431169608948714', 'bibtex': 'ASI_NDWI'}, 'issue': '7', 'journal': 'International Journal of Remote Sensing', 'source': 'crossref', 'title': 'The use of the Normalized Difference Water Index (NDWI) in the delineation of open water features', 'type': 'article', 'volume': '17', 'year': 1996}}",https://github.com/davemlz,2021-04-07
NDWIns,Normalized Difference Water Index with no Snow Cover and Glaciers,"{'application_domain': 'water', 'family': None, 'sensing_modalities': ['multispectral']}",(G - a * N)/(G + N),"['G', 'N']",[],"{'a': {'default_value': 2.0, 'description': 'Empirical parameter weighting NIR reflectance'}}",{},{},"{'source_companions': ['NDSInw'], 'source_link': 'https://doi.org/10.3390/w12051339', 'source_link_semantic_scholar': None, 'source_link_status': 'operational', 'source_link_type': 'doi', 'source_metadata': {'authors': ['Dajiang Yan', 'Chang Huang', 'Ning Ma', 'Yinsheng Zhang'], 'citations_metrics': {'citation_count': 48, 'date': '2026-08-18', 'overall': {'percentile': 16.93, 'percentile_similar_age': 31.51, 'rank': 262, 'rank_similar_age': 52}, 'similar_age_count': 73, 'within_application_domain': {'percentile': 29.03, 'percentile_similar_age': 30.77, 'rank': 23, 'rank_similar_age': 10}}, 'how_to_cite': {'apa': 'Dajiang Yan, Chang Huang, Ning Ma, & Yinsheng Zhang (2020). Improved Landsat-Based Water and Snow Indices for Extracting Lake and Snow Cover/Glacier in the Tibetan Plateau. Water, 12(5). https://doi.org/10.3390/w12051339', 'bibtex': 'ASI_NDSInw'}, 'issue': '5', 'journal': 'Water', 'source': 'crossref', 'title': 'Improved Landsat-Based Water and Snow Indices for Extracting Lake and Snow Cover/Glacier in the Tibetan Plateau', 'type': 'article', 'volume': '12', 'year': 2020}}",https://github.com/davemlz,2022-04-08
NDYI,Normalized Difference Yellowness Index,"{'application_domain': 'vegetation', 'family': None, 'sensing_modalities': ['multispectral']}",(G - B) / (G + B),"['G', 'B']",[],{},{},{},"{'source_companions': [], 'source_link': 'https://doi.org/10.1016/j.rse.2016.06.016', 'source_link_semantic_scholar': None, 'source_link_status': 'operational', 'source_link_type': 'doi', 'source_metadata': {'authors': ['John J. Sulik', 'Dan S. Long'], 'citations_metrics': {'citation_count': 185, 'date': '2026-08-18', 'overall': {'percentile': 45.05, 'percentile_similar_age': 68.42, 'rank': 173, 'rank_similar_age': 13}, 'similar_age_count': 38, 'within_application_domain': {'percentile': 31.75, 'percentile_similar_age': 64.29, 'rank': 145, 'rank_similar_age': 6}}, 'how_to_cite': {'apa': 'John J. Sulik, & Dan S. Long (2016). Spectral considerations for modeling yield of canola. Remote Sensing of Environment, 184. https://doi.org/10.1016/j.rse.2016.06.016', 'bibtex': 'ASI_NDYI'}, 'journal': 'Remote Sensing of Environment', 'source': 'crossref', 'title': 'Spectral considerations for modeling yield of canola', 'type': 'article', 'volume': '184', 'year': 2016}}",https://github.com/davemlz,2021-09-18
NGRDI,Normalized Green Red Difference Index,"{'application_domain': 'vegetation', 'family': None, 'sensing_modalities': ['multispectral']}",(G - R) / (G + R),"['G', 'R']",[],{},{},{},"{'source_companions': [], 'source_link': 'https://doi.org/10.1016/0034-4257(79)90013-0', 'source_link_semantic_scholar': None, 'source_link_status': 'operational', 'source_link_type': 'doi', 'source_metadata': {'authors': ['Compton J. Tucker'], 'citations_metrics': {'citation_count': 9530, 'date': '2026-08-18', 'overall': {'percentile': 99.36, 'percentile_similar_age': 100.0, 'rank': 3, 'rank_similar_age': 1}, 'similar_age_count': 2, 'within_application_domain': {'percentile': 99.05, 'percentile_similar_age': 100.0, 'rank': 3, 'rank_similar_age': 1}}, 'how_to_cite': {'apa': 'Compton J. Tucker (1979). Red and photographic infrared linear combinations for monitoring vegetation. Remote Sensing of Environment, 8(2). https://doi.org/10.1016/0034-4257(79)90013-0', 'bibtex': 'ASI_NGRDI'}, 'issue': '2', 'journal': 'Remote Sensing of Environment', 'source': 'crossref', 'title': 'Red and photographic infrared linear combinations for monitoring vegetation', 'type': 'article', 'volume': '8', 'year': 1979}}",https://github.com/davemlz,2021-04-07
NHFD,Non-Homogeneous Feature Difference,"{'application_domain': 'urban', 'family': None, 'sensing_modalities': ['multispectral']}",(RE1 - A) / (RE1 + A),"['RE1', 'A']",[],{},{},{},"{'source_companions': ['NDSIWV'], 'source_link': 'https://doi.org/10.1117/12.917717', 'source_link_semantic_scholar': {'corpus_id': 55635449, 'paper_id': '5e5063ccc4ee76b56b721c866e871d47a77f9fb4'}, 'source_link_status': 'operational', 'source_link_type': 'doi', 'source_metadata': {'authors': ['Antonio F. Wolf'], 'citations_metrics': {'citation_count': 61, 'date': '2026-08-19', 'overall': {'percentile': 20.45, 'percentile_similar_age': 11.11, 'rank': 251, 'rank_similar_age': 26}, 'similar_age_count': 27, 'within_application_domain': {'percentile': 15.79, 'percentile_similar_age': 20.0, 'rank': 17, 'rank_similar_age': 9}}, 'how_to_cite': {'apa': 'Antonio F. Wolf (2012). Using WorldView-2 Vis-NIR multispectral imagery to support land mapping and feature extraction using normalized difference index ratios. SPIE Proceedings, 8390. https://doi.org/10.1117/12.917717', 'bibtex': 'ASI_NDSIWV'}, 'journal': 'SPIE Proceedings', 'source': 'crossref', 'title': 'Using WorldView-2 Vis-NIR multispectral imagery to support land mapping and feature extraction using normalized difference index ratios', 'type': 'conference_paper', 'volume': '8390', 'year': 2012}}",https://github.com/davemlz,2021-09-17
NIRv,Near-Infrared Reflectance of Vegetation,"{'application_domain': 'vegetation', 'family': None, 'sensing_modalities': ['multispectral']}",((N - R) / (N + R)) * N,"['N', 'R']",[],{},{},{},"{'source_companions': [], 'source_link': 'https://doi.org/10.1126/sciadv.1602244', 'source_link_semantic_scholar': None, 'source_link_status': 'operational', 'source_link_type': 'doi', 'source_metadata': {'authors': ['Grayson Badgley', 'Christopher B. Field', 'Joseph A. Berry'], 'citations_metrics': {'citation_count': 906, 'date': '2026-08-18', 'overall': {'percentile': 80.83, 'percentile_similar_age': 100.0, 'rank': 61, 'rank_similar_age': 1}, 'similar_age_count': 51, 'within_application_domain': {'percentile': 73.93, 'percentile_similar_age': 100.0, 'rank': 56, 'rank_similar_age': 1}}, 'how_to_cite': {'apa': 'Grayson Badgley, Christopher B. Field, & Joseph A. Berry (2017). Canopy near-infrared reflectance and terrestrial photosynthesis. Science Advances, 3(3). https://doi.org/10.1126/sciadv.1602244', 'bibtex': 'ASI_NIRv'}, 'issue': '3', 'journal': 'Science Advances', 'source': 'crossref', 'title': 'Canopy near-infrared reflectance and terrestrial photosynthesis', 'type': 'article', 'volume': '3', 'year': 2017}}",https://github.com/davemlz,2021-11-16
NIRvH2,Hyperspectral Near-Infrared Reflectance of Vegetation,"{'application_domain': 'vegetation', 'family': None, 'sensing_modalities': ['multispectral']}",N - R - k * (lambdaN - lambdaR),"['N', 'R']",[],"{'k': {'default_value': 0.0, 'description': 'Slope parameter by soil. Derived by fitting a linear model on refletances against wavelengths in either the red region (675-681 nm) or the NIR region (778-800 nm)'}, 'lambdaN': {'description': 'NIR central wavelength (nm)'}, 'lambdaR': {'description': 'Red central wavelength (nm)'}}",{},{},"{'source_companions': [], 'source_link': 'https://doi.org/10.1016/j.rse.2021.112723', 'source_link_semantic_scholar': None, 'source_link_status': 'operational', 'source_link_type': 'doi', 'source_metadata': {'authors': ['Yelu Zeng', 'Dalei Hao', 'Grayson Badgley', 'Alexander Damm', 'Uwe Rascher', 'Youngryel Ryu', 'Jennifer Johnson', 'Vera Krieger', 'Shengbiao Wu', 'Han Qiu', 'Yaling Liu', 'Joseph A. Berry', 'Min Chen'], 'citations_metrics': {'citation_count': 76, 'date': '2026-08-18', 'overall': {'percentile': 23.0, 'percentile_similar_age': 52.63, 'rank': 242, 'rank_similar_age': 28}, 'similar_age_count': 57, 'within_application_domain': {'percentile': 18.96, 'percentile_similar_age': 57.58, 'rank': 172, 'rank_similar_age': 15}}, 'how_to_cite': {'apa': 'Yelu Zeng, Dalei Hao, Grayson Badgley, Alexander Damm, Uwe Rascher, Youngryel Ryu, Jennifer Johnson, Vera Krieger, Shengbiao Wu, Han Qiu, Yaling Liu, Joseph A. Berry, & Min Chen (2021). Estimating near-infrared reflectance of vegetation from hyperspectral data. Remote Sensing of Environment, 267. https://doi.org/10.1016/j.rse.2021.112723', 'bibtex': 'ASI_NIRvH2'}, 'journal': 'Remote Sensing of Environment', 'source': 'crossref', 'title': 'Estimating near-infrared reflectance of vegetation from hyperspectral data', 'type': 'article', 'volume': '267', 'year': 2021}}",https://github.com/davemlz,2022-01-17
NIRvP,Near-Infrared Reflectance of Vegetation and Incoming PAR,"{'application_domain': 'vegetation', 'family': None, 'sensing_modalities': ['multispectral']}",((N - R) / (N + R)) * N * PAR,"['N', 'R']",[],{},{'PAR': {'description': 'Photosynthetically Active Radiation'}},{},"{'source_companions': [], 'source_link': 'https://doi.org/10.1016/j.rse.2021.112763', 'source_link_semantic_scholar': None, 'source_link_status': 'operational', 'source_link_type': 'doi', 'source_metadata': {'authors': ['Benjamin Dechant', 'Youngryel Ryu', 'Grayson Badgley', 'Philipp Köhler', 'Uwe Rascher', 'Mirco Migliavacca', 'Yongguang Zhang', 'Giulia Tagliabue', 'Kaiyu Guan', 'Micol Rossini', 'Yves Goulas', 'Yelu Zeng', 'Christian Frankenberg', 'Joseph A. Berry'], 'citations_metrics': {'citation_count': 169, 'date': '2026-08-18', 'overall': {'percentile': 42.49, 'percentile_similar_age': 82.0, 'rank': 181, 'rank_similar_age': 10}, 'similar_age_count': 50, 'within_application_domain': {'percentile': 29.86, 'percentile_similar_age': 80.65, 'rank': 149, 'rank_similar_age': 7}}, 'how_to_cite': {'apa': 'Benjamin Dechant, Youngryel Ryu, Grayson Badgley, Philipp Köhler, Uwe Rascher, Mirco Migliavacca, Yongguang Zhang, Giulia Tagliabue, Kaiyu Guan, Micol Rossini, Yves Goulas, Yelu Zeng, Christian Frankenberg, & Joseph A. Berry (2022). NIRVP: A robust structural proxy for sun-induced chlorophyll fluorescence and photosynthesis across scales. Remote Sensing of Environment, 268. https://doi.org/10.1016/j.rse.2021.112763', 'bibtex': 'ASI_NIRvP'}, 'journal': 'Remote Sensing of Environment', 'source': 'crossref', 'title': 'NIRVP: A robust structural proxy for sun-induced chlorophyll fluorescence and photosynthesis across scales', 'type': 'article', 'volume': '268', 'year': 2022}}",https://github.com/davemlz,2021-11-18
NLI,Non-Linear Vegetation Index,"{'application_domain': 'vegetation', 'family': None, 'sensing_modalities': ['multispectral']}",((N ** 2) - R)/((N ** 2) + R),"['N', 'R']",[],{},{},{},"{'source_companions': [], 'source_link': 'https://doi.org/10.1080/02757259409532252', 'source_link_semantic_scholar': None, 'source_link_status': 'operational', 'source_link_type': 'doi', 'source_metadata': {'authors': ['Narendra S. Goel', 'Wenhan Qin'], 'citations_metrics': {'citation_count': 357, 'date': '2026-08-18', 'overall': {'percentile': 58.47, 'percentile_similar_age': 3.45, 'rank': 131, 'rank_similar_age': 29}, 'similar_age_count': 29, 'within_application_domain': {'percentile': 44.55, 'percentile_similar_age': 3.57, 'rank': 118, 'rank_similar_age': 28}}, 'how_to_cite': {'apa': 'Narendra S. Goel, & Wenhan Qin (1994). Influences of canopy architecture on relationships between various vegetation indices and LAI and Fpar: A computer simulation. Remote Sensing Reviews, 10(4). https://doi.org/10.1080/02757259409532252', 'bibtex': 'ASI_NLI'}, 'issue': '4', 'journal': 'Remote Sensing Reviews', 'source': 'crossref', 'title': 'Influences of canopy architecture on relationships between various vegetation indices and LAI and Fpar: A computer simulation', 'type': 'article', 'volume': '10', 'year': 1994}}",https://github.com/davemlz,2021-05-11
NMDI,Normalized Multi-band Drought Index,"{'application_domain': 'vegetation', 'family': None, 'sensing_modalities': ['multispectral']}",(N - (S1 - S2))/(N + (S1 - S2)),"['N', 'S1', 'S2']",[],{},{},{},"{'source_companions': [], 'source_link': 'https://doi.org/10.1029/2007GL031021', 'source_link_semantic_scholar': None, 'source_link_status': 'operational', 'source_link_type': 'doi', 'source_metadata': {'authors': ['Lingli Wang', 'John J. Qu'], 'citations_metrics': {'citation_count': 428, 'date': '2026-08-18', 'overall': {'percentile': 60.06, 'percentile_similar_age': 75.0, 'rank': 126, 'rank_similar_age': 11}, 'similar_age_count': 40, 'within_application_domain': {'percentile': 45.97, 'percentile_similar_age': 69.57, 'rank': 115, 'rank_similar_age': 8}}, 'how_to_cite': {'apa': 'Lingli Wang, & John J. Qu (2007). NMDI: A normalized multi‐band drought index for monitoring soil and vegetation moisture with satellite remote sensing. Geophysical Research Letters, 34(20). https://doi.org/10.1029/2007gl031021', 'bibtex': 'ASI_NMDI'}, 'issue': '20', 'journal': 'Geophysical Research Letters', 'source': 'crossref', 'title': 'NMDI: A normalized multi‐band drought index for monitoring soil and vegetation moisture with satellite remote sensing', 'type': 'article', 'volume': '34', 'year': 2007}}",https://github.com/davemlz,2021-05-11
NPCI,Normalized Pigments Chlorophyll Ratio Index,"{'application_domain': 'vegetation', 'family': None, 'sensing_modalities': ['multispectral']}",(R - A) / (R + A),"['R', 'A']",[],{},{},{},"{'source_companions': [], 'source_link': 'https://doi.org/10.1016/0034-4257(94)90136-8', 'source_link_semantic_scholar': None, 'source_link_status': 'operational', 'source_link_type': 'doi', 'source_metadata': {'authors': ['J. Peñuelas', 'J.A. Gamon', 'A.L. Fredeen', 'J. Merino', 'C.B. Field'], 'citations_metrics': {'citation_count': 853, 'date': '2026-08-18', 'overall': {'percentile': 80.19, 'percentile_similar_age': 34.48, 'rank': 63, 'rank_similar_age': 20}, 'similar_age_count': 29, 'within_application_domain': {'percentile': 73.46, 'percentile_similar_age': 35.71, 'rank': 57, 'rank_similar_age': 19}}, 'how_to_cite': {'apa': 'J. Peñuelas, J.A. Gamon, A.L. Fredeen, J. Merino, & C.B. Field (1994). Reflectance indices associated with physiological changes in nitrogen- and water-limited sunflower leaves. Remote Sensing of Environment, 48(2). https://doi.org/10.1016/0034-4257(94)90136-8', 'bibtex': 'ASI_NPCI'}, 'issue': '2', 'journal': 'Remote Sensing of Environment', 'source': 'crossref', 'title': 'Reflectance indices associated with physiological changes in nitrogen- and water-limited sunflower leaves', 'type': 'article', 'volume': '48', 'year': 1994}}",https://github.com/MartinuzziFrancesco,2025-03-19
NRFIg,Normalized Rapeseed Flowering Index Green,"{'application_domain': 'vegetation', 'family': None, 'sensing_modalities': ['multispectral']}",(G - S2) / (G + S2),"['G', 'S2']",[],{},{},{},"{'source_companions': ['NRFIr'], 'source_link': 'https://doi.org/10.3390/rs13010105', 'source_link_semantic_scholar': None, 'source_link_status': 'operational', 'source_link_type': 'doi', 'source_metadata': {'authors': ['Jichong Han', 'Zhao Zhang', 'Juan Cao'], 'citations_metrics': {'citation_count': 49, 'date': '2026-08-18', 'overall': {'percentile': 17.89, 'percentile_similar_age': 34.25, 'rank': 259, 'rank_similar_age': 49}, 'similar_age_count': 73, 'within_application_domain': {'percentile': 16.11, 'percentile_similar_age': 43.24, 'rank': 178, 'rank_similar_age': 22}}, 'how_to_cite': {'apa': 'Jichong Han, Zhao Zhang, & Juan Cao (2020). Developing a New Method to Identify Flowering Dynamics of Rapeseed Using Landsat 8 and Sentinel-1/2. Remote Sensing, 13(1). https://doi.org/10.3390/rs13010105', 'bibtex': 'ASI_NRFIg'}, 'issue': '1', 'journal': 'Remote Sensing', 'source': 'crossref', 'title': 'Developing a New Method to Identify Flowering Dynamics of Rapeseed Using Landsat 8 and Sentinel-1/2', 'type': 'article', 'volume': '13', 'year': 2020}}",https://github.com/davemlz,2021-09-18
NRFIr,Normalized Rapeseed Flowering Index Red,"{'application_domain': 'vegetation', 'family': None, 'sensing_modalities': ['multispectral']}",(R - S2) / (R + S2),"['R', 'S2']",[],{},{},{},"{'source_companions': ['NRFIg'], 'source_link': 'https://doi.org/10.3390/rs13010105', 'source_link_semantic_scholar': None, 'source_link_status': 'operational', 'source_link_type': 'doi', 'source_metadata': {'authors': ['Jichong Han', 'Zhao Zhang', 'Juan Cao'], 'citations_metrics': {'citation_count': 49, 'date': '2026-08-18', 'overall': {'percentile': 17.89, 'percentile_similar_age': 34.25, 'rank': 260, 'rank_similar_age': 50}, 'similar_age_count': 73, 'within_application_domain': {'percentile': 16.11, 'percentile_similar_age': 43.24, 'rank': 179, 'rank_similar_age': 23}}, 'how_to_cite': {'apa': 'Jichong Han, Zhao Zhang, & Juan Cao (2020). Developing a New Method to Identify Flowering Dynamics of Rapeseed Using Landsat 8 and Sentinel-1/2. Remote Sensing, 13(1). https://doi.org/10.3390/rs13010105', 'bibtex': 'ASI_NRFIg'}, 'issue': '1', 'journal': 'Remote Sensing', 'source': 'crossref', 'title': 'Developing a New Method to Identify Flowering Dynamics of Rapeseed Using Landsat 8 and Sentinel-1/2', 'type': 'article', 'volume': '13', 'year': 2020}}",https://github.com/davemlz,2021-09-18
NSDS,Normalized Shortwave Infrared Difference Soil-Moisture,"{'application_domain': 'soil', 'family': None, 'sensing_modalities': ['multispectral']}",(S1 - S2)/(S1 + S2),"['S1', 'S2']",[],{},{},{},"{'source_companions': ['MBI'], 'source_link': 'https://doi.org/10.3390/land10030231', 'source_link_semantic_scholar': None, 'source_link_status': 'operational', 'source_link_type': 'doi', 'source_metadata': {'authors': ['Can Trong Nguyen', 'Amnat Chidthaisong', 'Phan Kieu Diem', 'Lian-Zhi Huo'], 'citations_metrics': {'citation_count': 229, 'date': '2026-08-18', 'overall': {'percentile': 48.56, 'percentile_similar_age': 82.46, 'rank': 163, 'rank_similar_age': 12}, 'similar_age_count': 57, 'within_application_domain': {'percentile': 94.12, 'percentile_similar_age': 100.0, 'rank': 3, 'rank_similar_age': 2}}, 'how_to_cite': {'apa': 'Can Trong Nguyen, Amnat Chidthaisong, Phan Kieu Diem, & Lian-Zhi Huo (2021). A Modified Bare Soil Index to Identify Bare Land Features during Agricultural Fallow-Period in Southeast Asia Using Landsat 8. Land, 10(3). https://doi.org/10.3390/land10030231', 'bibtex': 'ASI_MBI'}, 'issue': '3', 'journal': 'Land', 'source': 'crossref', 'title': 'A Modified Bare Soil Index to Identify Bare Land Features during Agricultural Fallow-Period in Southeast Asia Using Landsat 8', 'type': 'article', 'volume': '10', 'year': 2021}}",https://github.com/davemlz,2022-04-18
NSDSI1,Normalized Shortwave-Infrared Difference Bare Soil Moisture Index 1,"{'application_domain': 'soil', 'family': None, 'sensing_modalities': ['multispectral']}",(S1-S2)/S1,"['S1', 'S2']",[],{},{},{},"{'source_companions': ['NSDSI2', 'NSDSI3'], 'source_link': 'https://doi.org/10.1016/j.isprsjprs.2019.06.012', 'source_link_semantic_scholar': None, 'source_link_status': 'operational', 'source_link_type': 'doi', 'source_metadata': {'authors': ['Jibo Yue', 'Jia Tian', 'Qingjiu Tian', 'Kaijian Xu', 'Nianxu Xu'], 'citations_metrics': {'citation_count': 143, 'date': '2026-08-18', 'overall': {'percentile': 35.14, 'percentile_similar_age': 60.29, 'rank': 204, 'rank_similar_age': 28}, 'similar_age_count': 68, 'within_application_domain': {'percentile': 58.82, 'percentile_similar_age': 62.5, 'rank': 8, 'rank_similar_age': 4}}, 'how_to_cite': {'apa': 'Jibo Yue, Jia Tian, Qingjiu Tian, Kaijian Xu, & Nianxu Xu (2019). Development of soil moisture indices from differences in water absorption between shortwave-infrared bands. ISPRS Journal of Photogrammetry and Remote Sensing, 154. https://doi.org/10.1016/j.isprsjprs.2019.06.012', 'bibtex': 'ASI_NSDSI1'}, 'journal': 'ISPRS Journal of Photogrammetry and Remote Sensing', 'source': 'crossref', 'title': 'Development of soil moisture indices from differences in water absorption between shortwave-infrared bands', 'type': 'article', 'volume': '154', 'year': 2019}}",https://github.com/CvenGeo,2022-10-03
NSDSI2,Normalized Shortwave-Infrared Difference Bare Soil Moisture Index 2,"{'application_domain': 'soil', 'family': None, 'sensing_modalities': ['multispectral']}",(S1-S2)/S2,"['S1', 'S2']",[],{},{},{},"{'source_companions': ['NSDSI1', 'NSDSI3'], 'source_link': 'https://doi.org/10.1016/j.isprsjprs.2019.06.012', 'source_link_semantic_scholar': None, 'source_link_status': 'operational', 'source_link_type': 'doi', 'source_metadata': {'authors': ['Jibo Yue', 'Jia Tian', 'Qingjiu Tian', 'Kaijian Xu', 'Nianxu Xu'], 'citations_metrics': {'citation_count': 143, 'date': '2026-08-18', 'overall': {'percentile': 35.14, 'percentile_similar_age': 60.29, 'rank': 205, 'rank_similar_age': 29}, 'similar_age_count': 68, 'within_application_domain': {'percentile': 58.82, 'percentile_similar_age': 62.5, 'rank': 9, 'rank_similar_age': 5}}, 'how_to_cite': {'apa': 'Jibo Yue, Jia Tian, Qingjiu Tian, Kaijian Xu, & Nianxu Xu (2019). Development of soil moisture indices from differences in water absorption between shortwave-infrared bands. ISPRS Journal of Photogrammetry and Remote Sensing, 154. https://doi.org/10.1016/j.isprsjprs.2019.06.012', 'bibtex': 'ASI_NSDSI1'}, 'journal': 'ISPRS Journal of Photogrammetry and Remote Sensing', 'source': 'crossref', 'title': 'Development of soil moisture indices from differences in water absorption between shortwave-infrared bands', 'type': 'article', 'volume': '154', 'year': 2019}}",https://github.com/CvenGeo,2022-10-03
NSDSI3,Normalized Shortwave-Infrared Difference Bare Soil Moisture Index 3,"{'application_domain': 'soil', 'family': None, 'sensing_modalities': ['multispectral']}",(S1-S2)/(S1+S2),"['S1', 'S2']",[],{},{},{},"{'source_companions': ['NSDSI1', 'NSDSI2'], 'source_link': 'https://doi.org/10.1016/j.isprsjprs.2019.06.012', 'source_link_semantic_scholar': None, 'source_link_status': 'operational', 'source_link_type': 'doi', 'source_metadata': {'authors': ['Jibo Yue', 'Jia Tian', 'Qingjiu Tian', 'Kaijian Xu', 'Nianxu Xu'], 'citations_metrics': {'citation_count': 143, 'date': '2026-08-18', 'overall': {'percentile': 35.14, 'percentile_similar_age': 60.29, 'rank': 206, 'rank_similar_age': 30}, 'similar_age_count': 68, 'within_application_domain': {'percentile': 58.82, 'percentile_similar_age': 62.5, 'rank': 10, 'rank_similar_age': 6}}, 'how_to_cite': {'apa': 'Jibo Yue, Jia Tian, Qingjiu Tian, Kaijian Xu, & Nianxu Xu (2019). Development of soil moisture indices from differences in water absorption between shortwave-infrared bands. ISPRS Journal of Photogrammetry and Remote Sensing, 154. https://doi.org/10.1016/j.isprsjprs.2019.06.012', 'bibtex': 'ASI_NSDSI1'}, 'journal': 'ISPRS Journal of Photogrammetry and Remote Sensing', 'source': 'crossref', 'title': 'Development of soil moisture indices from differences in water absorption between shortwave-infrared bands', 'type': 'article', 'volume': '154', 'year': 2019}}",https://github.com/CvenGeo,2022-10-03
NSTv1,NIR-SWIR-Temperature Version 1,"{'application_domain': 'burn', 'family': None, 'sensing_modalities': ['multispectral', 'thermal']}",((N-S2)/(N+S2))*T,"['N', 'S2', 'T']",[],{},{},{},"{'source_companions': ['NSTv2'], 'source_link': 'https://doi.org/10.1016/j.rse.2011.06.010', 'source_link_semantic_scholar': None, 'source_link_status': 'operational', 'source_link_type': 'doi', 'source_metadata': {'authors': ['S. Veraverbeke', 'S. Harris', 'S. Hook'], 'citations_metrics': {'citation_count': 86, 'date': '2026-08-18', 'overall': {'percentile': 26.2, 'percentile_similar_age': 30.77, 'rank': 234, 'rank_similar_age': 19}, 'similar_age_count': 26, 'within_application_domain': {'percentile': 29.41, 'percentile_similar_age': 100.0, 'rank': 13, 'rank_similar_age': 1}}, 'how_to_cite': {'apa': 'S. Veraverbeke, S. Harris, & S. Hook (2011). Evaluating spectral indices for burned area discrimination using MODIS/ASTER (MASTER) airborne simulator data. Remote Sensing of Environment, 115(10). https://doi.org/10.1016/j.rse.2011.06.010', 'bibtex': 'ASI_NSTv1'}, 'issue': '10', 'journal': 'Remote Sensing of Environment', 'source': 'crossref', 'title': 'Evaluating spectral indices for burned area discrimination using MODIS/ASTER (MASTER) airborne simulator data', 'type': 'article', 'volume': '115', 'year': 2011}}",https://github.com/davemlz,2022-10-06
NSTv2,NIR-SWIR-Temperature Version 2,"{'application_domain': 'burn', 'family': None, 'sensing_modalities': ['multispectral', 'thermal']}",(N-(S2+T))/(N+(S2+T)),"['N', 'S2', 'T']",[],{},{},{},"{'source_companions': ['NSTv1'], 'source_link': 'https://doi.org/10.1016/j.rse.2011.06.010', 'source_link_semantic_scholar': None, 'source_link_status': 'operational', 'source_link_type': 'doi', 'source_metadata': {'authors': ['S. Veraverbeke', 'S. Harris', 'S. Hook'], 'citations_metrics': {'citation_count': 86, 'date': '2026-08-18', 'overall': {'percentile': 26.2, 'percentile_similar_age': 30.77, 'rank': 235, 'rank_similar_age': 20}, 'similar_age_count': 26, 'within_application_domain': {'percentile': 29.41, 'percentile_similar_age': 100.0, 'rank': 14, 'rank_similar_age': 2}}, 'how_to_cite': {'apa': 'S. Veraverbeke, S. Harris, & S. Hook (2011). Evaluating spectral indices for burned area discrimination using MODIS/ASTER (MASTER) airborne simulator data. Remote Sensing of Environment, 115(10). https://doi.org/10.1016/j.rse.2011.06.010', 'bibtex': 'ASI_NSTv1'}, 'issue': '10', 'journal': 'Remote Sensing of Environment', 'source': 'crossref', 'title': 'Evaluating spectral indices for burned area discrimination using MODIS/ASTER (MASTER) airborne simulator data', 'type': 'article', 'volume': '115', 'year': 2011}}",https://github.com/davemlz,2022-10-06
NWI,New Water Index,"{'application_domain': 'water', 'family': None, 'sensing_modalities': ['multispectral']}",(B - (N + S1 + S2))/(B + (N + S1 + S2)),"['B', 'N', 'S1', 'S2']",[],{},{},{},"{'source_companions': [], 'source_link': 'https://doi.org/10.11873/j.issn.1004-0323.2009.2.167', 'source_link_semantic_scholar': None, 'source_link_status': 'operational', 'source_link_type': 'doi', 'source_metadata': {}}",https://github.com/davemlz,2022-01-17
NormG,Normalized Green,"{'application_domain': 'vegetation', 'family': None, 'sensing_modalities': ['multispectral']}",G/(N + G + R),"['G', 'N', 'R']",[],{},{},{},"{'source_companions': ['NormNIR', 'NormR', 'GRVI', 'GSAVI', 'GOSAVI', 'GreenDVI'], 'source_link': 'https://doi.org/10.2134/agronj2004.0314', 'source_link_semantic_scholar': None, 'source_link_status': 'operational', 'source_link_type': 'doi', 'source_metadata': {'authors': ['Ravi P. Sripada', 'Ronnie W. Heiniger', 'Jeffrey G. White', 'Randy Weisz'], 'citations_metrics': {'citation_count': 163, 'date': '2026-08-18', 'overall': {'percentile': 42.17, 'percentile_similar_age': 41.3, 'rank': 186, 'rank_similar_age': 32}, 'similar_age_count': 46, 'within_application_domain': {'percentile': 29.38, 'percentile_similar_age': 32.26, 'rank': 154, 'rank_similar_age': 26}}, 'how_to_cite': {'apa': 'Ravi P. Sripada, Ronnie W. Heiniger, Jeffrey G. White, & Randy Weisz (2005). Aerial Color Infrared Photography for Determining Late‐Season Nitrogen Requirements in Corn. Agronomy Journal, 97(5). https://doi.org/10.2134/agronj2004.0314', 'bibtex': 'ASI_GOSAVI'}, 'issue': '5', 'journal': 'Agronomy Journal', 'source': 'crossref', 'title': 'Aerial Color Infrared Photography for Determining Late‐Season Nitrogen Requirements in Corn', 'type': 'article', 'volume': '97', 'year': 2005}}",https://github.com/davemlz,2022-04-08
NormNIR,Normalized NIR,"{'application_domain': 'vegetation', 'family': None, 'sensing_modalities': ['multispectral']}",N/(N + G + R),"['N', 'G', 'R']",[],{},{},{},"{'source_companions': ['NormR', 'NormG', 'GRVI', 'GSAVI', 'GOSAVI', 'GreenDVI'], 'source_link': 'https://doi.org/10.2134/agronj2004.0314', 'source_link_semantic_scholar': None, 'source_link_status': 'operational', 'source_link_type': 'doi', 'source_metadata': {'authors': ['Ravi P. Sripada', 'Ronnie W. Heiniger', 'Jeffrey G. White', 'Randy Weisz'], 'citations_metrics': {'citation_count': 163, 'date': '2026-08-18', 'overall': {'percentile': 42.17, 'percentile_similar_age': 41.3, 'rank': 187, 'rank_similar_age': 33}, 'similar_age_count': 46, 'within_application_domain': {'percentile': 29.38, 'percentile_similar_age': 32.26, 'rank': 155, 'rank_similar_age': 27}}, 'how_to_cite': {'apa': 'Ravi P. Sripada, Ronnie W. Heiniger, Jeffrey G. White, & Randy Weisz (2005). Aerial Color Infrared Photography for Determining Late‐Season Nitrogen Requirements in Corn. Agronomy Journal, 97(5). https://doi.org/10.2134/agronj2004.0314', 'bibtex': 'ASI_GOSAVI'}, 'issue': '5', 'journal': 'Agronomy Journal', 'source': 'crossref', 'title': 'Aerial Color Infrared Photography for Determining Late‐Season Nitrogen Requirements in Corn', 'type': 'article', 'volume': '97', 'year': 2005}}",https://github.com/davemlz,2022-04-08
NormR,Normalized Red,"{'application_domain': 'vegetation', 'family': None, 'sensing_modalities': ['multispectral']}",R/(N + G + R),"['R', 'N', 'G']",[],{},{},{},"{'source_companions': ['NormNIR', 'NormG', 'GRVI', 'GSAVI', 'GOSAVI', 'GreenDVI'], 'source_link': 'https://doi.org/10.2134/agronj2004.0314', 'source_link_semantic_scholar': None, 'source_link_status': 'operational', 'source_link_type': 'doi', 'source_metadata': {'authors': ['Ravi P. Sripada', 'Ronnie W. Heiniger', 'Jeffrey G. White', 'Randy Weisz'], 'citations_metrics': {'citation_count': 163, 'date': '2026-08-18', 'overall': {'percentile': 42.17, 'percentile_similar_age': 41.3, 'rank': 188, 'rank_similar_age': 34}, 'similar_age_count': 46, 'within_application_domain': {'percentile': 29.38, 'percentile_similar_age': 32.26, 'rank': 156, 'rank_similar_age': 28}}, 'how_to_cite': {'apa': 'Ravi P. Sripada, Ronnie W. Heiniger, Jeffrey G. White, & Randy Weisz (2005). Aerial Color Infrared Photography for Determining Late‐Season Nitrogen Requirements in Corn. Agronomy Journal, 97(5). https://doi.org/10.2134/agronj2004.0314', 'bibtex': 'ASI_GOSAVI'}, 'issue': '5', 'journal': 'Agronomy Journal', 'source': 'crossref', 'title': 'Aerial Color Infrared Photography for Determining Late‐Season Nitrogen Requirements in Corn', 'type': 'article', 'volume': '97', 'year': 2005}}",https://github.com/davemlz,2022-04-08
OCVI,Optimized Chlorophyll Vegetation Index,"{'application_domain': 'vegetation', 'family': None, 'sensing_modalities': ['multispectral']}",(N / G) * (R / G) ** c,"['N', 'G', 'R']",[],"{'c': {'default_value': 1.0, 'description': 'Correction factor', 'suggested_range': [0.3, 1.74], 'suggested_values': {'Broad-band and erectophile leaf orientation (~ 70°)': [0.87, 1.74], 'Broad-band and intermediate leaf orientation (~ 50°)': [0.72, 1.4], 'Broad-band and planophile leaf orientation (~ 30°)': [0.64, 1.31], 'Broad-band reflectances': [0.64, 1.74], 'Equal OCVI to CVI': 1.0, 'Narrow-band reflectances': [0.3, 0.89]}}}",{},{},"{'source_companions': [], 'source_link': 'http://dx.doi.org/10.1007/s11119-008-9075-z', 'source_link_semantic_scholar': None, 'source_link_status': 'operational', 'source_link_type': 'doi', 'source_metadata': {'authors': ['M. Vincini', 'E. Frazzi', 'P. D’Alessio'], 'citations_metrics': {'citation_count': 283, 'date': '2026-08-18', 'overall': {'percentile': 52.72, 'percentile_similar_age': 35.29, 'rank': 154, 'rank_similar_age': 23}, 'similar_age_count': 34, 'within_application_domain': {'percentile': 38.86, 'percentile_similar_age': 25.0, 'rank': 135, 'rank_similar_age': 13}}, 'how_to_cite': {'apa': 'M. Vincini, E. Frazzi, & P. D’Alessio (2008). A broad-band leaf chlorophyll vegetation index at the canopy scale. Precision Agriculture, 9(5). https://doi.org/10.1007/s11119-008-9075-z', 'bibtex': 'ASI_OCVI'}, 'issue': '5', 'journal': 'Precision Agriculture', 'source': 'crossref', 'title': 'A broad-band leaf chlorophyll vegetation index at the canopy scale', 'type': 'article', 'volume': '9', 'year': 2008}}",https://github.com/davemlz,2021-05-13
OPSNDa,Optimized Pigment Specific Normalized Difference for Chlorophyll a,"{'application_domain': 'vegetation', 'family': None, 'sensing_modalities': ['hyperspectral']}",(R800-R680)/(R800+R680),"['R800', 'R680']",[],{},{},{},"{'source_companions': ['PSSRa', 'PSSRb', 'PSSRc', 'PSNDa', 'PSNDb', 'PSNDc', 'OPSSRa', 'OPSSRb', 'OPSSRc', 'OPSNDb', 'OPSNDc'], 'source_link': 'https://doi.org/10.1080/014311698215919', 'source_link_semantic_scholar': None, 'source_link_status': 'operational', 'source_link_type': 'doi', 'source_metadata': {'authors': ['G. A. Blackburn'], 'citations_metrics': {'citation_count': 558, 'date': '2026-08-18', 'overall': {'percentile': 70.29, 'percentile_similar_age': 73.17, 'rank': 94, 'rank_similar_age': 12}, 'similar_age_count': 41, 'within_application_domain': {'percentile': 60.66, 'percentile_similar_age': 72.22, 'rank': 84, 'rank_similar_age': 11}}, 'how_to_cite': {'apa': 'G. A. Blackburn (1998). Spectral indices for estimating photosynthetic pigment concentrations: A test using senescent tree leaves. International Journal of Remote Sensing, 19(4). https://doi.org/10.1080/014311698215919', 'bibtex': 'ASI_OPSNDa'}, 'issue': '4', 'journal': 'International Journal of Remote Sensing', 'source': 'crossref', 'title': 'Spectral indices for estimating photosynthetic pigment concentrations: A test using senescent tree leaves', 'type': 'article', 'volume': '19', 'year': 1998}}",https://github.com/davemlz,2026-08-08
OPSNDb,Optimized Pigment Specific Normalized Difference for Chlorophyll b,"{'application_domain': 'vegetation', 'family': None, 'sensing_modalities': ['hyperspectral']}",(R800-R635)/(R800+R635),"['R800', 'R635']",[],{},{},{},"{'source_companions': ['PSSRa', 'PSSRb', 'PSSRc', 'PSNDa', 'PSNDb', 'PSNDc', 'OPSSRa', 'OPSSRb', 'OPSSRc', 'OPSNDa', 'OPSNDc'], 'source_link': 'https://doi.org/10.1080/014311698215919', 'source_link_semantic_scholar': None, 'source_link_status': 'operational', 'source_link_type': 'doi', 'source_metadata': {'authors': ['G. A. Blackburn'], 'citations_metrics': {'citation_count': 558, 'date': '2026-08-18', 'overall': {'percentile': 70.29, 'percentile_similar_age': 73.17, 'rank': 95, 'rank_similar_age': 13}, 'similar_age_count': 41, 'within_application_domain': {'percentile': 60.66, 'percentile_similar_age': 72.22, 'rank': 85, 'rank_similar_age': 12}}, 'how_to_cite': {'apa': 'G. A. Blackburn (1998). Spectral indices for estimating photosynthetic pigment concentrations: A test using senescent tree leaves. International Journal of Remote Sensing, 19(4). https://doi.org/10.1080/014311698215919', 'bibtex': 'ASI_OPSNDa'}, 'issue': '4', 'journal': 'International Journal of Remote Sensing', 'source': 'crossref', 'title': 'Spectral indices for estimating photosynthetic pigment concentrations: A test using senescent tree leaves', 'type': 'article', 'volume': '19', 'year': 1998}}",https://github.com/davemlz,2026-08-08
OPSNDc,Optimized Pigment Specific Normalized Difference for Carotenoids,"{'application_domain': 'vegetation', 'family': None, 'sensing_modalities': ['hyperspectral']}",(R800-R470)/(R800+R470),"['R800', 'R470']",[],{},{},{},"{'source_companions': ['PSSRa', 'PSSRb', 'PSSRc', 'PSNDa', 'PSNDb', 'PSNDc', 'OPSSRa', 'OPSSRb', 'OPSSRc', 'OPSNDa', 'OPSNDb'], 'source_link': 'https://doi.org/10.1080/014311698215919', 'source_link_semantic_scholar': None, 'source_link_status': 'operational', 'source_link_type': 'doi', 'source_metadata': {'authors': ['G. A. Blackburn'], 'citations_metrics': {'citation_count': 558, 'date': '2026-08-18', 'overall': {'percentile': 70.29, 'percentile_similar_age': 73.17, 'rank': 96, 'rank_similar_age': 14}, 'similar_age_count': 41, 'within_application_domain': {'percentile': 60.66, 'percentile_similar_age': 72.22, 'rank': 86, 'rank_similar_age': 13}}, 'how_to_cite': {'apa': 'G. A. Blackburn (1998). Spectral indices for estimating photosynthetic pigment concentrations: A test using senescent tree leaves. International Journal of Remote Sensing, 19(4). https://doi.org/10.1080/014311698215919', 'bibtex': 'ASI_OPSNDa'}, 'issue': '4', 'journal': 'International Journal of Remote Sensing', 'source': 'crossref', 'title': 'Spectral indices for estimating photosynthetic pigment concentrations: A test using senescent tree leaves', 'type': 'article', 'volume': '19', 'year': 1998}}",https://github.com/davemlz,2026-08-08
OPSSRa,Optimized Pigment Specific Simple Ratio for Chlorophyll a,"{'application_domain': 'vegetation', 'family': None, 'sensing_modalities': ['hyperspectral']}",R800/R680,"['R800', 'R680']",[],{},{},{},"{'source_companions': ['PSSRa', 'PSSRb', 'PSSRc', 'PSNDa', 'PSNDb', 'PSNDc', 'OPSSRb', 'OPSSRc', 'OPSNDa', 'OPSNDb', 'OPSNDc'], 'source_link': 'https://doi.org/10.1080/014311698215919', 'source_link_semantic_scholar': None, 'source_link_status': 'operational', 'source_link_type': 'doi', 'source_metadata': {'authors': ['G. A. Blackburn'], 'citations_metrics': {'citation_count': 558, 'date': '2026-08-18', 'overall': {'percentile': 70.29, 'percentile_similar_age': 73.17, 'rank': 97, 'rank_similar_age': 15}, 'similar_age_count': 41, 'within_application_domain': {'percentile': 60.66, 'percentile_similar_age': 72.22, 'rank': 87, 'rank_similar_age': 14}}, 'how_to_cite': {'apa': 'G. A. Blackburn (1998). Spectral indices for estimating photosynthetic pigment concentrations: A test using senescent tree leaves. International Journal of Remote Sensing, 19(4). https://doi.org/10.1080/014311698215919', 'bibtex': 'ASI_OPSNDa'}, 'issue': '4', 'journal': 'International Journal of Remote Sensing', 'source': 'crossref', 'title': 'Spectral indices for estimating photosynthetic pigment concentrations: A test using senescent tree leaves', 'type': 'article', 'volume': '19', 'year': 1998}}",https://github.com/davemlz,2026-08-08
OPSSRb,Optimized Pigment Specific Simple Ratio for Chlorophyll b,"{'application_domain': 'vegetation', 'family': None, 'sensing_modalities': ['hyperspectral']}",R800/R635,"['R800', 'R635']",[],{},{},{},"{'source_companions': ['PSSRa', 'PSSRb', 'PSSRc', 'PSNDa', 'PSNDb', 'PSNDc', 'OPSSRa', 'OPSSRc', 'OPSNDa', 'OPSNDb', 'OPSNDc'], 'source_link': 'https://doi.org/10.1080/014311698215919', 'source_link_semantic_scholar': None, 'source_link_status': 'operational', 'source_link_type': 'doi', 'source_metadata': {'authors': ['G. A. Blackburn'], 'citations_metrics': {'citation_count': 558, 'date': '2026-08-18', 'overall': {'percentile': 70.29, 'percentile_similar_age': 73.17, 'rank': 98, 'rank_similar_age': 16}, 'similar_age_count': 41, 'within_application_domain': {'percentile': 60.66, 'percentile_similar_age': 72.22, 'rank': 88, 'rank_similar_age': 15}}, 'how_to_cite': {'apa': 'G. A. Blackburn (1998). Spectral indices for estimating photosynthetic pigment concentrations: A test using senescent tree leaves. International Journal of Remote Sensing, 19(4). https://doi.org/10.1080/014311698215919', 'bibtex': 'ASI_OPSNDa'}, 'issue': '4', 'journal': 'International Journal of Remote Sensing', 'source': 'crossref', 'title': 'Spectral indices for estimating photosynthetic pigment concentrations: A test using senescent tree leaves', 'type': 'article', 'volume': '19', 'year': 1998}}",https://github.com/davemlz,2026-08-08
OPSSRc,Optimized Pigment Specific Simple Ratio for Carotenoids,"{'application_domain': 'vegetation', 'family': None, 'sensing_modalities': ['hyperspectral']}",R800/R470,"['R800', 'R470']",[],{},{},{},"{'source_companions': ['PSSRa', 'PSSRb', 'PSSRc', 'PSNDa', 'PSNDb', 'PSNDc', 'OPSSRa', 'OPSSRb', 'OPSNDa', 'OPSNDb', 'OPSNDc'], 'source_link': 'https://doi.org/10.1080/014311698215919', 'source_link_semantic_scholar': None, 'source_link_status': 'operational', 'source_link_type': 'doi', 'source_metadata': {'authors': ['G. A. Blackburn'], 'citations_metrics': {'citation_count': 558, 'date': '2026-08-18', 'overall': {'percentile': 70.29, 'percentile_similar_age': 73.17, 'rank': 99, 'rank_similar_age': 17}, 'similar_age_count': 41, 'within_application_domain': {'percentile': 60.66, 'percentile_similar_age': 72.22, 'rank': 89, 'rank_similar_age': 16}}, 'how_to_cite': {'apa': 'G. A. Blackburn (1998). Spectral indices for estimating photosynthetic pigment concentrations: A test using senescent tree leaves. International Journal of Remote Sensing, 19(4). https://doi.org/10.1080/014311698215919', 'bibtex': 'ASI_OPSNDa'}, 'issue': '4', 'journal': 'International Journal of Remote Sensing', 'source': 'crossref', 'title': 'Spectral indices for estimating photosynthetic pigment concentrations: A test using senescent tree leaves', 'type': 'article', 'volume': '19', 'year': 1998}}",https://github.com/davemlz,2026-08-08
OSAVI,Optimized Soil-Adjusted Vegetation Index,"{'application_domain': 'vegetation', 'family': None, 'sensing_modalities': ['multispectral']}",(N - R) / (N + R + 0.16),"['N', 'R']",[],{},{},{},"{'source_companions': [], 'source_link': 'https://doi.org/10.1016/0034-4257(95)00186-7', 'source_link_semantic_scholar': None, 'source_link_status': 'operational', 'source_link_type': 'doi', 'source_metadata': {'authors': ['Geneviève Rondeaux', 'Michael Steven', 'Frédéric Baret'], 'citations_metrics': {'citation_count': 2452, 'date': '2026-08-18', 'overall': {'percentile': 95.21, 'percentile_similar_age': 87.23, 'rank': 16, 'rank_similar_age': 7}, 'similar_age_count': 47, 'within_application_domain': {'percentile': 93.84, 'percentile_similar_age': 88.37, 'rank': 14, 'rank_similar_age': 6}}, 'how_to_cite': {'apa': 'Geneviève Rondeaux, Michael Steven, & Frédéric Baret (1996). Optimization of soil-adjusted vegetation indices. Remote Sensing of Environment, 55(2). https://doi.org/10.1016/0034-4257(95)00186-7', 'bibtex': 'ASI_OSAVI'}, 'issue': '2', 'journal': 'Remote Sensing of Environment', 'source': 'crossref', 'title': 'Optimization of soil-adjusted vegetation indices', 'type': 'article', 'volume': '55', 'year': 1996}}",https://github.com/davemlz,2021-05-11
OSI,Oil Spill Index,"{'application_domain': 'water', 'family': None, 'sensing_modalities': ['multispectral']}",(G + R)/B,"['G', 'R', 'B']",[],{},{},{},"{'source_companions': [], 'source_link': 'https://doi.org/10.1016/j.mex.2021.101327', 'source_link_semantic_scholar': None, 'source_link_status': 'operational', 'source_link_type': 'doi', 'source_metadata': {'authors': ['Sankaran Rajendran', 'Ponnumony Vethamony', 'Fadhil N. Sadooni', 'Hamad Al-Saad Al-Kuwari', 'Jassim A. Al-Khayat', 'Himanshu Govil', 'Sobhi Nasir'], 'citations_metrics': {'citation_count': 25, 'date': '2026-08-18', 'overall': {'percentile': 12.14, 'percentile_similar_age': 26.32, 'rank': 276, 'rank_similar_age': 43}, 'similar_age_count': 57, 'within_application_domain': {'percentile': 16.13, 'percentile_similar_age': 18.18, 'rank': 27, 'rank_similar_age': 10}}, 'how_to_cite': {'apa': 'Sankaran Rajendran, Ponnumony Vethamony, Fadhil N. Sadooni, Hamad Al-Saad Al-Kuwari, Jassim A. Al-Khayat, Himanshu Govil, & Sobhi Nasir (2021). Sentinel-2 image transformation methods for mapping oil spill – A case study with Wakashio oil spill in the Indian Ocean, off Mauritius. MethodsX, 8. https://doi.org/10.1016/j.mex.2021.101327', 'bibtex': 'ASI_OSI'}, 'journal': 'MethodsX', 'source': 'crossref', 'title': 'Sentinel-2 image transformation methods for mapping oil spill – A case study with Wakashio oil spill in the Indian Ocean, off Mauritius', 'type': 'article', 'volume': '8', 'year': 2021}}",https://github.com/emanuelcastanho,2024-05-03
PI,Plastic Index,"{'application_domain': 'water', 'family': None, 'sensing_modalities': ['multispectral']}",N/(N + R),"['N', 'R']",[],{},{},{},"{'source_companions': ['RNDVI'], 'source_link': 'https://doi.org/10.3390/rs12162648', 'source_link_semantic_scholar': None, 'source_link_status': 'operational', 'source_link_type': 'doi', 'source_metadata': {'authors': ['Kyriacos Themistocleous', 'Christiana Papoutsa', 'Silas Michaelides', 'Diofantos Hadjimitsis'], 'citations_metrics': {'citation_count': 153, 'date': '2026-08-18', 'overall': {'percentile': 38.66, 'percentile_similar_age': 75.34, 'rank': 193, 'rank_similar_age': 19}, 'similar_age_count': 73, 'within_application_domain': {'percentile': 61.29, 'percentile_similar_age': 92.31, 'rank': 13, 'rank_similar_age': 2}}, 'how_to_cite': {'apa': 'Kyriacos Themistocleous, Christiana Papoutsa, Silas Michaelides, & Diofantos Hadjimitsis (2020). Investigating Detection of Floating Plastic Litter from Space Using Sentinel-2 Imagery. Remote Sensing, 12(16). https://doi.org/10.3390/rs12162648', 'bibtex': 'ASI_PI'}, 'issue': '16', 'journal': 'Remote Sensing', 'source': 'crossref', 'title': 'Investigating Detection of Floating Plastic Litter from Space Using Sentinel-2 Imagery', 'type': 'article', 'volume': '12', 'year': 2020}}",https://github.com/emanuelcastanho,2024-05-03
PISI,Perpendicular Impervious Surface Index,"{'application_domain': 'urban', 'family': None, 'sensing_modalities': ['multispectral']}",0.8192 * B - 0.5735 * N + 0.0750,"['B', 'N']",[],{},{},{},"{'source_companions': [], 'source_link': 'https://doi.org/10.3390/rs10101521', 'source_link_semantic_scholar': None, 'source_link_status': 'operational', 'source_link_type': 'doi', 'source_metadata': {'authors': ['Yugang Tian', 'Hui Chen', 'Qingju Song', 'Kun Zheng'], 'citations_metrics': {'citation_count': 65, 'date': '2026-08-18', 'overall': {'percentile': 21.09, 'percentile_similar_age': 28.57, 'rank': 248, 'rank_similar_age': 41}, 'similar_age_count': 56, 'within_application_domain': {'percentile': 21.05, 'percentile_similar_age': 25.0, 'rank': 16, 'rank_similar_age': 4}}, 'how_to_cite': {'apa': 'Yugang Tian, Hui Chen, Qingju Song, & Kun Zheng (2018). A Novel Index for Impervious Surface Area Mapping: Development and Validation. Remote Sensing, 10(10). https://doi.org/10.3390/rs10101521', 'bibtex': 'ASI_PISI'}, 'issue': '10', 'journal': 'Remote Sensing', 'source': 'crossref', 'title': 'A Novel Index for Impervious Surface Area Mapping: Development and Validation', 'type': 'article', 'volume': '10', 'year': 2018}}",https://github.com/davemlz,2022-04-18
PRI550,Physiological Reflectance Index at 550 nm,"{'application_domain': 'vegetation', 'family': None, 'sensing_modalities': ['hyperspectral']}",(R550 - R531)/(R550 + R531),"['R550', 'R531']",[],{},{},{},"{'source_companions': ['PRI570'], 'source_link': 'https://doi.org/10.1016/0034-4257(92)90059-S', 'source_link_semantic_scholar': None, 'source_link_status': 'operational', 'source_link_type': 'doi', 'source_metadata': {'authors': ['J.A. Gamon', 'J. Peñuelas', 'C.B. Field'], 'citations_metrics': {'citation_count': 1866, 'date': '2026-08-18', 'overall': {'percentile': 90.1, 'percentile_similar_age': 90.91, 'rank': 32, 'rank_similar_age': 3}, 'similar_age_count': 22, 'within_application_domain': {'percentile': 86.73, 'percentile_similar_age': 90.91, 'rank': 29, 'rank_similar_age': 3}}, 'how_to_cite': {'apa': 'J.A. Gamon, J. Peñuelas, & C.B. Field (1992). A narrow-waveband spectral index that tracks diurnal changes in photosynthetic efficiency. Remote Sensing of Environment, 41(1). https://doi.org/10.1016/0034-4257(92)90059-s', 'bibtex': 'ASI_PRI550'}, 'issue': '1', 'journal': 'Remote Sensing of Environment', 'source': 'crossref', 'title': 'A narrow-waveband spectral index that tracks diurnal changes in photosynthetic efficiency', 'type': 'article', 'volume': '41', 'year': 1992}}",https://github.com/davemlz,2026-08-08
PRI570,Physiological Reflectance Index at 570 nm,"{'application_domain': 'vegetation', 'family': None, 'sensing_modalities': ['hyperspectral']}",(R570 - R531)/(R570 + R531),"['R570', 'R531']",[],{},{},{},"{'source_companions': ['PRI550'], 'source_link': 'https://doi.org/10.1016/0034-4257(92)90059-S', 'source_link_semantic_scholar': None, 'source_link_status': 'operational', 'source_link_type': 'doi', 'source_metadata': {'authors': ['J.A. Gamon', 'J. Peñuelas', 'C.B. Field'], 'citations_metrics': {'citation_count': 1866, 'date': '2026-08-18', 'overall': {'percentile': 90.1, 'percentile_similar_age': 90.91, 'rank': 33, 'rank_similar_age': 4}, 'similar_age_count': 22, 'within_application_domain': {'percentile': 86.73, 'percentile_similar_age': 90.91, 'rank': 30, 'rank_similar_age': 4}}, 'how_to_cite': {'apa': 'J.A. Gamon, J. Peñuelas, & C.B. Field (1992). A narrow-waveband spectral index that tracks diurnal changes in photosynthetic efficiency. Remote Sensing of Environment, 41(1). https://doi.org/10.1016/0034-4257(92)90059-s', 'bibtex': 'ASI_PRI550'}, 'issue': '1', 'journal': 'Remote Sensing of Environment', 'source': 'crossref', 'title': 'A narrow-waveband spectral index that tracks diurnal changes in photosynthetic efficiency', 'type': 'article', 'volume': '41', 'year': 1992}}",https://github.com/davemlz,2026-08-08
PRIm1,Modified Photochemical Reflectance Index 1,"{'application_domain': 'vegetation', 'family': None, 'sensing_modalities': ['hyperspectral']}",(R512 - R531)/(R512 + R531),"['R512', 'R531']",[],{},{},{},"{'source_companions': ['PRIm4'], 'source_link': 'https://doi.org/10.1016/j.rse.2011.04.036', 'source_link_semantic_scholar': None, 'source_link_status': 'operational', 'source_link_type': 'doi', 'source_metadata': {'authors': ['Rocío Hernández-Clemente', 'Rafael M. Navarro-Cerrillo', 'Lola Suárez', 'Fermín Morales', 'Pablo J. Zarco-Tejada'], 'citations_metrics': {'citation_count': 213, 'date': '2026-08-18', 'overall': {'percentile': 47.28, 'percentile_similar_age': 57.69, 'rank': 166, 'rank_similar_age': 12}, 'similar_age_count': 26, 'within_application_domain': {'percentile': 33.65, 'percentile_similar_age': 62.5, 'rank': 141, 'rank_similar_age': 4}}, 'how_to_cite': {'apa': 'Rocío Hernández-Clemente, Rafael M. Navarro-Cerrillo, Lola Suárez, Fermín Morales, & Pablo J. Zarco-Tejada (2011). Assessing structural effects on PRI for stress detection in conifer forests. Remote Sensing of Environment, 115(9). https://doi.org/10.1016/j.rse.2011.04.036', 'bibtex': 'ASI_PRIm1'}, 'issue': '9', 'journal': 'Remote Sensing of Environment', 'source': 'crossref', 'title': 'Assessing structural effects on PRI for stress detection in conifer forests', 'type': 'article', 'volume': '115', 'year': 2011}}",https://github.com/davemlz,2026-08-08
PRIm4,Modified Photochemical Reflectance Index 4,"{'application_domain': 'vegetation', 'family': None, 'sensing_modalities': ['hyperspectral']}",(R570 - R531 - R670)/(R570 + R531 + R670),"['R570', 'R531', 'R670']",[],{},{},{},"{'source_companions': ['PRIm1'], 'source_link': 'https://doi.org/10.1016/j.rse.2011.04.036', 'source_link_semantic_scholar': None, 'source_link_status': 'operational', 'source_link_type': 'doi', 'source_metadata': {'authors': ['Rocío Hernández-Clemente', 'Rafael M. Navarro-Cerrillo', 'Lola Suárez', 'Fermín Morales', 'Pablo J. Zarco-Tejada'], 'citations_metrics': {'citation_count': 213, 'date': '2026-08-18', 'overall': {'percentile': 47.28, 'percentile_similar_age': 57.69, 'rank': 167, 'rank_similar_age': 13}, 'similar_age_count': 26, 'within_application_domain': {'percentile': 33.65, 'percentile_similar_age': 62.5, 'rank': 142, 'rank_similar_age': 5}}, 'how_to_cite': {'apa': 'Rocío Hernández-Clemente, Rafael M. Navarro-Cerrillo, Lola Suárez, Fermín Morales, & Pablo J. Zarco-Tejada (2011). Assessing structural effects on PRI for stress detection in conifer forests. Remote Sensing of Environment, 115(9). https://doi.org/10.1016/j.rse.2011.04.036', 'bibtex': 'ASI_PRIm1'}, 'issue': '9', 'journal': 'Remote Sensing of Environment', 'source': 'crossref', 'title': 'Assessing structural effects on PRI for stress detection in conifer forests', 'type': 'article', 'volume': '115', 'year': 2011}}",https://github.com/davemlz,2026-08-08
PSNDa,Pigment Specific Normalized Difference for Chlorophyll a,"{'application_domain': 'vegetation', 'family': None, 'sensing_modalities': ['hyperspectral']}",(R800-R675)/(R800+R675),"['R800', 'R675']",[],{},{},{},"{'source_companions': ['PSSRa', 'PSSRb', 'PSSRc', 'PSNDb', 'PSNDc', 'OPSSRa', 'OPSSRb', 'OPSSRc', 'OPSNDa', 'OPSNDb', 'OPSNDc'], 'source_link': 'https://doi.org/10.1080/014311698215919', 'source_link_semantic_scholar': None, 'source_link_status': 'operational', 'source_link_type': 'doi', 'source_metadata': {'authors': ['G. A. Blackburn'], 'citations_metrics': {'citation_count': 558, 'date': '2026-08-18', 'overall': {'percentile': 70.29, 'percentile_similar_age': 73.17, 'rank': 100, 'rank_similar_age': 18}, 'similar_age_count': 41, 'within_application_domain': {'percentile': 60.66, 'percentile_similar_age': 72.22, 'rank': 90, 'rank_similar_age': 17}}, 'how_to_cite': {'apa': 'G. A. Blackburn (1998). Spectral indices for estimating photosynthetic pigment concentrations: A test using senescent tree leaves. International Journal of Remote Sensing, 19(4). https://doi.org/10.1080/014311698215919', 'bibtex': 'ASI_OPSNDa'}, 'issue': '4', 'journal': 'International Journal of Remote Sensing', 'source': 'crossref', 'title': 'Spectral indices for estimating photosynthetic pigment concentrations: A test using senescent tree leaves', 'type': 'article', 'volume': '19', 'year': 1998}}",https://github.com/davemlz,2026-08-08
PSNDb,Pigment Specific Normalized Difference for Chlorophyll b,"{'application_domain': 'vegetation', 'family': None, 'sensing_modalities': ['hyperspectral']}",(R800-R650)/(R800+R650),"['R800', 'R650']",[],{},{},{},"{'source_companions': ['PSSRa', 'PSSRb', 'PSSRc', 'PSNDa', 'PSNDc', 'OPSSRa', 'OPSSRb', 'OPSSRc', 'OPSNDa', 'OPSNDb', 'OPSNDc'], 'source_link': 'https://doi.org/10.1080/014311698215919', 'source_link_semantic_scholar': None, 'source_link_status': 'operational', 'source_link_type': 'doi', 'source_metadata': {'authors': ['G. A. Blackburn'], 'citations_metrics': {'citation_count': 558, 'date': '2026-08-18', 'overall': {'percentile': 70.29, 'percentile_similar_age': 73.17, 'rank': 101, 'rank_similar_age': 19}, 'similar_age_count': 41, 'within_application_domain': {'percentile': 60.66, 'percentile_similar_age': 72.22, 'rank': 91, 'rank_similar_age': 18}}, 'how_to_cite': {'apa': 'G. A. Blackburn (1998). Spectral indices for estimating photosynthetic pigment concentrations: A test using senescent tree leaves. International Journal of Remote Sensing, 19(4). https://doi.org/10.1080/014311698215919', 'bibtex': 'ASI_OPSNDa'}, 'issue': '4', 'journal': 'International Journal of Remote Sensing', 'source': 'crossref', 'title': 'Spectral indices for estimating photosynthetic pigment concentrations: A test using senescent tree leaves', 'type': 'article', 'volume': '19', 'year': 1998}}",https://github.com/davemlz,2026-08-08
PSNDc,Pigment Specific Normalized Difference for Carotenoids,"{'application_domain': 'vegetation', 'family': None, 'sensing_modalities': ['hyperspectral']}",(R800-R500)/(R800+R500),"['R800', 'R500']",[],{},{},{},"{'source_companions': ['PSSRa', 'PSSRb', 'PSSRc', 'PSNDa', 'PSNDb', 'OPSSRa', 'OPSSRb', 'OPSSRc', 'OPSNDa', 'OPSNDb', 'OPSNDc'], 'source_link': 'https://doi.org/10.1080/014311698215919', 'source_link_semantic_scholar': None, 'source_link_status': 'operational', 'source_link_type': 'doi', 'source_metadata': {'authors': ['G. A. Blackburn'], 'citations_metrics': {'citation_count': 558, 'date': '2026-08-18', 'overall': {'percentile': 70.29, 'percentile_similar_age': 73.17, 'rank': 102, 'rank_similar_age': 20}, 'similar_age_count': 41, 'within_application_domain': {'percentile': 60.66, 'percentile_similar_age': 72.22, 'rank': 92, 'rank_similar_age': 19}}, 'how_to_cite': {'apa': 'G. A. Blackburn (1998). Spectral indices for estimating photosynthetic pigment concentrations: A test using senescent tree leaves. International Journal of Remote Sensing, 19(4). https://doi.org/10.1080/014311698215919', 'bibtex': 'ASI_OPSNDa'}, 'issue': '4', 'journal': 'International Journal of Remote Sensing', 'source': 'crossref', 'title': 'Spectral indices for estimating photosynthetic pigment concentrations: A test using senescent tree leaves', 'type': 'article', 'volume': '19', 'year': 1998}}",https://github.com/davemlz,2026-08-08
PSRI,Plant Senescence Reflectance Index,"{'application_domain': 'vegetation', 'family': None, 'sensing_modalities': ['hyperspectral']}",(R678-R500)/R750,"['R678', 'R500', 'R750']",[],{},{},{},"{'source_companions': [], 'source_link': 'https://doi.org/10.1034/j.1399-3054.1999.106119.x', 'source_link_semantic_scholar': None, 'source_link_status': 'operational', 'source_link_type': 'doi', 'source_metadata': {'authors': ['Mark N. Merzlyak', 'Anatoly A. Gitelson', 'Olga B. Chivkunova', 'Victor YU. Rakitin'], 'citations_metrics': {'citation_count': 1108, 'date': '2026-08-18', 'overall': {'percentile': 84.66, 'percentile_similar_age': 93.02, 'rank': 49, 'rank_similar_age': 4}, 'similar_age_count': 43, 'within_application_domain': {'percentile': 79.62, 'percentile_similar_age': 91.67, 'rank': 44, 'rank_similar_age': 4}}, 'how_to_cite': {'apa': 'Mark N. Merzlyak, Anatoly A. Gitelson, Olga B. Chivkunova, & Victor YU. Rakitin (1999). Non‐destructive optical detection of pigment changes during leaf senescence and fruit ripening. Physiologia Plantarum, 106(1). https://doi.org/10.1034/j.1399-3054.1999.106119.x', 'bibtex': 'ASI_PSRI'}, 'issue': '1', 'journal': 'Physiologia Plantarum', 'source': 'crossref', 'title': 'Non‐destructive optical detection of pigment changes during leaf senescence and fruit ripening', 'type': 'article', 'volume': '106', 'year': 1999}}",https://github.com/davemlz,2026-08-08
PSSRa,Pigment Specific Simple Ratio for Chlorophyll a,"{'application_domain': 'vegetation', 'family': None, 'sensing_modalities': ['hyperspectral']}",R800/R675,"['R800', 'R675']",[],{},{},{},"{'source_companions': ['PSSRb', 'PSSRc', 'PSNDa', 'PSNDb', 'PSNDc', 'OPSSRa', 'OPSSRb', 'OPSSRc', 'OPSNDa', 'OPSNDb', 'OPSNDc'], 'source_link': 'https://doi.org/10.1080/014311698215919', 'source_link_semantic_scholar': None, 'source_link_status': 'operational', 'source_link_type': 'doi', 'source_metadata': {'authors': ['G. A. Blackburn'], 'citations_metrics': {'citation_count': 558, 'date': '2026-08-18', 'overall': {'percentile': 70.29, 'percentile_similar_age': 73.17, 'rank': 103, 'rank_similar_age': 21}, 'similar_age_count': 41, 'within_application_domain': {'percentile': 60.66, 'percentile_similar_age': 72.22, 'rank': 93, 'rank_similar_age': 20}}, 'how_to_cite': {'apa': 'G. A. Blackburn (1998). Spectral indices for estimating photosynthetic pigment concentrations: A test using senescent tree leaves. International Journal of Remote Sensing, 19(4). https://doi.org/10.1080/014311698215919', 'bibtex': 'ASI_OPSNDa'}, 'issue': '4', 'journal': 'International Journal of Remote Sensing', 'source': 'crossref', 'title': 'Spectral indices for estimating photosynthetic pigment concentrations: A test using senescent tree leaves', 'type': 'article', 'volume': '19', 'year': 1998}}",https://github.com/davemlz,2026-08-08
PSSRb,Pigment Specific Simple Ratio for Chlorophyll b,"{'application_domain': 'vegetation', 'family': None, 'sensing_modalities': ['hyperspectral']}",R800/R650,"['R800', 'R650']",[],{},{},{},"{'source_companions': ['PSSRa', 'PSSRc', 'PSNDa', 'PSNDb', 'PSNDc', 'OPSSRa', 'OPSSRb', 'OPSSRc', 'OPSNDa', 'OPSNDb', 'OPSNDc'], 'source_link': 'https://doi.org/10.1080/014311698215919', 'source_link_semantic_scholar': None, 'source_link_status': 'operational', 'source_link_type': 'doi', 'source_metadata': {'authors': ['G. A. Blackburn'], 'citations_metrics': {'citation_count': 558, 'date': '2026-08-18', 'overall': {'percentile': 70.29, 'percentile_similar_age': 73.17, 'rank': 104, 'rank_similar_age': 22}, 'similar_age_count': 41, 'within_application_domain': {'percentile': 60.66, 'percentile_similar_age': 72.22, 'rank': 94, 'rank_similar_age': 21}}, 'how_to_cite': {'apa': 'G. A. Blackburn (1998). Spectral indices for estimating photosynthetic pigment concentrations: A test using senescent tree leaves. International Journal of Remote Sensing, 19(4). https://doi.org/10.1080/014311698215919', 'bibtex': 'ASI_OPSNDa'}, 'issue': '4', 'journal': 'International Journal of Remote Sensing', 'source': 'crossref', 'title': 'Spectral indices for estimating photosynthetic pigment concentrations: A test using senescent tree leaves', 'type': 'article', 'volume': '19', 'year': 1998}}",https://github.com/davemlz,2026-08-08
PSSRc,Pigment Specific Simple Ratio for Carotenoids,"{'application_domain': 'vegetation', 'family': None, 'sensing_modalities': ['hyperspectral']}",R800/R500,"['R800', 'R500']",[],{},{},{},"{'source_companions': ['PSSRa', 'PSSRb', 'PSNDa', 'PSNDb', 'PSNDc', 'OPSSRa', 'OPSSRb', 'OPSSRc', 'OPSNDa', 'OPSNDb', 'OPSNDc'], 'source_link': 'https://doi.org/10.1080/014311698215919', 'source_link_semantic_scholar': None, 'source_link_status': 'operational', 'source_link_type': 'doi', 'source_metadata': {'authors': ['G. A. Blackburn'], 'citations_metrics': {'citation_count': 558, 'date': '2026-08-18', 'overall': {'percentile': 70.29, 'percentile_similar_age': 73.17, 'rank': 105, 'rank_similar_age': 23}, 'similar_age_count': 41, 'within_application_domain': {'percentile': 60.66, 'percentile_similar_age': 72.22, 'rank': 95, 'rank_similar_age': 22}}, 'how_to_cite': {'apa': 'G. A. Blackburn (1998). Spectral indices for estimating photosynthetic pigment concentrations: A test using senescent tree leaves. International Journal of Remote Sensing, 19(4). https://doi.org/10.1080/014311698215919', 'bibtex': 'ASI_OPSNDa'}, 'issue': '4', 'journal': 'International Journal of Remote Sensing', 'source': 'crossref', 'title': 'Spectral indices for estimating photosynthetic pigment concentrations: A test using senescent tree leaves', 'type': 'article', 'volume': '19', 'year': 1998}}",https://github.com/davemlz,2026-08-08
QpRVI,Quad-Polarized Radar Vegetation Index,"{'application_domain': 'vegetation', 'family': ['radar'], 'sensing_modalities': ['radar']}",(8.0 * HV)/(HH + VV + 2.0 * HV),[],"['HV', 'HH', 'VV']",{},{},{},"{'source_companions': [], 'source_link': 'https://doi.org/10.1109/IGARSS.2001.976856', 'source_link_semantic_scholar': None, 'source_link_status': 'operational', 'source_link_type': 'doi', 'source_metadata': {'authors': ['Yunjin Kim', 'J. van Zyl'], 'citations_metrics': {'citation_count': 10, 'date': '2026-08-18', 'overall': {'percentile': 7.03, 'percentile_similar_age': 4.88, 'rank': 292, 'rank_similar_age': 40}, 'similar_age_count': 41, 'within_application_domain': {'percentile': 6.64, 'percentile_similar_age': 3.03, 'rank': 198, 'rank_similar_age': 33}}, 'how_to_cite': {'apa': 'Yunjin Kim, & J. van Zyl (2001). Comparison of forest parameter estimation techniques using SAR data. IGARSS 2001. Scanning the Present and Resolving the Future. Proceedings. IEEE 2001 International Geoscience and Remote Sensing Symposium (Cat. No.01CH37217). https://doi.org/10.1109/igarss.2001.976856', 'bibtex': 'ASI_QpRVI'}, 'journal': 'IGARSS 2001. Scanning the Present and Resolving the Future. Proceedings. IEEE 2001 International Geoscience and Remote Sensing Symposium (Cat. No.01CH37217)', 'source': 'crossref', 'title': 'Comparison of forest parameter estimation techniques using SAR data', 'type': 'conference_paper', 'year': 2001}}",https://github.com/davemlz,2021-12-24
RARSa,Ratio Analysis of Reflectance Spectra for Chlorophyll a,"{'application_domain': 'vegetation', 'family': None, 'sensing_modalities': ['hyperspectral']}",R675/R700,"['R675', 'R700']",[],{},{},{},"{'source_companions': ['RARSc', 'RARSb'], 'source_link': 'https://doi.org/10.1016/0034-4257(92)90089-3', 'source_link_semantic_scholar': None, 'source_link_status': 'operational', 'source_link_type': 'doi', 'source_metadata': {'authors': ['Emmett W Chappelle', 'Moon S Kim', 'James E McMurtrey'], 'citations_metrics': {'citation_count': 631, 'date': '2026-08-18', 'overall': {'percentile': 73.16, 'percentile_similar_age': 40.91, 'rank': 85, 'rank_similar_age': 14}, 'similar_age_count': 22, 'within_application_domain': {'percentile': 64.45, 'percentile_similar_age': 40.91, 'rank': 76, 'rank_similar_age': 14}}, 'how_to_cite': {'apa': 'Emmett W Chappelle, Moon S Kim, & James E McMurtrey (1992). Ratio analysis of reflectance spectra (RARS): An algorithm for the remote estimation of the concentrations of chlorophyll A, chlorophyll B, and carotenoids in soybean leaves. Remote Sensing of Environment, 39(3). https://doi.org/10.1016/0034-4257(92)90089-3', 'bibtex': 'ASI_RARSa'}, 'issue': '3', 'journal': 'Remote Sensing of Environment', 'source': 'crossref', 'title': 'Ratio analysis of reflectance spectra (RARS): An algorithm for the remote estimation of the concentrations of chlorophyll A, chlorophyll B, and carotenoids in soybean leaves', 'type': 'article', 'volume': '39', 'year': 1992}}",https://github.com/davemlz,2026-08-08
RARSb,Ratio Analysis of Reflectance Spectra for Chlorophyll b,"{'application_domain': 'vegetation', 'family': None, 'sensing_modalities': ['hyperspectral']}",R675/(R650*R700),"['R675', 'R650', 'R700']",[],{},{},{},"{'source_companions': ['RARSc', 'RARSa'], 'source_link': 'https://doi.org/10.1016/0034-4257(92)90089-3', 'source_link_semantic_scholar': None, 'source_link_status': 'operational', 'source_link_type': 'doi', 'source_metadata': {'authors': ['Emmett W Chappelle', 'Moon S Kim', 'James E McMurtrey'], 'citations_metrics': {'citation_count': 631, 'date': '2026-08-18', 'overall': {'percentile': 73.16, 'percentile_similar_age': 40.91, 'rank': 86, 'rank_similar_age': 15}, 'similar_age_count': 22, 'within_application_domain': {'percentile': 64.45, 'percentile_similar_age': 40.91, 'rank': 77, 'rank_similar_age': 15}}, 'how_to_cite': {'apa': 'Emmett W Chappelle, Moon S Kim, & James E McMurtrey (1992). Ratio analysis of reflectance spectra (RARS): An algorithm for the remote estimation of the concentrations of chlorophyll A, chlorophyll B, and carotenoids in soybean leaves. Remote Sensing of Environment, 39(3). https://doi.org/10.1016/0034-4257(92)90089-3', 'bibtex': 'ASI_RARSa'}, 'issue': '3', 'journal': 'Remote Sensing of Environment', 'source': 'crossref', 'title': 'Ratio analysis of reflectance spectra (RARS): An algorithm for the remote estimation of the concentrations of chlorophyll A, chlorophyll B, and carotenoids in soybean leaves', 'type': 'article', 'volume': '39', 'year': 1992}}",https://github.com/davemlz,2026-08-08
RARSc,Ratio Analysis of Reflectance Spectra for Carotenoids,"{'application_domain': 'vegetation', 'family': None, 'sensing_modalities': ['hyperspectral']}",R760/R500,"['R760', 'R500']",[],{},{},{},"{'source_companions': ['RARSa', 'RARSb'], 'source_link': 'https://doi.org/10.1016/0034-4257(92)90089-3', 'source_link_semantic_scholar': None, 'source_link_status': 'operational', 'source_link_type': 'doi', 'source_metadata': {'authors': ['Emmett W Chappelle', 'Moon S Kim', 'James E McMurtrey'], 'citations_metrics': {'citation_count': 631, 'date': '2026-08-18', 'overall': {'percentile': 73.16, 'percentile_similar_age': 40.91, 'rank': 87, 'rank_similar_age': 16}, 'similar_age_count': 22, 'within_application_domain': {'percentile': 64.45, 'percentile_similar_age': 40.91, 'rank': 78, 'rank_similar_age': 16}}, 'how_to_cite': {'apa': 'Emmett W Chappelle, Moon S Kim, & James E McMurtrey (1992). Ratio analysis of reflectance spectra (RARS): An algorithm for the remote estimation of the concentrations of chlorophyll A, chlorophyll B, and carotenoids in soybean leaves. Remote Sensing of Environment, 39(3). https://doi.org/10.1016/0034-4257(92)90089-3', 'bibtex': 'ASI_RARSa'}, 'issue': '3', 'journal': 'Remote Sensing of Environment', 'source': 'crossref', 'title': 'Ratio analysis of reflectance spectra (RARS): An algorithm for the remote estimation of the concentrations of chlorophyll A, chlorophyll B, and carotenoids in soybean leaves', 'type': 'article', 'volume': '39', 'year': 1992}}",https://github.com/davemlz,2026-08-08
RCC,Red Chromatic Coordinate,"{'application_domain': 'vegetation', 'family': None, 'sensing_modalities': ['multispectral']}",R / (R + G + B),"['R', 'G', 'B']",[],{},{},{},"{'source_companions': ['GCC', 'BCC'], 'source_link': 'https://doi.org/10.1016/0034-4257(87)90088-5', 'source_link_semantic_scholar': None, 'source_link_status': 'operational', 'source_link_type': 'doi', 'source_metadata': {'authors': ['Alan R Gillespie', 'Anne B Kahle', 'Richard E Walker'], 'citations_metrics': {'citation_count': 616, 'date': '2026-08-18', 'overall': {'percentile': 72.2, 'percentile_similar_age': 66.67, 'rank': 90, 'rank_similar_age': 5}, 'similar_age_count': 6, 'within_application_domain': {'percentile': 63.03, 'percentile_similar_age': 66.67, 'rank': 81, 'rank_similar_age': 5}}, 'how_to_cite': {'apa': 'Alan R Gillespie, Anne B Kahle, & Richard E Walker (1987). Color enhancement of highly correlated images. II. Channel ratio and “chromaticity” transformation techniques. Remote Sensing of Environment, 22(3). https://doi.org/10.1016/0034-4257(87)90088-5', 'bibtex': 'ASI_BCC'}, 'issue': '3', 'journal': 'Remote Sensing of Environment', 'source': 'crossref', 'title': 'Color enhancement of highly correlated images. II. Channel ratio and “chromaticity” transformation techniques', 'type': 'article', 'volume': '22', 'year': 1987}}",https://github.com/davemlz,2022-01-17
RDVI,Renormalized Difference Vegetation Index,"{'application_domain': 'vegetation', 'family': None, 'sensing_modalities': ['multispectral']}",(N - R) / ((N + R) ** 0.5),"['N', 'R']",[],{},{},{},"{'source_companions': ['DVI'], 'source_link': 'https://doi.org/10.1016/0034-4257(94)00114-3', 'source_link_semantic_scholar': None, 'source_link_status': 'operational', 'source_link_type': 'doi', 'source_metadata': {'authors': ['Jean-Louis Roujean', 'François-Marie Breon'], 'citations_metrics': {'citation_count': 1205, 'date': '2026-08-18', 'overall': {'percentile': 85.94, 'percentile_similar_age': 45.45, 'rank': 46, 'rank_similar_age': 14}, 'similar_age_count': 22, 'within_application_domain': {'percentile': 81.52, 'percentile_similar_age': 47.62, 'rank': 41, 'rank_similar_age': 13}}, 'how_to_cite': {'apa': 'Jean-Louis Roujean, & François-Marie Breon (1995). Estimating PAR absorbed by vegetation from bidirectional reflectance measurements. Remote Sensing of Environment, 51(3). https://doi.org/10.1016/0034-4257(94)00114-3', 'bibtex': 'ASI_DVI'}, 'issue': '3', 'journal': 'Remote Sensing of Environment', 'source': 'crossref', 'title': 'Estimating PAR absorbed by vegetation from bidirectional reflectance measurements', 'type': 'article', 'volume': '51', 'year': 1995}}",https://github.com/davemlz,2021-05-14
REDSI,Red-Edge Disease Stress Index,"{'application_domain': 'vegetation', 'family': None, 'sensing_modalities': ['multispectral']}",((705.0 - 665.0) * (RE3 - R) - (783.0 - 665.0) * (RE1 - R)) / (2.0 * R),"['RE3', 'R', 'RE1']",[],{},{},{},"{'source_companions': [], 'source_link': 'https://doi.org/10.3390/s18030868', 'source_link_semantic_scholar': None, 'source_link_status': 'operational', 'source_link_type': 'doi', 'source_metadata': {'authors': ['Qiong Zheng', 'Wenjiang Huang', 'Ximin Cui', 'Yue Shi', 'Linyi Liu'], 'citations_metrics': {'citation_count': 158, 'date': '2026-08-18', 'overall': {'percentile': 39.94, 'percentile_similar_age': 75.0, 'rank': 189, 'rank_similar_age': 15}, 'similar_age_count': 56, 'within_application_domain': {'percentile': 26.07, 'percentile_similar_age': 61.54, 'rank': 157, 'rank_similar_age': 11}}, 'how_to_cite': {'apa': 'Qiong Zheng, Wenjiang Huang, Ximin Cui, Yue Shi, & Linyi Liu (2018). New Spectral Index for Detecting Wheat Yellow Rust Using Sentinel-2 Multispectral Imagery. Sensors, 18(3). https://doi.org/10.3390/s18030868', 'bibtex': 'ASI_REDSI'}, 'issue': '3', 'journal': 'Sensors', 'source': 'crossref', 'title': 'New Spectral Index for Detecting Wheat Yellow Rust Using Sentinel-2 Multispectral Imagery', 'type': 'article', 'volume': '18', 'year': 2018}}",https://github.com/davemlz,2021-11-06
RENDVI,Red Edge Normalized Difference Vegetation Index,"{'application_domain': 'vegetation', 'family': None, 'sensing_modalities': ['multispectral']}",(RE2 - RE1)/(RE2 + RE1),"['RE2', 'RE1']",[],{},{},{},"{'source_companions': ['NDVI705', 'SR705', 'SR555'], 'source_link': 'https://doi.org/10.1016/S0176-1617(11)81633-0', 'source_link_semantic_scholar': None, 'source_link_status': 'operational', 'source_link_type': 'doi', 'source_metadata': {'authors': ['Anatoly Gitelson', 'Mark N. Merzlyak'], 'citations_metrics': {'citation_count': 1206, 'date': '2026-08-18', 'overall': {'percentile': 87.22, 'percentile_similar_age': 65.52, 'rank': 42, 'rank_similar_age': 12}, 'similar_age_count': 29, 'within_application_domain': {'percentile': 83.41, 'percentile_similar_age': 67.86, 'rank': 37, 'rank_similar_age': 11}}, 'how_to_cite': {'apa': 'Anatoly Gitelson, & Mark N. Merzlyak (1994). Spectral Reflectance Changes Associated with Autumn Senescence of Aesculus hippocastanum L. and Acer platanoides L. Leaves. Spectral Features and Relation to Chlorophyll Estimation. Journal of Plant Physiology, 143(3). https://doi.org/10.1016/s0176-1617(11)81633-0', 'bibtex': 'ASI_NDVI705'}, 'issue': '3', 'journal': 'Journal of Plant Physiology', 'source': 'crossref', 'title': 'Spectral Reflectance Changes Associated with Autumn Senescence of Aesculus hippocastanum L. and Acer platanoides L. Leaves. Spectral Features and Relation to Chlorophyll Estimation', 'type': 'article', 'volume': '143', 'year': 1994}}",https://github.com/davemlz,2022-04-09
RFDI,Radar Forest Degradation Index,"{'application_domain': 'vegetation', 'family': ['radar'], 'sensing_modalities': ['radar']}",(HH - HV)/(HH + HV),[],"['HH', 'HV']",{},{},{},"{'source_companions': [], 'source_link': 'https://doi.org/10.5194/bg-9-179-2012', 'source_link_semantic_scholar': None, 'source_link_status': 'operational', 'source_link_type': 'doi', 'source_metadata': {'authors': ['E. T. A. Mitchard', 'S. S. Saatchi', 'L. J. T. White', 'K. A. Abernethy', 'K. J. Jeffery', 'S. L. Lewis', 'M. Collins', 'M. A. Lefsky', 'M. E. Leal', 'I. H. Woodhouse', 'P. Meir'], 'citations_metrics': {'citation_count': 200, 'date': '2026-08-18', 'overall': {'percentile': 46.33, 'percentile_similar_age': 44.44, 'rank': 169, 'rank_similar_age': 16}, 'similar_age_count': 27, 'within_application_domain': {'percentile': 32.23, 'percentile_similar_age': 40.0, 'rank': 144, 'rank_similar_age': 7}}, 'how_to_cite': {'apa': 'E. T. A. Mitchard, S. S. Saatchi, L. J. T. White, K. A. Abernethy, K. J. Jeffery, S. L. Lewis, M. Collins, M. A. Lefsky, M. E. Leal, I. H. Woodhouse, & P. Meir (2012). Mapping tropical forest biomass with radar and  spaceborne LiDAR in Lopé National Park, Gabon: overcoming problems of high biomass and persistent cloud. Biogeosciences, 9(1). https://doi.org/10.5194/bg-9-179-2012', 'bibtex': 'ASI_RFDI'}, 'issue': '1', 'journal': 'Biogeosciences', 'source': 'crossref', 'title': 'Mapping tropical forest biomass with radar and  spaceborne LiDAR in Lopé National Park, Gabon: overcoming problems of high biomass and persistent cloud', 'type': 'article', 'volume': '9', 'year': 2012}}",https://github.com/davemlz,2021-12-25
RGBVI,Red Green Blue Vegetation Index,"{'application_domain': 'vegetation', 'family': None, 'sensing_modalities': ['multispectral']}",(G ** 2.0 - B * R)/(G ** 2.0 + B * R),"['G', 'B', 'R']",[],{},{},{},"{'source_companions': ['MGRVI'], 'source_link': 'https://doi.org/10.1016/j.jag.2015.02.012', 'source_link_semantic_scholar': None, 'source_link_status': 'operational', 'source_link_type': 'doi', 'source_metadata': {'authors': ['Juliane Bendig', 'Kang Yu', 'Helge Aasen', 'Andreas Bolten', 'Simon Bennertz', 'Janis Broscheit', 'Martin L. Gnyp', 'Georg Bareth'], 'citations_metrics': {'citation_count': 531, 'date': '2026-08-18', 'overall': {'percentile': 66.13, 'percentile_similar_age': 76.0, 'rank': 108, 'rank_similar_age': 8}, 'similar_age_count': 25, 'within_application_domain': {'percentile': 54.5, 'percentile_similar_age': 76.92, 'rank': 98, 'rank_similar_age': 5}}, 'how_to_cite': {'apa': 'Juliane Bendig, Kang Yu, Helge Aasen, Andreas Bolten, Simon Bennertz, Janis Broscheit, Martin L. Gnyp, & Georg Bareth (2015). Combining UAV-based plant height from crop surface models, visible, and near infrared vegetation indices for biomass monitoring in barley. International Journal of Applied Earth Observation and Geoinformation, 39. https://doi.org/10.1016/j.jag.2015.02.012', 'bibtex': 'ASI_MGRVI'}, 'journal': 'International Journal of Applied Earth Observation and Geoinformation', 'source': 'crossref', 'title': 'Combining UAV-based plant height from crop surface models, visible, and near infrared vegetation indices for biomass monitoring in barley', 'type': 'article', 'volume': '39', 'year': 2015}}",https://github.com/davemlz,2022-04-08
RGRI,Red-Green Ratio Index,"{'application_domain': 'vegetation', 'family': None, 'sensing_modalities': ['multispectral']}",R/G,"['R', 'G']",[],{},{},{},"{'source_companions': [], 'source_link': 'https://doi.org/10.1016/j.jag.2014.03.018', 'source_link_semantic_scholar': None, 'source_link_status': 'operational', 'source_link_type': 'doi', 'source_metadata': {'authors': ['M.M. Saberioon', 'M.S.M. Amin', 'A.R. Anuar', 'A. Gholizadeh', 'A. Wayayok', 'S. Khairunniza-Bejo'], 'citations_metrics': {'citation_count': 95, 'date': '2026-08-18', 'overall': {'percentile': 30.03, 'percentile_similar_age': 39.29, 'rank': 224, 'rank_similar_age': 18}, 'similar_age_count': 28, 'within_application_domain': {'percentile': 21.33, 'percentile_similar_age': 9.09, 'rank': 167, 'rank_similar_age': 11}}, 'how_to_cite': {'apa': 'M.M. Saberioon, M.S.M. Amin, A.R. Anuar, A. Gholizadeh, A. Wayayok, & S. Khairunniza-Bejo (2014). Assessment of rice leaf chlorophyll content using visible bands at different growth stages at both the leaf and canopy scale. International Journal of Applied Earth Observation and Geoinformation, 32. https://doi.org/10.1016/j.jag.2014.03.018', 'bibtex': 'ASI_RGRI'}, 'journal': 'International Journal of Applied Earth Observation and Geoinformation', 'source': 'crossref', 'title': 'Assessment of rice leaf chlorophyll content using visible bands at different growth stages at both the leaf and canopy scale', 'type': 'article', 'volume': '32', 'year': 2014}}",https://github.com/davemlz,2022-04-08
RI,Redness Index,"{'application_domain': 'vegetation', 'family': None, 'sensing_modalities': ['multispectral']}",(R - G)/(R + G),"['R', 'G']",[],{},{},{},"{'source_companions': [], 'source_link': 'https://www.documentation.ird.fr/hor/fdi:34390', 'source_link_semantic_scholar': {'corpus_id': 134833301, 'paper_id': 'b55be2da95cb9970bfa93f9c52c093039d9506b0'}, 'source_link_status': 'operational', 'source_link_type': 'other', 'source_metadata': {'authors': ['R. Escadafal', 'A. Huete'], 'citations_metrics': {'citation_count': 48, 'date': '2026-08-19', 'overall': {'percentile': 16.93, 'percentile_similar_age': 6.67, 'rank': 263, 'rank_similar_age': 15}, 'similar_age_count': 15, 'within_application_domain': {'percentile': 15.17, 'percentile_similar_age': 6.67, 'rank': 180, 'rank_similar_age': 15}}, 'how_to_cite': {'apa': 'R. Escadafal, & A. Huete (1991). Improvement in remote sensing of low vegetation cover in arid regions by correcting vegetation indices for soil ""noise"". https://www.documentation.ird.fr/hor/fdi:34390', 'bibtex': 'ASI_RI'}, 'source': 'semantic_scholar', 'title': 'Improvement in remote sensing of low vegetation cover in arid regions by correcting vegetation indices for soil ""noise""', 'year': 1991}}",https://github.com/davemlz,2022-04-09
RI4XS,SPOT HRV XS-based Redness Index 4,"{'application_domain': 'soil', 'family': None, 'sensing_modalities': ['multispectral']}",(R**2.0)/(G**4.0),"['R', 'G']",[],{},{},{},"{'source_companions': ['BITM', 'BIXS'], 'source_link': 'https://doi.org/10.1016/S0034-4257(98)00030-3', 'source_link_semantic_scholar': None, 'source_link_status': 'operational', 'source_link_type': 'doi', 'source_metadata': {'authors': ['Renaud Mathieu', 'Marcel Pouget', 'Bernard Cervelle', 'Richard Escadafal'], 'citations_metrics': {'citation_count': 174, 'date': '2026-08-18', 'overall': {'percentile': 43.45, 'percentile_similar_age': 14.63, 'rank': 180, 'rank_similar_age': 38}, 'similar_age_count': 41, 'within_application_domain': {'percentile': 76.47, 'percentile_similar_age': 100.0, 'rank': 7, 'rank_similar_age': 3}}, 'how_to_cite': {'apa': 'Renaud Mathieu, Marcel Pouget, Bernard Cervelle, & Richard Escadafal (1998). Relationships between Satellite-Based Radiometric Indices Simulated Using Laboratory Reflectance Data and Typic Soil Color of an Arid Environment. Remote Sensing of Environment, 66(1). https://doi.org/10.1016/s0034-4257(98)00030-3', 'bibtex': 'ASI_BITM'}, 'issue': '1', 'journal': 'Remote Sensing of Environment', 'source': 'crossref', 'title': 'Relationships between Satellite-Based Radiometric Indices Simulated Using Laboratory Reflectance Data and Typic Soil Color of an Arid Environment', 'type': 'article', 'volume': '66', 'year': 1998}}",https://github.com/davemlz,2022-11-20
RNDVI,Reversed Normalized Difference Vegetation Index,"{'application_domain': 'water', 'family': None, 'sensing_modalities': ['multispectral']}",(R - N)/(R + N),"['R', 'N']",[],{},{},{},"{'source_companions': ['PI'], 'source_link': 'https://doi.org/10.3390/rs12162648', 'source_link_semantic_scholar': None, 'source_link_status': 'operational', 'source_link_type': 'doi', 'source_metadata': {'authors': ['Kyriacos Themistocleous', 'Christiana Papoutsa', 'Silas Michaelides', 'Diofantos Hadjimitsis'], 'citations_metrics': {'citation_count': 153, 'date': '2026-08-18', 'overall': {'percentile': 38.66, 'percentile_similar_age': 75.34, 'rank': 194, 'rank_similar_age': 20}, 'similar_age_count': 73, 'within_application_domain': {'percentile': 61.29, 'percentile_similar_age': 92.31, 'rank': 14, 'rank_similar_age': 3}}, 'how_to_cite': {'apa': 'Kyriacos Themistocleous, Christiana Papoutsa, Silas Michaelides, & Diofantos Hadjimitsis (2020). Investigating Detection of Floating Plastic Litter from Space Using Sentinel-2 Imagery. Remote Sensing, 12(16). https://doi.org/10.3390/rs12162648', 'bibtex': 'ASI_PI'}, 'issue': '16', 'journal': 'Remote Sensing', 'source': 'crossref', 'title': 'Investigating Detection of Floating Plastic Litter from Space Using Sentinel-2 Imagery', 'type': 'article', 'volume': '12', 'year': 2020}}",https://github.com/davemlz,2024-05-16
RVI,Ratio Vegetation Index,"{'application_domain': 'vegetation', 'family': None, 'sensing_modalities': ['multispectral']}",RE2 / R,"['RE2', 'R']",[],{},{},{},"{'source_companions': [], 'source_link': 'https://doi.org/10.2134/agronj1968.00021962006000060016x', 'source_link_semantic_scholar': None, 'source_link_status': 'operational', 'source_link_type': 'doi', 'source_metadata': {'authors': ['Gerald S. Birth', 'George R. McVey'], 'citations_metrics': {'citation_count': 566, 'date': '2026-08-18', 'overall': {'percentile': 70.93, 'percentile_similar_age': 50.0, 'rank': 92, 'rank_similar_age': 2}, 'similar_age_count': 2, 'within_application_domain': {'percentile': 61.14, 'percentile_similar_age': 50.0, 'rank': 83, 'rank_similar_age': 2}}, 'how_to_cite': {'apa': 'Gerald S. Birth, & George R. McVey (1968). Measuring the Color of Growing Turf with a Reflectance Spectrophotometer<sup>1</sup>. Agronomy Journal, 60(6). https://doi.org/10.2134/agronj1968.00021962006000060016x', 'bibtex': 'ASI_RVI'}, 'issue': '6', 'journal': 'Agronomy Journal', 'source': 'crossref', 'title': 'Measuring the Color of Growing Turf with a Reflectance Spectrophotometer<sup>1</sup>', 'type': 'article', 'volume': '60', 'year': 1968}}",https://github.com/davemlz,2021-04-07
RVI4RE,4-band Red Edge Ratio Vegetation Index,"{'application_domain': 'vegetation', 'family': None, 'sensing_modalities': ['multispectral']}",(alpha * RE3 + (1 - alpha) * RE2)/(beta * R + (1 - beta) * RE1),"['RE3', 'RE2', 'R', 'RE1']",[],"{'alpha': {'default_value': 0.3, 'description': 'Parameter representing the proportion of Red Edge 3 reflectance (Sentinel-2)', 'suggested_range': [0.0, 1.0], 'suggested_values': {'April': 0.3, 'August': 0.9}}, 'beta': {'default_value': 0.3, 'description': 'Parameter representing the proportion of Red reflectance (Sentinel-2)', 'suggested_range': [0.0, 1.0], 'suggested_values': {'April': 0.3, 'August': 0.6}}}",{},{},"{'source_companions': ['NDVI4RE', 'SAVI4RE', 'NDTI4RE', 'SNDTI4RE', 'STI4RE'], 'source_link': 'https://doi.org/10.1016/j.jag.2022.102793', 'source_link_semantic_scholar': None, 'source_link_status': 'operational', 'source_link_type': 'doi', 'source_metadata': {'authors': ['Jiali Liu', 'Jianrong Fan', 'Chao Yang', 'Fubao Xu', 'Xiyu Zhang'], 'citations_metrics': {'citation_count': 20, 'date': '2026-08-18', 'overall': {'percentile': 10.22, 'percentile_similar_age': 36.0, 'rank': 285, 'rank_similar_age': 36}, 'similar_age_count': 50, 'within_application_domain': {'percentile': 9.95, 'percentile_similar_age': 45.16, 'rank': 193, 'rank_similar_age': 20}}, 'how_to_cite': {'apa': 'Jiali Liu, Jianrong Fan, Chao Yang, Fubao Xu, & Xiyu Zhang (2022). Novel vegetation indices for estimating photosynthetic and non-photosynthetic fractional vegetation cover from Sentinel data. International Journal of Applied Earth Observation and Geoinformation, 109. https://doi.org/10.1016/j.jag.2022.102793', 'bibtex': 'ASI_NDTI4RE'}, 'journal': 'International Journal of Applied Earth Observation and Geoinformation', 'source': 'crossref', 'title': 'Novel vegetation indices for estimating photosynthetic and non-photosynthetic fractional vegetation cover from Sentinel data', 'type': 'article', 'volume': '109', 'year': 2022}}",https://github.com/davemlz,2025-09-30
RVSI,Red-edge Vegetation Stress Index,"{'application_domain': 'vegetation', 'family': None, 'sensing_modalities': ['hyperspectral']}",((R714 + R752)/2.0)-R733,"['R714', 'R752', 'R733']",[],{},{},{},"{'source_companions': [], 'source_link': 'https://popo.jpl.nasa.gov/pub/docs/workshops/98_docs/37.pdf', 'source_link_semantic_scholar': None, 'source_link_status': 'down', 'source_link_type': 'other', 'source_metadata': {'source': 'contributor', 'type': 'conference_paper'}}",https://github.com/MartinuzziFrancesco,2026-08-08
RWI,Rescaled Water Index,"{'application_domain': 'water', 'family': None, 'sensing_modalities': ['multispectral']}",((G ** (1.0 / 2.71828)) * (1.0 / n) - S1) / ((G ** (1.0 / 2.71828)) * (1.0 / n) + S1),"['G', 'S1']",[],"{'n': {'default_value': 5, 'description': 'Adjustment factor. This constant is calculated as `n = median(G ** (1.0 / 2.71828)) / median(G)`, reducing the spatial dimension (see https://doi.org/10.1109/JSTARS.2025.3562089)'}}",{},{},"{'source_companions': [], 'source_link': 'https://doi.org/10.1109/JSTARS.2025.3562089', 'source_link_semantic_scholar': None, 'source_link_status': 'operational', 'source_link_type': 'doi', 'source_metadata': {'authors': ['Eduardo Felix Justiniano', 'Fernando Shinji Kawakubo', 'Edimilson Rodrigues dos Santos Junior', 'Breno Malheiros de Melo', 'Gustavo Paixão Menezes', 'Marcel Fantin', 'Julio Cesar Pedrassoli', 'Marcos Roberto Martines', 'Rúbia Gomes Morato'], 'citations_metrics': {'citation_count': 3, 'date': '2026-08-18', 'overall': {'percentile': 2.88, 'percentile_similar_age': 47.37, 'rank': 305, 'rank_similar_age': 11}, 'similar_age_count': 19, 'within_application_domain': {'percentile': 6.45, 'percentile_similar_age': 50.0, 'rank': 30, 'rank_similar_age': 3}}, 'how_to_cite': {'apa': 'Eduardo Felix Justiniano, Fernando Shinji Kawakubo, Edimilson Rodrigues dos Santos Junior, Breno Malheiros de Melo, Gustavo Paixão Menezes, Marcel Fantin, Julio Cesar Pedrassoli, Marcos Roberto Martines, & Rúbia Gomes Morato (2025). A New Spectral Index for Mapping Water Surfaces in Urban Contexts. IEEE Journal of Selected Topics in Applied Earth Observations and Remote Sensing, 18. https://doi.org/10.1109/jstars.2025.3562089', 'bibtex': 'ASI_RWI'}, 'journal': 'IEEE Journal of Selected Topics in Applied Earth Observations and Remote Sensing', 'source': 'crossref', 'title': 'A New Spectral Index for Mapping Water Surfaces in Urban Contexts', 'type': 'article', 'volume': '18', 'year': 2025}}",https://github.com/edujusti,2026-03-31
S2REP,Sentinel-2 Red-Edge Position,"{'application_domain': 'vegetation', 'family': None, 'sensing_modalities': ['multispectral']}",705.0 + 35.0 * ((((RE3 + R) / 2.0) - RE1) / (RE2 - RE1)),"['RE3', 'R', 'RE1', 'RE2']",[],{},{},{},"{'source_companions': ['IRECI'], 'source_link': 'https://doi.org/10.1016/j.isprsjprs.2013.04.007', 'source_link_semantic_scholar': None, 'source_link_status': 'operational', 'source_link_type': 'doi', 'source_metadata': {'authors': ['William James Frampton', 'Jadunandan Dash', 'Gary Watmough', 'Edward James Milton'], 'citations_metrics': {'citation_count': 670, 'date': '2026-08-18', 'overall': {'percentile': 74.76, 'percentile_similar_age': 89.66, 'rank': 81, 'rank_similar_age': 5}, 'similar_age_count': 29, 'within_application_domain': {'percentile': 66.35, 'percentile_similar_age': 100.0, 'rank': 73, 'rank_similar_age': 2}}, 'how_to_cite': {'apa': 'William James Frampton, Jadunandan Dash, Gary Watmough, & Edward James Milton (2013). Evaluating the capabilities of Sentinel-2 for quantitative estimation of biophysical variables in vegetation. ISPRS Journal of Photogrammetry and Remote Sensing, 82. https://doi.org/10.1016/j.isprsjprs.2013.04.007', 'bibtex': 'ASI_IRECI'}, 'journal': 'ISPRS Journal of Photogrammetry and Remote Sensing', 'source': 'crossref', 'title': 'Evaluating the capabilities of Sentinel-2 for quantitative estimation of biophysical variables in vegetation', 'type': 'article', 'volume': '82', 'year': 2013}}",https://github.com/davemlz,2021-09-17
S2WI,Sentinel-2 Water Index,"{'application_domain': 'water', 'family': None, 'sensing_modalities': ['multispectral']}",(RE1 - S2)/(RE1 + S2),"['RE1', 'S2']",[],{},{},{},"{'source_companions': [], 'source_link': 'https://doi.org/10.3390/w13121647', 'source_link_semantic_scholar': None, 'source_link_status': 'operational', 'source_link_type': 'doi', 'source_metadata': {'authors': ['Wei Jiang', 'Yuan Ni', 'Zhiguo Pang', 'Xiaotao Li', 'Hongrun Ju', 'Guojin He', 'Juan Lv', 'Kun Yang', 'June Fu', 'Xiangdong Qin'], 'citations_metrics': {'citation_count': 119, 'date': '2026-08-18', 'overall': {'percentile': 32.27, 'percentile_similar_age': 61.4, 'rank': 213, 'rank_similar_age': 23}, 'similar_age_count': 57, 'within_application_domain': {'percentile': 51.61, 'percentile_similar_age': 63.64, 'rank': 16, 'rank_similar_age': 5}}, 'how_to_cite': {'apa': 'Wei Jiang, Yuan Ni, Zhiguo Pang, Xiaotao Li, Hongrun Ju, Guojin He, Juan Lv, Kun Yang, June Fu, & Xiangdong Qin (2021). An Effective Water Body Extraction Method with New Water Index for Sentinel-2 Imagery. Water, 13(12). https://doi.org/10.3390/w13121647', 'bibtex': 'ASI_S2WI'}, 'issue': '12', 'journal': 'Water', 'source': 'crossref', 'title': 'An Effective Water Body Extraction Method with New Water Index for Sentinel-2 Imagery', 'type': 'article', 'volume': '13', 'year': 2021}}",https://github.com/MATRIX4284,2022-03-06
S3,S3 Snow Index,"{'application_domain': 'snow', 'family': None, 'sensing_modalities': ['multispectral']}",(N * (R - S1)) / ((N + R) * (N + S1)),"['N', 'R', 'S1']",[],{},{},{},"{'source_companions': [], 'source_link': 'https://doi.org/10.3178/jjshwr.12.28', 'source_link_semantic_scholar': None, 'source_link_status': 'operational', 'source_link_type': 'doi', 'source_metadata': {'authors': ['Atsushi SAITO', 'Takeshi YAMAZAKI'], 'citations_metrics': {'citation_count': 42, 'date': '2026-08-18', 'overall': {'percentile': 15.34, 'percentile_similar_age': 4.65, 'rank': 267, 'rank_similar_age': 42}, 'similar_age_count': 43, 'within_application_domain': {'percentile': 30.0, 'percentile_similar_age': 33.33, 'rank': 8, 'rank_similar_age': 3}}, 'how_to_cite': {'apa': 'Atsushi SAITO, & Takeshi YAMAZAKI (1999). Characteristics of Spectral Reflectance for Vegetation Ground Surfaces with Snow-cover; Vegetation Indices and Snow Indices. Journal of Japan Society of Hydrology and Water Resources, 12(1). https://doi.org/10.3178/jjshwr.12.28', 'bibtex': 'ASI_S3'}, 'issue': '1', 'journal': 'Journal of Japan Society of Hydrology and Water Resources', 'source': 'crossref', 'title': 'Characteristics of Spectral Reflectance for Vegetation Ground Surfaces with Snow-cover; Vegetation Indices and Snow Indices.', 'type': 'article', 'volume': '12', 'year': 1999}}",https://github.com/davemlz,2021-09-18
SARBR1,Scatter-Adjusted Reflectance Band Ratio 1,"{'application_domain': 'vegetation', 'family': None, 'sensing_modalities': ['hyperspectral']}",R750/R550,"['R750', 'R550']",[],{},{},{},"{'source_companions': ['URBR1', 'URBR2', 'URBR3', 'URBR4', 'URBR5', 'SARBR2', 'SARBR3', 'SARBR4', 'SARBR5'], 'source_link': 'https://doi.org/10.1016/S0034-4257(98)00046-7', 'source_link_semantic_scholar': None, 'source_link_status': 'operational', 'source_link_type': 'doi', 'source_metadata': {'authors': ['Bisun Datt'], 'citations_metrics': {'citation_count': 464, 'date': '2026-08-18', 'overall': {'percentile': 64.86, 'percentile_similar_age': 43.9, 'rank': 111, 'rank_similar_age': 24}, 'similar_age_count': 41, 'within_application_domain': {'percentile': 52.61, 'percentile_similar_age': 38.89, 'rank': 101, 'rank_similar_age': 23}}, 'how_to_cite': {'apa': 'Bisun Datt (1998). Remote Sensing of Chlorophyll a, Chlorophyll b, Chlorophyll a+b, and Total Carotenoid Content in Eucalyptus Leaves. Remote Sensing of Environment, 66(2). https://doi.org/10.1016/s0034-4257(98)00046-7', 'bibtex': 'ASI_SARBR1'}, 'issue': '2', 'journal': 'Remote Sensing of Environment', 'source': 'crossref', 'title': 'Remote Sensing of Chlorophyll a, Chlorophyll b, Chlorophyll a+b, and Total Carotenoid Content in Eucalyptus Leaves', 'type': 'article', 'volume': '66', 'year': 1998}}",https://github.com/davemlz,2026-08-08
SARBR2,Scatter-Adjusted Reflectance Band Ratio 2,"{'application_domain': 'vegetation', 'family': None, 'sensing_modalities': ['hyperspectral']}",R750/R700,"['R750', 'R700']",[],{},{},{},"{'source_companions': ['URBR1', 'URBR2', 'URBR3', 'URBR4', 'URBR5', 'SARBR1', 'SARBR3', 'SARBR4', 'SARBR5'], 'source_link': 'https://doi.org/10.1016/S0034-4257(98)00046-7', 'source_link_semantic_scholar': None, 'source_link_status': 'operational', 'source_link_type': 'doi', 'source_metadata': {'authors': ['Bisun Datt'], 'citations_metrics': {'citation_count': 464, 'date': '2026-08-18', 'overall': {'percentile': 64.86, 'percentile_similar_age': 43.9, 'rank': 112, 'rank_similar_age': 25}, 'similar_age_count': 41, 'within_application_domain': {'percentile': 52.61, 'percentile_similar_age': 38.89, 'rank': 102, 'rank_similar_age': 24}}, 'how_to_cite': {'apa': 'Bisun Datt (1998). Remote Sensing of Chlorophyll a, Chlorophyll b, Chlorophyll a+b, and Total Carotenoid Content in Eucalyptus Leaves. Remote Sensing of Environment, 66(2). https://doi.org/10.1016/s0034-4257(98)00046-7', 'bibtex': 'ASI_SARBR1'}, 'issue': '2', 'journal': 'Remote Sensing of Environment', 'source': 'crossref', 'title': 'Remote Sensing of Chlorophyll a, Chlorophyll b, Chlorophyll a+b, and Total Carotenoid Content in Eucalyptus Leaves', 'type': 'article', 'volume': '66', 'year': 1998}}",https://github.com/davemlz,2026-08-08
SARBR3,Scatter-Adjusted Reflectance Band Ratio 3,"{'application_domain': 'vegetation', 'family': None, 'sensing_modalities': ['hyperspectral']}",R860/R550,"['R860', 'R550']",[],{},{},{},"{'source_companions': ['URBR1', 'URBR2', 'URBR3', 'URBR4', 'URBR5', 'SARBR1', 'SARBR2', 'SARBR4', 'SARBR5'], 'source_link': 'https://doi.org/10.1016/S0034-4257(98)00046-7', 'source_link_semantic_scholar': None, 'source_link_status': 'operational', 'source_link_type': 'doi', 'source_metadata': {'authors': ['Bisun Datt'], 'citations_metrics': {'citation_count': 464, 'date': '2026-08-18', 'overall': {'percentile': 64.86, 'percentile_similar_age': 43.9, 'rank': 113, 'rank_similar_age': 26}, 'similar_age_count': 41, 'within_application_domain': {'percentile': 52.61, 'percentile_similar_age': 38.89, 'rank': 103, 'rank_similar_age': 25}}, 'how_to_cite': {'apa': 'Bisun Datt (1998). Remote Sensing of Chlorophyll a, Chlorophyll b, Chlorophyll a+b, and Total Carotenoid Content in Eucalyptus Leaves. Remote Sensing of Environment, 66(2). https://doi.org/10.1016/s0034-4257(98)00046-7', 'bibtex': 'ASI_SARBR1'}, 'issue': '2', 'journal': 'Remote Sensing of Environment', 'source': 'crossref', 'title': 'Remote Sensing of Chlorophyll a, Chlorophyll b, Chlorophyll a+b, and Total Carotenoid Content in Eucalyptus Leaves', 'type': 'article', 'volume': '66', 'year': 1998}}",https://github.com/davemlz,2026-08-08
SARBR4,Scatter-Adjusted Reflectance Band Ratio 4,"{'application_domain': 'vegetation', 'family': None, 'sensing_modalities': ['hyperspectral']}",R860/R708,"['R860', 'R708']",[],{},{},{},"{'source_companions': ['URBR1', 'URBR2', 'URBR3', 'URBR4', 'URBR5', 'SARBR1', 'SARBR2', 'SARBR3', 'SARBR5'], 'source_link': 'https://doi.org/10.1016/S0034-4257(98)00046-7', 'source_link_semantic_scholar': None, 'source_link_status': 'operational', 'source_link_type': 'doi', 'source_metadata': {'authors': ['Bisun Datt'], 'citations_metrics': {'citation_count': 464, 'date': '2026-08-18', 'overall': {'percentile': 64.86, 'percentile_similar_age': 43.9, 'rank': 114, 'rank_similar_age': 27}, 'similar_age_count': 41, 'within_application_domain': {'percentile': 52.61, 'percentile_similar_age': 38.89, 'rank': 104, 'rank_similar_age': 26}}, 'how_to_cite': {'apa': 'Bisun Datt (1998). Remote Sensing of Chlorophyll a, Chlorophyll b, Chlorophyll a+b, and Total Carotenoid Content in Eucalyptus Leaves. Remote Sensing of Environment, 66(2). https://doi.org/10.1016/s0034-4257(98)00046-7', 'bibtex': 'ASI_SARBR1'}, 'issue': '2', 'journal': 'Remote Sensing of Environment', 'source': 'crossref', 'title': 'Remote Sensing of Chlorophyll a, Chlorophyll b, Chlorophyll a+b, and Total Carotenoid Content in Eucalyptus Leaves', 'type': 'article', 'volume': '66', 'year': 1998}}",https://github.com/davemlz,2026-08-08
SARBR5,Scatter-Adjusted Reflectance Band Ratio 5,"{'application_domain': 'vegetation', 'family': None, 'sensing_modalities': ['hyperspectral']}",R860/(R550*R708),"['R860', 'R550', 'R708']",[],{},{},{},"{'source_companions': ['URBR1', 'URBR2', 'URBR3', 'URBR4', 'URBR5', 'SARBR1', 'SARBR2', 'SARBR3', 'SARBR4'], 'source_link': 'https://doi.org/10.1016/S0034-4257(98)00046-7', 'source_link_semantic_scholar': None, 'source_link_status': 'operational', 'source_link_type': 'doi', 'source_metadata': {'authors': ['Bisun Datt'], 'citations_metrics': {'citation_count': 464, 'date': '2026-08-18', 'overall': {'percentile': 64.86, 'percentile_similar_age': 43.9, 'rank': 115, 'rank_similar_age': 28}, 'similar_age_count': 41, 'within_application_domain': {'percentile': 52.61, 'percentile_similar_age': 38.89, 'rank': 105, 'rank_similar_age': 27}}, 'how_to_cite': {'apa': 'Bisun Datt (1998). Remote Sensing of Chlorophyll a, Chlorophyll b, Chlorophyll a+b, and Total Carotenoid Content in Eucalyptus Leaves. Remote Sensing of Environment, 66(2). https://doi.org/10.1016/s0034-4257(98)00046-7', 'bibtex': 'ASI_SARBR1'}, 'issue': '2', 'journal': 'Remote Sensing of Environment', 'source': 'crossref', 'title': 'Remote Sensing of Chlorophyll a, Chlorophyll b, Chlorophyll a+b, and Total Carotenoid Content in Eucalyptus Leaves', 'type': 'article', 'volume': '66', 'year': 1998}}",https://github.com/davemlz,2026-08-08
SARVI,Soil Adjusted and Atmospherically Resistant Vegetation Index,"{'application_domain': 'vegetation', 'family': None, 'sensing_modalities': ['multispectral']}",(1 + L)*(N - (R - gamma * (B - R))) / (N + (R - gamma * (B - R)) + L),"['N', 'R', 'B']",[],"{'L': {'default_value': 0.5, 'description': 'Canopy background adjustment'}, 'gamma': {'default_value': 1.0, 'description': 'Weighting coefficient used for reducing atmospheric effects', 'suggested_range': [0.0, 2.0], 'suggested_values': {'Bare soil, very sparse vegetation, or arid and semi-arid areas': 0.5, 'Equal SARVI to SAVI': 0.0, 'Lowest sensitivity for dense forests': [1.0, 2.0], 'Model-specific optimum for continental aerosol. alpha ~ 1.3': 0.9, 'Model-specific optimum for maritime aerosol. alpha ~ 0.2': 1.7}}}",{},{},"{'source_companions': ['ARVI'], 'source_link': 'https://doi.org/10.1109/36.134076', 'source_link_semantic_scholar': None, 'source_link_status': 'operational', 'source_link_type': 'doi', 'source_metadata': {'authors': ['Y.J. Kaufman', 'D. Tanre'], 'citations_metrics': {'citation_count': 1151, 'date': '2026-08-18', 'overall': {'percentile': 85.3, 'percentile_similar_age': 59.09, 'rank': 48, 'rank_similar_age': 11}, 'similar_age_count': 22, 'within_application_domain': {'percentile': 80.57, 'percentile_similar_age': 59.09, 'rank': 43, 'rank_similar_age': 11}}, 'how_to_cite': {'apa': 'Y.J. Kaufman, & D. Tanre (1992). Atmospherically resistant vegetation index (ARVI) for EOS-MODIS. IEEE Transactions on Geoscience and Remote Sensing, 30(2). https://doi.org/10.1109/36.134076', 'bibtex': 'ASI_ARVI'}, 'issue': '2', 'journal': 'IEEE Transactions on Geoscience and Remote Sensing', 'source': 'crossref', 'title': 'Atmospherically resistant vegetation index (ARVI) for EOS-MODIS', 'type': 'article', 'volume': '30', 'year': 1992}}",https://github.com/davemlz,2021-05-11
SAVI,Soil-Adjusted Vegetation Index,"{'application_domain': 'vegetation', 'family': None, 'sensing_modalities': ['multispectral']}",(1.0 + L) * (N - R) / (N + R + L),"['N', 'R']",[],"{'L': {'default_value': 0.5, 'description': 'Canopy background adjustment', 'suggested_range': [0.25, 1], 'suggested_values': {'High vegetation densities': 0.25, 'Intermediate vegetation densities': 0.5, 'Low vegetation densities': 1.0}}}",{},{},"{'source_companions': [], 'source_link': 'https://doi.org/10.1016/0034-4257(88)90106-X', 'source_link_semantic_scholar': None, 'source_link_status': 'operational', 'source_link_type': 'doi', 'source_metadata': {'authors': ['A.R Huete'], 'citations_metrics': {'citation_count': 6293, 'date': '2026-08-18', 'overall': {'percentile': 98.4, 'percentile_similar_age': 100.0, 'rank': 6, 'rank_similar_age': 1}, 'similar_age_count': 8, 'within_application_domain': {'percentile': 98.1, 'percentile_similar_age': 100.0, 'rank': 5, 'rank_similar_age': 1}}, 'how_to_cite': {'apa': 'A.R Huete (1988). A soil-adjusted vegetation index (SAVI). Remote Sensing of Environment, 25(3). https://doi.org/10.1016/0034-4257(88)90106-x', 'bibtex': 'ASI_SAVI'}, 'issue': '3', 'journal': 'Remote Sensing of Environment', 'source': 'crossref', 'title': 'A soil-adjusted vegetation index (SAVI)', 'type': 'article', 'volume': '25', 'year': 1988}}",https://github.com/davemlz,2021-04-07
SAVI2,Soil-Adjusted Vegetation Index 2,"{'application_domain': 'vegetation', 'family': None, 'sensing_modalities': ['multispectral']}",N / (R + (slb / sla)),"['N', 'R']",[],"{'sla': {'default_value': 1.0, 'description': 'Soil line slope. N = sla * R + slb (only for soil pixels/measurements)'}, 'slb': {'default_value': 0.0, 'description': 'Soil line intercept.  N = sla * R + slb (only for soil pixels/measurements)'}}",{},{},"{'source_companions': [], 'source_link': 'https://doi.org/10.1080/01431169008955053', 'source_link_semantic_scholar': None, 'source_link_status': 'operational', 'source_link_type': 'doi', 'source_metadata': {'authors': ['D. J. MAJOR', 'F. BARET', 'G. GUYOT'], 'citations_metrics': {'citation_count': 306, 'date': '2026-08-18', 'overall': {'percentile': 54.31, 'percentile_similar_age': 20.0, 'rank': 144, 'rank_similar_age': 13}, 'similar_age_count': 15, 'within_application_domain': {'percentile': 40.76, 'percentile_similar_age': 20.0, 'rank': 126, 'rank_similar_age': 13}}, 'how_to_cite': {'apa': 'D. J. MAJOR, F. BARET, & G. GUYOT (1990). A ratio vegetation index adjusted for soil brightness. International Journal of Remote Sensing, 11(5). https://doi.org/10.1080/01431169008955053', 'bibtex': 'ASI_SAVI2'}, 'issue': '5', 'journal': 'International Journal of Remote Sensing', 'source': 'crossref', 'title': 'A ratio vegetation index adjusted for soil brightness', 'type': 'article', 'volume': '11', 'year': 1990}}",https://github.com/davemlz,2021-05-14
SAVI4RE,4-band Red Edge Soil Adjusted Vegetation Index,"{'application_domain': 'vegetation', 'family': None, 'sensing_modalities': ['multispectral']}",2.0 * ((alpha * RE3 + (1 - alpha) * RE2) - (beta * R + (1 - beta) * RE1))/((alpha * RE3 + (1 - alpha) * RE2) + (beta * R + (1 - beta) * RE1 + 1)),"['RE3', 'RE2', 'R', 'RE1']",[],"{'alpha': {'default_value': 0.2, 'description': 'Parameter representing the proportion of Red Edge 3 reflectance (Sentinel-2)', 'suggested_range': [0.0, 1.0], 'suggested_values': {'April': 0.2, 'August': 0.7}}, 'beta': {'default_value': 0.2, 'description': 'Parameter representing the proportion of Red reflectance (Sentinel-2)', 'suggested_range': [0.0, 1.0], 'suggested_values': {'April': 0.2, 'August': 0.7}}}",{},{},"{'source_companions': ['NDVI4RE', 'RVI4RE', 'NDTI4RE', 'SNDTI4RE', 'STI4RE'], 'source_link': 'https://doi.org/10.1016/j.jag.2022.102793', 'source_link_semantic_scholar': None, 'source_link_status': 'operational', 'source_link_type': 'doi', 'source_metadata': {'authors': ['Jiali Liu', 'Jianrong Fan', 'Chao Yang', 'Fubao Xu', 'Xiyu Zhang'], 'citations_metrics': {'citation_count': 20, 'date': '2026-08-18', 'overall': {'percentile': 10.22, 'percentile_similar_age': 36.0, 'rank': 286, 'rank_similar_age': 37}, 'similar_age_count': 50, 'within_application_domain': {'percentile': 9.95, 'percentile_similar_age': 45.16, 'rank': 194, 'rank_similar_age': 21}}, 'how_to_cite': {'apa': 'Jiali Liu, Jianrong Fan, Chao Yang, Fubao Xu, & Xiyu Zhang (2022). Novel vegetation indices for estimating photosynthetic and non-photosynthetic fractional vegetation cover from Sentinel data. International Journal of Applied Earth Observation and Geoinformation, 109. https://doi.org/10.1016/j.jag.2022.102793', 'bibtex': 'ASI_NDTI4RE'}, 'journal': 'International Journal of Applied Earth Observation and Geoinformation', 'source': 'crossref', 'title': 'Novel vegetation indices for estimating photosynthetic and non-photosynthetic fractional vegetation cover from Sentinel data', 'type': 'article', 'volume': '109', 'year': 2022}}",https://github.com/davemlz,2025-09-30
SAVISR,Soil-Adjusted Vegetation Index with Simple Ratio,"{'application_domain': 'vegetation', 'family': None, 'sensing_modalities': ['multispectral']}",(N**2 - R)/(R * (N + R + L)),"['N', 'R']",[],"{'L': {'default_value': 0.5, 'description': 'Background Adjustment Factor'}}",{},{},"{'source_companions': ['MNLI', 'NDVISR'], 'source_link': 'https://doi.org/10.1109/TGRS.2003.812910', 'source_link_semantic_scholar': None, 'source_link_status': 'operational', 'source_link_type': 'doi', 'source_metadata': {'authors': ['Peng Gong', 'Ruiliang Pu', 'G.S. Biging', 'M.R. Larrieu'], 'citations_metrics': {'citation_count': 355, 'date': '2026-08-18', 'overall': {'percentile': 58.15, 'percentile_similar_age': 47.46, 'rank': 134, 'rank_similar_age': 34}, 'similar_age_count': 59, 'within_application_domain': {'percentile': 44.08, 'percentile_similar_age': 39.13, 'rank': 121, 'rank_similar_age': 31}}, 'how_to_cite': {'apa': 'Peng Gong, Ruiliang Pu, G.S. Biging, & M.R. Larrieu (2003). Estimation of forest leaf area index using vegetation indices derived from hyperion hyperspectral data. IEEE Transactions on Geoscience and Remote Sensing, 41(6). https://doi.org/10.1109/tgrs.2003.812910', 'bibtex': 'ASI_MNLI'}, 'issue': '6', 'journal': 'IEEE Transactions on Geoscience and Remote Sensing', 'source': 'crossref', 'title': 'Estimation of forest leaf area index using vegetation indices derived from hyperion hyperspectral data', 'type': 'article', 'volume': '41', 'year': 2003}}",https://github.com/davemlz,2026-08-12
SAVIT,Soil-Adjusted Vegetation Index Thermal,"{'application_domain': 'burn', 'family': None, 'sensing_modalities': ['multispectral', 'thermal']}",(1.0 + L) * (N - (R * T / 10000.0)) / (N + (R * T / 10000.0) + L),"['N', 'R', 'T']",[],"{'L': {'default_value': 0.5, 'description': 'Canopy background adjustment'}}",{},{},"{'source_companions': ['CSIT', 'NDVIT'], 'source_link': 'https://doi.org/10.1080/01431160600954704', 'source_link_semantic_scholar': None, 'source_link_status': 'operational', 'source_link_type': 'doi', 'source_metadata': {'authors': ['A. M. S. Smith', 'N. A. Drake', 'M. J. Wooster', 'A. T. Hudak', 'Z. A. Holden', 'C. J. Gibbons'], 'citations_metrics': {'citation_count': 157, 'date': '2026-08-18', 'overall': {'percentile': 39.62, 'percentile_similar_age': 35.0, 'rank': 192, 'rank_similar_age': 29}, 'similar_age_count': 40, 'within_application_domain': {'percentile': 88.24, 'percentile_similar_age': 88.89, 'rank': 5, 'rank_similar_age': 4}}, 'how_to_cite': {'apa': 'A. M. S. Smith, N. A. Drake, M. J. Wooster, A. T. Hudak, Z. A. Holden, & C. J. Gibbons (2007). Production of Landsat ETM+ reference imagery of burned areas within Southern African savannahs: comparison of methods and application to MODIS. International Journal of Remote Sensing, 28(12). https://doi.org/10.1080/01431160600954704', 'bibtex': 'ASI_CSIT'}, 'issue': '12', 'journal': 'International Journal of Remote Sensing', 'source': 'crossref', 'title': 'Production of Landsat ETM+ reference imagery of burned areas within Southern African savannahs: comparison of methods and application to MODIS', 'type': 'article', 'volume': '28', 'year': 2007}}",https://github.com/davemlz,2021-04-07
SCoWI,Subtractive Coastal Water Index,"{'application_domain': 'water', 'family': None, 'sensing_modalities': ['multispectral']}",B + 2.0 * (G - N) - 0.75 * S1 - 0.5 * S2,"['B', 'G', 'N', 'S1', 'S2']",[],{},{},{},"{'source_companions': [], 'source_link': 'https://doi.org/10.3390/rs16152795', 'source_link_semantic_scholar': None, 'source_link_status': 'operational', 'source_link_type': 'doi', 'source_metadata': {'authors': ['Erwin W. J. Bergsma', 'Adrien N. Klotz', 'Stéphanie Artigues', 'Marcan Graffin', 'Anna Prenowitz', 'Jean-Marc Delvit', 'Rafael Almar'], 'citations_metrics': {'citation_count': 30, 'date': '2026-08-18', 'overall': {'percentile': 12.78, 'percentile_similar_age': 90.0, 'rank': 274, 'rank_similar_age': 4}, 'similar_age_count': 30, 'within_application_domain': {'percentile': 22.58, 'percentile_similar_age': 80.0, 'rank': 25, 'rank_similar_age': 2}}, 'how_to_cite': {'apa': 'Erwin W. J. Bergsma, Adrien N. Klotz, Stéphanie Artigues, Marcan Graffin, Anna Prenowitz, Jean-Marc Delvit, & Rafael Almar (2024). Shoreliner: A Sub-Pixel Coastal Waterline Extraction Pipeline for Multi-Spectral Satellite Optical Imagery. Remote Sensing, 16(15). https://doi.org/10.3390/rs16152795', 'bibtex': 'ASI_SCoWI'}, 'issue': '15', 'journal': 'Remote Sensing', 'source': 'crossref', 'title': 'Shoreliner: A Sub-Pixel Coastal Waterline Extraction Pipeline for Multi-Spectral Satellite Optical Imagery', 'type': 'article', 'volume': '16', 'year': 2024}}",https://github.com/cmayet,2026-03-31
SEVI,Shadow-Eliminated Vegetation Index,"{'application_domain': 'vegetation', 'family': None, 'sensing_modalities': ['multispectral']}",(N/R) + fdelta * (1.0/R),"['N', 'R']",[],"{'fdelta': {'default_value': 0.581, 'description': 'Adjustment factor to avoid under-elimination or over-elimination'}}",{},{},"{'source_companions': [], 'source_link': 'https://doi.org/10.1080/17538947.2018.1495770', 'source_link_semantic_scholar': None, 'source_link_status': 'operational', 'source_link_type': 'doi', 'source_metadata': {'authors': ['Hong Jiang', 'Sen Wang', 'Xiaojie Cao', 'Chenghai Yang', 'Zhaoming Zhang', 'Xiaoqin Wang'], 'citations_metrics': {'citation_count': 42, 'date': '2026-08-18', 'overall': {'percentile': 15.34, 'percentile_similar_age': 17.65, 'rank': 268, 'rank_similar_age': 57}, 'similar_age_count': 68, 'within_application_domain': {'percentile': 14.22, 'percentile_similar_age': 26.47, 'rank': 182, 'rank_similar_age': 26}}, 'how_to_cite': {'apa': 'Hong Jiang, Sen Wang, Xiaojie Cao, Chenghai Yang, Zhaoming Zhang, & Xiaoqin Wang (2019). A shadow- eliminated vegetation index (SEVI) for removal of self and cast shadow effects on vegetation in rugged terrains. International Journal of Digital Earth, 12(9). https://doi.org/10.1080/17538947.2018.1495770', 'bibtex': 'ASI_SEVI'}, 'issue': '9', 'journal': 'International Journal of Digital Earth', 'source': 'crossref', 'title': 'A shadow- eliminated vegetation index (SEVI) for removal of self and cast shadow effects on vegetation in rugged terrains', 'type': 'article', 'volume': '12', 'year': 2019}}",https://github.com/davemlz,2022-09-22
SI,Shadow Index,"{'application_domain': 'vegetation', 'family': None, 'sensing_modalities': ['multispectral']}",((1.0 - B) * (1.0 - G) * (1.0 - R)) ** (1/3),"['B', 'G', 'R']",[],{},{},{},"{'source_companions': ['AVI', 'BI'], 'source_link': 'https://www.researchgate.net/publication/255718070_Tropical_forest_cover_density_mapping', 'source_link_semantic_scholar': {'corpus_id': 88163464, 'paper_id': '076b1060b928d1bf7a4ae1107ec82b291867c61e'}, 'source_link_status': 'operational', 'source_link_type': 'other', 'source_metadata': {'authors': ['A. Rikimaru', 'P. Roy', 'S. Miyatake'], 'citations_metrics': {'citation_count': 443, 'date': '2026-08-19', 'overall': {'percentile': 61.34, 'percentile_similar_age': 42.86, 'rank': 124, 'rank_similar_age': 31}, 'similar_age_count': 49, 'within_application_domain': {'percentile': 47.39, 'percentile_similar_age': 36.59, 'rank': 113, 'rank_similar_age': 28}}, 'how_to_cite': {'apa': 'A. Rikimaru, P. Roy, & S. Miyatake (2002). Tropical forest cover density mapping. Tropical Ecology, 43. https://www.researchgate.net/publication/255718070_Tropical_forest_cover_density_mapping', 'bibtex': 'ASI_AVI'}, 'journal': 'Tropical Ecology', 'source': 'semantic_scholar', 'title': 'Tropical forest cover density mapping', 'volume': '43', 'year': 2002}}",https://github.com/davemlz,2022-04-08
SIPI,Structure Insensitive Pigment Index,"{'application_domain': 'vegetation', 'family': None, 'sensing_modalities': ['multispectral']}",(N - A) / (N - R),"['N', 'A', 'R']",[],{},{},{},"{'source_companions': [], 'source_link': 'https://eurekamag.com/research/009/395/009395053.php', 'source_link_semantic_scholar': None, 'source_link_status': 'operational', 'source_link_type': 'other', 'source_metadata': {}}",https://github.com/davemlz,2021-09-17
SLAVI,Specific Leaf Area Vegetation Index,"{'application_domain': 'vegetation', 'family': None, 'sensing_modalities': ['multispectral']}",N/(R + S2),"['N', 'R', 'S2']",[],{},{},{},"{'source_companions': [], 'source_link': 'https://www.asprs.org/wp-content/uploads/pers/2000journal/february/2000_feb_183-191.pdf', 'source_link_semantic_scholar': None, 'source_link_status': 'down', 'source_link_type': 'other', 'source_metadata': {}}",https://github.com/geoSanjeeb,2023-07-03
SNDTI,Soil-Adjusted Normalized Difference Tillage Index,"{'application_domain': 'vegetation', 'family': None, 'sensing_modalities': ['multispectral']}",(1.0 + L) * (S1 - S2) / (S1 + S2 + L),"['S1', 'S2']",[],"{'L': {'default_value': 0.6, 'description': 'Soil adjustment factor', 'suggested_range': [0.0, 1.0], 'suggested_values': {'Increased litter mass': 0.0, 'Low litter mass': 1.0}}}",{},{},"{'source_companions': [], 'source_link': 'https://doi.org/10.1080/22797254.2017.1418186', 'source_link_semantic_scholar': None, 'source_link_status': 'operational', 'source_link_type': 'doi', 'source_metadata': {'authors': ['Hongrui Ren', 'Bei Zhang', 'Xulin Guo'], 'citations_metrics': {'citation_count': 16, 'date': '2026-08-18', 'overall': {'percentile': 7.99, 'percentile_similar_age': 1.79, 'rank': 289, 'rank_similar_age': 56}, 'similar_age_count': 56, 'within_application_domain': {'percentile': 7.11, 'percentile_similar_age': 3.85, 'rank': 197, 'rank_similar_age': 26}}, 'how_to_cite': {'apa': 'Hongrui Ren, Bei Zhang, & Xulin Guo (2018). Estimation of litter mass in nongrowing seasons in arid grasslands using MODIS satellite data. European Journal of Remote Sensing, 51(1). https://doi.org/10.1080/22797254.2017.1418186', 'bibtex': 'ASI_SNDTI'}, 'issue': '1', 'journal': 'European Journal of Remote Sensing', 'source': 'crossref', 'title': 'Estimation of litter mass in nongrowing seasons in arid grasslands using MODIS satellite data', 'type': 'article', 'volume': '51', 'year': 2018}}",https://github.com/davemlz,2025-10-11
SNDTI4RE,4-band Red Edge Soil-Adjusted Normalized Difference Tillage Index,"{'application_domain': 'vegetation', 'family': None, 'sensing_modalities': ['multispectral']}",gamma * ((S1 - S2) * 2.0)/(S1 + S2 + 1.0) + (1 - gamma) * ((N - RE3) * 2.0)/(N + RE3 + 1.0),"['S1', 'S2', 'N', 'RE3']",[],"{'gamma': {'default_value': 0.4, 'description': 'Weighting coefficient for the ratio SWIR1/SWIR2 (Sentinel-2)', 'suggested_range': [0.0, 1.0], 'suggested_values': {'April': 0.4, 'November': 0.5}}}",{},{},"{'source_companions': ['NDVI4RE', 'SAVI4RE', 'RVI4RE', 'NDTI4RE', 'STI4RE'], 'source_link': 'https://doi.org/10.1016/j.jag.2022.102793', 'source_link_semantic_scholar': None, 'source_link_status': 'operational', 'source_link_type': 'doi', 'source_metadata': {'authors': ['Jiali Liu', 'Jianrong Fan', 'Chao Yang', 'Fubao Xu', 'Xiyu Zhang'], 'citations_metrics': {'citation_count': 20, 'date': '2026-08-18', 'overall': {'percentile': 10.22, 'percentile_similar_age': 36.0, 'rank': 287, 'rank_similar_age': 38}, 'similar_age_count': 50, 'within_application_domain': {'percentile': 9.95, 'percentile_similar_age': 45.16, 'rank': 195, 'rank_similar_age': 22}}, 'how_to_cite': {'apa': 'Jiali Liu, Jianrong Fan, Chao Yang, Fubao Xu, & Xiyu Zhang (2022). Novel vegetation indices for estimating photosynthetic and non-photosynthetic fractional vegetation cover from Sentinel data. International Journal of Applied Earth Observation and Geoinformation, 109. https://doi.org/10.1016/j.jag.2022.102793', 'bibtex': 'ASI_NDTI4RE'}, 'journal': 'International Journal of Applied Earth Observation and Geoinformation', 'source': 'crossref', 'title': 'Novel vegetation indices for estimating photosynthetic and non-photosynthetic fractional vegetation cover from Sentinel data', 'type': 'article', 'volume': '109', 'year': 2022}}",https://github.com/davemlz,2025-09-30
SR,Simple Ratio,"{'application_domain': 'vegetation', 'family': None, 'sensing_modalities': ['multispectral']}",N/R,"['N', 'R']",[],{},{},{},"{'source_companions': [], 'source_link': 'https://doi.org/10.2307/1936256', 'source_link_semantic_scholar': None, 'source_link_status': 'operational', 'source_link_type': 'doi', 'source_metadata': {'authors': ['Carl F. Jordan'], 'citations_metrics': {'citation_count': 2229, 'date': '2026-08-18', 'overall': {'percentile': 92.65, 'percentile_similar_age': 100.0, 'rank': 24, 'rank_similar_age': 1}, 'similar_age_count': 2, 'within_application_domain': {'percentile': 90.52, 'percentile_similar_age': 100.0, 'rank': 21, 'rank_similar_age': 1}}, 'how_to_cite': {'apa': 'Carl F. Jordan (1969). Derivation of Leaf‐Area Index from Quality of Light on the Forest Floor. Ecology, 50(4). https://doi.org/10.2307/1936256', 'bibtex': 'ASI_SR'}, 'issue': '4', 'journal': 'Ecology', 'source': 'crossref', 'title': 'Derivation of Leaf‐Area Index from Quality of Light on the Forest Floor', 'type': 'article', 'volume': '50', 'year': 1969}}",https://github.com/davemlz,2022-04-08
SR2,Simple Ratio (800 and 550 nm),"{'application_domain': 'vegetation', 'family': None, 'sensing_modalities': ['multispectral']}",N/G,"['N', 'G']",[],{},{},{},"{'source_companions': [], 'source_link': 'https://doi.org/10.1080/01431169308904370', 'source_link_semantic_scholar': None, 'source_link_status': 'operational', 'source_link_type': 'doi', 'source_metadata': {'authors': ['C. BUSCHMANN', 'E. NAGEL'], 'citations_metrics': {'citation_count': 433, 'date': '2026-08-18', 'overall': {'percentile': 60.38, 'percentile_similar_age': 13.04, 'rank': 125, 'rank_similar_age': 21}, 'similar_age_count': 23, 'within_application_domain': {'percentile': 46.45, 'percentile_similar_age': 13.04, 'rank': 114, 'rank_similar_age': 21}}, 'how_to_cite': {'apa': 'C. BUSCHMANN, & E. NAGEL (1993). In vivo spectroscopy and internal optics of leaves as basis for remote sensing of vegetation. International Journal of Remote Sensing, 14(4). https://doi.org/10.1080/01431169308904370', 'bibtex': 'ASI_SR2'}, 'issue': '4', 'journal': 'International Journal of Remote Sensing', 'source': 'crossref', 'title': 'In vivo spectroscopy and internal optics of leaves as basis for remote sensing of vegetation', 'type': 'article', 'volume': '14', 'year': 1993}}",https://github.com/davemlz,2022-04-09
SR555,Simple Ratio (555 and 750 nm),"{'application_domain': 'vegetation', 'family': None, 'sensing_modalities': ['multispectral']}",RE2 / G,"['RE2', 'G']",[],{},{},{},"{'source_companions': ['NDVI705', 'SR705', 'RENDVI'], 'source_link': 'https://doi.org/10.1016/S0176-1617(11)81633-0', 'source_link_semantic_scholar': None, 'source_link_status': 'operational', 'source_link_type': 'doi', 'source_metadata': {'authors': ['Anatoly Gitelson', 'Mark N. Merzlyak'], 'citations_metrics': {'citation_count': 1206, 'date': '2026-08-18', 'overall': {'percentile': 87.22, 'percentile_similar_age': 65.52, 'rank': 43, 'rank_similar_age': 13}, 'similar_age_count': 29, 'within_application_domain': {'percentile': 83.41, 'percentile_similar_age': 67.86, 'rank': 38, 'rank_similar_age': 12}}, 'how_to_cite': {'apa': 'Anatoly Gitelson, & Mark N. Merzlyak (1994). Spectral Reflectance Changes Associated with Autumn Senescence of Aesculus hippocastanum L. and Acer platanoides L. Leaves. Spectral Features and Relation to Chlorophyll Estimation. Journal of Plant Physiology, 143(3). https://doi.org/10.1016/s0176-1617(11)81633-0', 'bibtex': 'ASI_NDVI705'}, 'issue': '3', 'journal': 'Journal of Plant Physiology', 'source': 'crossref', 'title': 'Spectral Reflectance Changes Associated with Autumn Senescence of Aesculus hippocastanum L. and Acer platanoides L. Leaves. Spectral Features and Relation to Chlorophyll Estimation', 'type': 'article', 'volume': '143', 'year': 1994}}",https://github.com/davemlz,2021-11-06
SR705,Simple Ratio (705 and 750 nm),"{'application_domain': 'vegetation', 'family': None, 'sensing_modalities': ['multispectral']}",RE2 / RE1,"['RE2', 'RE1']",[],{},{},{},"{'source_companions': ['NDVI705', 'SR555', 'RENDVI'], 'source_link': 'https://doi.org/10.1016/S0176-1617(11)81633-0', 'source_link_semantic_scholar': None, 'source_link_status': 'operational', 'source_link_type': 'doi', 'source_metadata': {'authors': ['Anatoly Gitelson', 'Mark N. Merzlyak'], 'citations_metrics': {'citation_count': 1206, 'date': '2026-08-18', 'overall': {'percentile': 87.22, 'percentile_similar_age': 65.52, 'rank': 44, 'rank_similar_age': 14}, 'similar_age_count': 29, 'within_application_domain': {'percentile': 83.41, 'percentile_similar_age': 67.86, 'rank': 39, 'rank_similar_age': 13}}, 'how_to_cite': {'apa': 'Anatoly Gitelson, & Mark N. Merzlyak (1994). Spectral Reflectance Changes Associated with Autumn Senescence of Aesculus hippocastanum L. and Acer platanoides L. Leaves. Spectral Features and Relation to Chlorophyll Estimation. Journal of Plant Physiology, 143(3). https://doi.org/10.1016/s0176-1617(11)81633-0', 'bibtex': 'ASI_NDVI705'}, 'issue': '3', 'journal': 'Journal of Plant Physiology', 'source': 'crossref', 'title': 'Spectral Reflectance Changes Associated with Autumn Senescence of Aesculus hippocastanum L. and Acer platanoides L. Leaves. Spectral Features and Relation to Chlorophyll Estimation', 'type': 'article', 'volume': '143', 'year': 1994}}",https://github.com/davemlz,2021-11-06
SRVI,Symbolic Regression Vegetation Index,"{'application_domain': 'vegetation', 'family': None, 'sensing_modalities': ['multispectral']}",(2.0 * N - 3.0 * R) / (N + R + 0.5 * (G + S1)),"['N', 'R', 'G', 'S1']",[],{},{},{},"{'source_companions': ['SRWI'], 'source_link': 'https://doi.org/10.1038/s41598-025-34720-x', 'source_link_semantic_scholar': None, 'source_link_status': 'operational', 'source_link_type': 'doi', 'source_metadata': {'authors': ['Charalambos Chrysostomou', 'Stelios P. Neophytides', 'Michalis Mavrovouniotis', 'Diofantos G. Hadjimitsis'], 'citations_metrics': {'citation_count': 2, 'date': '2026-08-18', 'overall': {'percentile': 2.56, 'percentile_similar_age': 42.11, 'rank': 306, 'rank_similar_age': 12}, 'similar_age_count': 19, 'within_application_domain': {'percentile': 2.37, 'percentile_similar_age': 38.46, 'rank': 207, 'rank_similar_age': 9}}, 'how_to_cite': {'apa': 'Charalambos Chrysostomou, Stelios P. Neophytides, Michalis Mavrovouniotis, & Diofantos G. Hadjimitsis (2026). Optimized spectral indices for global vegetation and water mapping using Sentinel-2. Scientific Reports, 16(1). https://doi.org/10.1038/s41598-025-34720-x', 'bibtex': 'ASI_SRVI'}, 'issue': '1', 'journal': 'Scientific Reports', 'source': 'crossref', 'title': 'Optimized spectral indices for global vegetation and water mapping using Sentinel-2', 'type': 'article', 'volume': '16', 'year': 2026}}",https://github.com/c-chrysostomou,2026-05-25
SRWI,Symbolic Regression Water Index,"{'application_domain': 'water', 'family': None, 'sensing_modalities': ['multispectral']}",((G + B) - (N + S1)) / ((G + B) + (N + S1)),"['G', 'B', 'N', 'S1']",[],{},{},{},"{'source_companions': ['SRVI'], 'source_link': 'https://doi.org/10.1038/s41598-025-34720-x', 'source_link_semantic_scholar': None, 'source_link_status': 'operational', 'source_link_type': 'doi', 'source_metadata': {'authors': ['Charalambos Chrysostomou', 'Stelios P. Neophytides', 'Michalis Mavrovouniotis', 'Diofantos G. Hadjimitsis'], 'citations_metrics': {'citation_count': 2, 'date': '2026-08-18', 'overall': {'percentile': 2.56, 'percentile_similar_age': 42.11, 'rank': 307, 'rank_similar_age': 13}, 'similar_age_count': 19, 'within_application_domain': {'percentile': 3.23, 'percentile_similar_age': 25.0, 'rank': 31, 'rank_similar_age': 4}}, 'how_to_cite': {'apa': 'Charalambos Chrysostomou, Stelios P. Neophytides, Michalis Mavrovouniotis, & Diofantos G. Hadjimitsis (2026). Optimized spectral indices for global vegetation and water mapping using Sentinel-2. Scientific Reports, 16(1). https://doi.org/10.1038/s41598-025-34720-x', 'bibtex': 'ASI_SRVI'}, 'issue': '1', 'journal': 'Scientific Reports', 'source': 'crossref', 'title': 'Optimized spectral indices for global vegetation and water mapping using Sentinel-2', 'type': 'article', 'volume': '16', 'year': 2026}}",https://github.com/c-chrysostomou,2026-05-25
STI,Simple Tillage Index,"{'application_domain': 'vegetation', 'family': None, 'sensing_modalities': ['multispectral']}",S1 / S2,"['S1', 'S2']",[],{},{},{},"{'source_companions': ['NDTillI'], 'source_link': 'https://www.asprs.org/wp-content/uploads/pers/1997journal/jan/1997_jan_87-93.pdf', 'source_link_semantic_scholar': None, 'source_link_status': 'down', 'source_link_type': 'other', 'source_metadata': {}}",https://github.com/davemlz,2025-10-11
STI4RE,4-band Red Edge Soil Tillage Index,"{'application_domain': 'vegetation', 'family': None, 'sensing_modalities': ['multispectral']}",gamma * S1/S2 + (1 - gamma) * N/RE3,"['S1', 'S2', 'N', 'RE3']",[],"{'gamma': {'default_value': 0.4, 'description': 'Weighting coefficient for the ratio SWIR1/SWIR2 (Sentinel-2)', 'suggested_range': [0.0, 1.0], 'suggested_values': {'April': 0.4, 'November': 0.5}}}",{},{},"{'source_companions': ['NDVI4RE', 'SAVI4RE', 'RVI4RE', 'NDTI4RE', 'SNDTI4RE'], 'source_link': 'https://doi.org/10.1016/j.jag.2022.102793', 'source_link_semantic_scholar': None, 'source_link_status': 'operational', 'source_link_type': 'doi', 'source_metadata': {'authors': ['Jiali Liu', 'Jianrong Fan', 'Chao Yang', 'Fubao Xu', 'Xiyu Zhang'], 'citations_metrics': {'citation_count': 20, 'date': '2026-08-18', 'overall': {'percentile': 10.22, 'percentile_similar_age': 36.0, 'rank': 288, 'rank_similar_age': 39}, 'similar_age_count': 50, 'within_application_domain': {'percentile': 9.95, 'percentile_similar_age': 45.16, 'rank': 196, 'rank_similar_age': 23}}, 'how_to_cite': {'apa': 'Jiali Liu, Jianrong Fan, Chao Yang, Fubao Xu, & Xiyu Zhang (2022). Novel vegetation indices for estimating photosynthetic and non-photosynthetic fractional vegetation cover from Sentinel data. International Journal of Applied Earth Observation and Geoinformation, 109. https://doi.org/10.1016/j.jag.2022.102793', 'bibtex': 'ASI_NDTI4RE'}, 'journal': 'International Journal of Applied Earth Observation and Geoinformation', 'source': 'crossref', 'title': 'Novel vegetation indices for estimating photosynthetic and non-photosynthetic fractional vegetation cover from Sentinel data', 'type': 'article', 'volume': '109', 'year': 2022}}",https://github.com/davemlz,2025-09-30
SUI,Sealed Urban Index,"{'application_domain': 'urban', 'family': None, 'sensing_modalities': ['multispectral']}",((G - S1)*(S2 - R))/((G + S1)*(S2 + R)),"['G', 'S1', 'S2', 'R']",[],{},{},{},"{'source_companions': [], 'source_link': 'https://doi.org/10.1080/01431161.2026.2715141', 'source_link_semantic_scholar': None, 'source_link_status': 'operational', 'source_link_type': 'doi', 'source_metadata': {'authors': ['Ahmad Asad', 'Alessandra Capolupo', 'Eufemia Tarantino'], 'citations_metrics': {'citation_count': 0, 'date': '2026-08-18', 'overall': {'percentile': 1.92, 'percentile_similar_age': 31.58, 'rank': 310, 'rank_similar_age': 16}, 'similar_age_count': 19, 'within_application_domain': {'percentile': 5.26, 'percentile_similar_age': 100.0, 'rank': 19, 'rank_similar_age': 1}}, 'how_to_cite': {'apa': 'Ahmad Asad, Alessandra Capolupo, & Eufemia Tarantino (2026). A cross-sensor spectral index for soil sealing detection with improved impervious-bare soil discrimination. International Journal of Remote Sensing. https://doi.org/10.1080/01431161.2026.2715141', 'bibtex': 'ASI_SUI'}, 'journal': 'International Journal of Remote Sensing', 'source': 'crossref', 'title': 'A cross-sensor spectral index for soil sealing detection with improved impervious-bare soil discrimination', 'type': 'article', 'year': 2026}}",https://github.com/davemlz,2026-08-12
SWI,Snow Water Index,"{'application_domain': 'snow', 'family': None, 'sensing_modalities': ['multispectral']}",(G * (N - S1)) / ((G + N) * (N + S1)),"['G', 'N', 'S1']",[],{},{},{},"{'source_companions': [], 'source_link': 'https://doi.org/10.3390/rs11232774', 'source_link_semantic_scholar': None, 'source_link_status': 'operational', 'source_link_type': 'doi', 'source_metadata': {'authors': ['Abhilasha Dixit', 'Ajanta Goswami', 'Sanjay Jain'], 'citations_metrics': {'citation_count': 43, 'date': '2026-08-18', 'overall': {'percentile': 15.65, 'percentile_similar_age': 19.12, 'rank': 265, 'rank_similar_age': 56}, 'similar_age_count': 68, 'within_application_domain': {'percentile': 40.0, 'percentile_similar_age': 66.67, 'rank': 7, 'rank_similar_age': 2}}, 'how_to_cite': {'apa': 'Abhilasha Dixit, Ajanta Goswami, & Sanjay Jain (2019). Development and Evaluation of a New “Snow Water Index (SWI)” for Accurate Snow Cover Delineation. Remote Sensing, 11(23). https://doi.org/10.3390/rs11232774', 'bibtex': 'ASI_SWI'}, 'issue': '23', 'journal': 'Remote Sensing', 'source': 'crossref', 'title': 'Development and Evaluation of a New “Snow Water Index (SWI)” for Accurate Snow Cover Delineation', 'type': 'article', 'volume': '11', 'year': 2019}}",https://github.com/davemlz,2021-09-18
SWM,Sentinel Water Mask,"{'application_domain': 'water', 'family': None, 'sensing_modalities': ['multispectral']}",(B + G)/(N + S1),"['B', 'G', 'N', 'S1']",[],{},{},{},"{'source_companions': [], 'source_link': 'https://eoscience.esa.int/landtraining2017/files/posters/MILCZAREK.pdf', 'source_link_semantic_scholar': None, 'source_link_status': 'operational', 'source_link_type': 'other', 'source_metadata': {'authors': ['Marta Milczarek', 'Anna Robak', 'Alicja Gadawska'], 'how_to_cite': {'apa': 'Marta Milczarek, Anna Robak, & Alicja Gadawska (2017). Sentinel Water Mask (SWM) - new index for water detection on Sentinel-2 images. 7th Advanced Training Course on Land Remote Sensing, Szent István University, Gödöllő, Hungary 4-9 September 2017. https://eoscience.esa.int/landtraining2017/files/posters/MILCZAREK.pdf', 'bibtex': 'ASI_SWM'}, 'journal': '7th Advanced Training Course on Land Remote Sensing, Szent István University, Gödöllő, Hungary 4-9 September 2017', 'source': 'contributor', 'title': 'Sentinel Water Mask (SWM) - new index for water detection on Sentinel-2 images', 'type': 'poster', 'year': 2017}}",https://github.com/davemlz,2022-04-20
SeLI,Sentinel-2 LAI Green Index,"{'application_domain': 'vegetation', 'family': None, 'sensing_modalities': ['multispectral']}",(N2 - RE1) / (N2 + RE1),"['N2', 'RE1']",[],{},{},{},"{'source_companions': [], 'source_link': 'https://doi.org/10.3390/s19040904', 'source_link_semantic_scholar': None, 'source_link_status': 'operational', 'source_link_type': 'doi', 'source_metadata': {'authors': ['Nieves Pasqualotto', 'Jesús Delegido', 'Shari Van Wittenberghe', 'Michele Rinaldi', 'José Moreno'], 'citations_metrics': {'citation_count': 124, 'date': '2026-08-18', 'overall': {'percentile': 32.59, 'percentile_similar_age': 52.94, 'rank': 212, 'rank_similar_age': 33}, 'similar_age_count': 68, 'within_application_domain': {'percentile': 22.75, 'percentile_similar_age': 55.88, 'rank': 164, 'rank_similar_age': 16}}, 'how_to_cite': {'apa': 'Nieves Pasqualotto, Jesús Delegido, Shari Van Wittenberghe, Michele Rinaldi, & José Moreno (2019). Multi-Crop Green LAI Estimation with a New Simple Sentinel-2 LAI Index (SeLI). Sensors, 19(4). https://doi.org/10.3390/s19040904', 'bibtex': 'ASI_SeLI'}, 'issue': '4', 'journal': 'Sensors', 'source': 'crossref', 'title': 'Multi-Crop Green LAI Estimation with a New Simple Sentinel-2 LAI Index (SeLI)', 'type': 'article', 'volume': '19', 'year': 2019}}",https://github.com/davemlz,2021-04-08
TCARI,Transformed Chlorophyll Absorption in Reflectance Index,"{'application_domain': 'vegetation', 'family': None, 'sensing_modalities': ['multispectral']}",3 * ((RE1 - R) - 0.2 * (RE1 - G) * (RE1 / R)),"['RE1', 'R', 'G']",[],{},{},{},"{'source_companions': ['TCARIOSAVI'], 'source_link': 'https://doi.org/10.1016/S0034-4257(02)00018-4', 'source_link_semantic_scholar': None, 'source_link_status': 'operational', 'source_link_type': 'doi', 'source_metadata': {'authors': ['Driss Haboudane', 'John R. Miller', 'Nicolas Tremblay', 'Pablo J. Zarco-Tejada', 'Louise Dextraze'], 'citations_metrics': {'citation_count': 1698, 'date': '2026-08-18', 'overall': {'percentile': 88.82, 'percentile_similar_age': 65.31, 'rank': 36, 'rank_similar_age': 18}, 'similar_age_count': 49, 'within_application_domain': {'percentile': 85.78, 'percentile_similar_age': 60.98, 'rank': 31, 'rank_similar_age': 17}}, 'how_to_cite': {'apa': 'Driss Haboudane, John R. Miller, Nicolas Tremblay, Pablo J. Zarco-Tejada, & Louise Dextraze (2002). Integrated narrow-band vegetation indices for prediction of crop chlorophyll content for application to precision agriculture. Remote Sensing of Environment, 81(2-3). https://doi.org/10.1016/s0034-4257(02)00018-4', 'bibtex': 'ASI_TCARI'}, 'issue': '2-3', 'journal': 'Remote Sensing of Environment', 'source': 'crossref', 'title': 'Integrated narrow-band vegetation indices for prediction of crop chlorophyll content for application to precision agriculture', 'type': 'article', 'volume': '81', 'year': 2002}}",https://github.com/davemlz,2021-05-13
TCARIOSAVI,TCARI/OSAVI Ratio,"{'application_domain': 'vegetation', 'family': None, 'sensing_modalities': ['multispectral']}",(3 * ((RE1 - R) - 0.2 * (RE1 - G) * (RE1 / R))) / (1.16 * (N - R) / (N + R + 0.16)),"['RE1', 'R', 'G', 'N']",[],{},{},{},"{'source_companions': ['TCARI'], 'source_link': 'https://doi.org/10.1016/S0034-4257(02)00018-4', 'source_link_semantic_scholar': None, 'source_link_status': 'operational', 'source_link_type': 'doi', 'source_metadata': {'authors': ['Driss Haboudane', 'John R. Miller', 'Nicolas Tremblay', 'Pablo J. Zarco-Tejada', 'Louise Dextraze'], 'citations_metrics': {'citation_count': 1698, 'date': '2026-08-18', 'overall': {'percentile': 88.82, 'percentile_similar_age': 65.31, 'rank': 37, 'rank_similar_age': 19}, 'similar_age_count': 49, 'within_application_domain': {'percentile': 85.78, 'percentile_similar_age': 60.98, 'rank': 32, 'rank_similar_age': 18}}, 'how_to_cite': {'apa': 'Driss Haboudane, John R. Miller, Nicolas Tremblay, Pablo J. Zarco-Tejada, & Louise Dextraze (2002). Integrated narrow-band vegetation indices for prediction of crop chlorophyll content for application to precision agriculture. Remote Sensing of Environment, 81(2-3). https://doi.org/10.1016/s0034-4257(02)00018-4', 'bibtex': 'ASI_TCARI'}, 'issue': '2-3', 'journal': 'Remote Sensing of Environment', 'source': 'crossref', 'title': 'Integrated narrow-band vegetation indices for prediction of crop chlorophyll content for application to precision agriculture', 'type': 'article', 'volume': '81', 'year': 2002}}",https://github.com/davemlz,2021-11-06
TCARIOSAVI705,TCARI/OSAVI Ratio (705 and 750 nm),"{'application_domain': 'vegetation', 'family': None, 'sensing_modalities': ['multispectral']}",(3 * ((RE2 - RE1) - 0.2 * (RE2 - G) * (RE2 / RE1))) / (1.16 * (RE2 - RE1) / (RE2 + RE1 + 0.16)),"['RE2', 'RE1', 'G']",[],{},{},{},"{'source_companions': ['MCARIOSAVI705', 'MCARI705', 'MSR705'], 'source_link': 'https://doi.org/10.1016/j.agrformet.2008.03.005', 'source_link_semantic_scholar': None, 'source_link_status': 'operational', 'source_link_type': 'doi', 'source_metadata': {'authors': ['Chaoyang Wu', 'Zheng Niu', 'Quan Tang', 'Wenjiang Huang'], 'citations_metrics': {'citation_count': 767, 'date': '2026-08-18', 'overall': {'percentile': 79.23, 'percentile_similar_age': 88.24, 'rank': 69, 'rank_similar_age': 8}, 'similar_age_count': 34, 'within_application_domain': {'percentile': 72.51, 'percentile_similar_age': 87.5, 'rank': 62, 'rank_similar_age': 6}}, 'how_to_cite': {'apa': 'Chaoyang Wu, Zheng Niu, Quan Tang, & Wenjiang Huang (2008). Estimating chlorophyll content from hyperspectral vegetation indices: Modeling and validation. Agricultural and Forest Meteorology, 148(8-9). https://doi.org/10.1016/j.agrformet.2008.03.005', 'bibtex': 'ASI_MCARI705'}, 'issue': '8-9', 'journal': 'Agricultural and Forest Meteorology', 'source': 'crossref', 'title': 'Estimating chlorophyll content from hyperspectral vegetation indices: Modeling and validation', 'type': 'article', 'volume': '148', 'year': 2008}}",https://github.com/davemlz,2021-11-06
TCI,Triangular Chlorophyll Index,"{'application_domain': 'vegetation', 'family': None, 'sensing_modalities': ['multispectral']}",1.2 * (RE1 - G) - 1.5 * (R - G) * (RE1 / R) ** 0.5,"['RE1', 'G', 'R']",[],{},{},{},"{'source_companions': [], 'source_link': 'http://dx.doi.org/10.1109/TGRS.2007.904836', 'source_link_semantic_scholar': None, 'source_link_status': 'operational', 'source_link_type': 'doi', 'source_metadata': {'authors': ['Driss Haboudane', 'Nicolas Tremblay', 'John R. Miller', 'Philippe Vigneault'], 'citations_metrics': {'citation_count': 295, 'date': '2026-08-18', 'overall': {'percentile': 53.67, 'percentile_similar_age': 38.24, 'rank': 146, 'rank_similar_age': 22}, 'similar_age_count': 34, 'within_application_domain': {'percentile': 39.81, 'percentile_similar_age': 31.25, 'rank': 128, 'rank_similar_age': 12}}, 'how_to_cite': {'apa': 'Driss Haboudane, Nicolas Tremblay, John R. Miller, & Philippe Vigneault (2008). Remote Estimation of Crop Chlorophyll Content Using Spectral Indices Derived From Hyperspectral Data. IEEE Transactions on Geoscience and Remote Sensing, 46(2). https://doi.org/10.1109/tgrs.2007.904836', 'bibtex': 'ASI_TCI'}, 'issue': '2', 'journal': 'IEEE Transactions on Geoscience and Remote Sensing', 'source': 'crossref', 'title': 'Remote Estimation of Crop Chlorophyll Content Using Spectral Indices Derived From Hyperspectral Data', 'type': 'article', 'volume': '46', 'year': 2008}}",https://github.com/davemlz,2021-05-14
TDVI,Transformed Difference Vegetation Index,"{'application_domain': 'vegetation', 'family': None, 'sensing_modalities': ['multispectral']}",1.5 * ((N - R)/((N ** 2.0 + R + 0.5) ** 0.5)),"['N', 'R']",[],{},{},{},"{'source_companions': [], 'source_link': 'https://doi.org/10.1109/IGARSS.2002.1026867', 'source_link_semantic_scholar': None, 'source_link_status': 'operational', 'source_link_type': 'doi', 'source_metadata': {'authors': ['A. Bannari', 'H. Asalhi', 'P.M. Teillet'], 'citations_metrics': {'citation_count': 72, 'date': '2026-08-18', 'overall': {'percentile': 21.73, 'percentile_similar_age': None, 'rank': 246, 'rank_similar_age': None}, 'similar_age_count': 0, 'within_application_domain': {'percentile': 17.54, 'percentile_similar_age': None, 'rank': 175, 'rank_similar_age': None}}, 'how_to_cite': {'apa': 'A. Bannari, H. Asalhi, & P.M. Teillet (n.d.). Transformed difference vegetation index (TDVI) for vegetation cover mapping. IEEE International Geoscience and Remote Sensing Symposium, 5. https://doi.org/10.1109/igarss.2002.1026867', 'bibtex': 'ASI_TDVI'}, 'journal': 'IEEE International Geoscience and Remote Sensing Symposium', 'source': 'crossref', 'title': 'Transformed difference vegetation index (TDVI) for vegetation cover mapping', 'type': 'conference_paper', 'volume': '5'}}",https://github.com/davemlz,2022-04-09
TGI,Triangular Greenness Index,"{'application_domain': 'vegetation', 'family': None, 'sensing_modalities': ['multispectral']}",- 0.5 * (190 * (R - G) - 120 * (R - B)),"['R', 'G', 'B']",[],{},{},{},"{'source_companions': [], 'source_link': 'http://dx.doi.org/10.1016/j.jag.2012.07.020', 'source_link_semantic_scholar': None, 'source_link_status': 'operational', 'source_link_type': 'doi', 'source_metadata': {'authors': ['E. Raymond Hunt', 'Paul C. Doraiswamy', 'James E. McMurtrey', 'Craig S.T. Daughtry', 'Eileen M. Perry', 'Bakhyt Akhmedov'], 'citations_metrics': {'citation_count': 291, 'date': '2026-08-18', 'overall': {'percentile': 53.35, 'percentile_similar_age': 75.86, 'rank': 147, 'rank_similar_age': 8}, 'similar_age_count': 29, 'within_application_domain': {'percentile': 39.34, 'percentile_similar_age': 66.67, 'rank': 129, 'rank_similar_age': 5}}, 'how_to_cite': {'apa': 'E. Raymond Hunt, Paul C. Doraiswamy, James E. McMurtrey, Craig S.T. Daughtry, Eileen M. Perry, & Bakhyt Akhmedov (2013). A visible band index for remote sensing leaf chlorophyll content at the canopy scale. International Journal of Applied Earth Observation and Geoinformation, 21. https://doi.org/10.1016/j.jag.2012.07.020', 'bibtex': 'ASI_TGI'}, 'journal': 'International Journal of Applied Earth Observation and Geoinformation', 'source': 'crossref', 'title': 'A visible band index for remote sensing leaf chlorophyll content at the canopy scale', 'type': 'article', 'volume': '21', 'year': 2013}}",https://github.com/davemlz,2021-05-14
TMTCbrightness,Thematic Mapper Tasseled Cap Brightness Feature,"{'application_domain': 'vegetation', 'family': ['tasseled_cap'], 'sensing_modalities': ['multispectral']}",0.3037 * B + 0.2793 * G + 0.4743 * R + 0.5585 * N + 0.5082 * S1 + 0.1863 * S2,"['B', 'G', 'R', 'N', 'S1', 'S2']",[],{},{},{},"{'source_companions': ['TMTCwetness', 'TMTCgreenness', 'TMTCfourth', 'TMTCfifth', 'TMTCsixth'], 'source_link': 'https://doi.org/10.1109/TGRS.1984.350619', 'source_link_semantic_scholar': None, 'source_link_status': 'operational', 'source_link_type': 'doi', 'source_metadata': {'authors': ['Eric P. Crist', 'Richard C. Cicone'], 'citations_metrics': {'citation_count': 939, 'date': '2026-08-18', 'overall': {'percentile': 83.07, 'percentile_similar_age': 100.0, 'rank': 54, 'rank_similar_age': 1}, 'similar_age_count': 6, 'within_application_domain': {'percentile': 77.25, 'percentile_similar_age': 100.0, 'rank': 49, 'rank_similar_age': 1}}, 'how_to_cite': {'apa': 'Eric P. Crist, & Richard C. Cicone (1984). A Physically-Based Transformation of Thematic Mapper Data---The TM Tasseled Cap. IEEE Transactions on Geoscience and Remote Sensing, GE-22(3). https://doi.org/10.1109/tgrs.1984.350619', 'bibtex': 'ASI_TMTCbrightness'}, 'issue': '3', 'journal': 'IEEE Transactions on Geoscience and Remote Sensing', 'source': 'crossref', 'title': 'A Physically-Based Transformation of Thematic Mapper Data---The TM Tasseled Cap', 'type': 'article', 'volume': 'GE-22', 'year': 1984}}",https://github.com/remi-braun,2026-08-06
TMTCfifth,Thematic Mapper Tasseled Cap Fifth Feature,"{'application_domain': 'vegetation', 'family': ['tasseled_cap'], 'sensing_modalities': ['multispectral']}",-0.3280 * B + 0.0549 * G + 0.1075 * R + 0.1855 * N - 0.4357 * S1 + 0.8085 * S2,"['B', 'G', 'R', 'N', 'S1', 'S2']",[],{},{},{},"{'source_companions': ['TMTCbrightness', 'TMTCwetness', 'TMTCgreenness', 'TMTCfourth', 'TMTCsixth'], 'source_link': 'https://doi.org/10.1109/TGRS.1984.350619', 'source_link_semantic_scholar': None, 'source_link_status': 'operational', 'source_link_type': 'doi', 'source_metadata': {'authors': ['Eric P. Crist', 'Richard C. Cicone'], 'citations_metrics': {'citation_count': 939, 'date': '2026-08-18', 'overall': {'percentile': 83.07, 'percentile_similar_age': 100.0, 'rank': 55, 'rank_similar_age': 2}, 'similar_age_count': 6, 'within_application_domain': {'percentile': 77.25, 'percentile_similar_age': 100.0, 'rank': 50, 'rank_similar_age': 2}}, 'how_to_cite': {'apa': 'Eric P. Crist, & Richard C. Cicone (1984). A Physically-Based Transformation of Thematic Mapper Data---The TM Tasseled Cap. IEEE Transactions on Geoscience and Remote Sensing, GE-22(3). https://doi.org/10.1109/tgrs.1984.350619', 'bibtex': 'ASI_TMTCbrightness'}, 'issue': '3', 'journal': 'IEEE Transactions on Geoscience and Remote Sensing', 'source': 'crossref', 'title': 'A Physically-Based Transformation of Thematic Mapper Data---The TM Tasseled Cap', 'type': 'article', 'volume': 'GE-22', 'year': 1984}}",https://github.com/davemlz,2026-08-06
TMTCfourth,Thematic Mapper Tasseled Cap Fourth Feature,"{'application_domain': 'vegetation', 'family': ['tasseled_cap'], 'sensing_modalities': ['multispectral']}",-0.8242 * B + 0.0849 * G + 0.4392 * R - 0.0580 * N + 0.2012 * S1 - 0.2768 * S2,"['B', 'G', 'R', 'N', 'S1', 'S2']",[],{},{},{},"{'source_companions': ['TMTCbrightness', 'TMTCwetness', 'TMTCgreenness', 'TMTCfifth', 'TMTCsixth'], 'source_link': 'https://doi.org/10.1109/TGRS.1984.350619', 'source_link_semantic_scholar': None, 'source_link_status': 'operational', 'source_link_type': 'doi', 'source_metadata': {'authors': ['Eric P. Crist', 'Richard C. Cicone'], 'citations_metrics': {'citation_count': 939, 'date': '2026-08-18', 'overall': {'percentile': 83.07, 'percentile_similar_age': 100.0, 'rank': 56, 'rank_similar_age': 3}, 'similar_age_count': 6, 'within_application_domain': {'percentile': 77.25, 'percentile_similar_age': 100.0, 'rank': 51, 'rank_similar_age': 3}}, 'how_to_cite': {'apa': 'Eric P. Crist, & Richard C. Cicone (1984). A Physically-Based Transformation of Thematic Mapper Data---The TM Tasseled Cap. IEEE Transactions on Geoscience and Remote Sensing, GE-22(3). https://doi.org/10.1109/tgrs.1984.350619', 'bibtex': 'ASI_TMTCbrightness'}, 'issue': '3', 'journal': 'IEEE Transactions on Geoscience and Remote Sensing', 'source': 'crossref', 'title': 'A Physically-Based Transformation of Thematic Mapper Data---The TM Tasseled Cap', 'type': 'article', 'volume': 'GE-22', 'year': 1984}}",https://github.com/davemlz,2026-08-06
TMTCgreenness,Thematic Mapper Tasseled Cap Greenness Feature,"{'application_domain': 'vegetation', 'family': ['tasseled_cap'], 'sensing_modalities': ['multispectral']}",-0.2848 * B - 0.2435 * G - 0.5436 * R + 0.7243 * N + 0.0840 * S1 - 0.1800 * S2,"['B', 'G', 'R', 'N', 'S1', 'S2']",[],{},{},{},"{'source_companions': ['TMTCbrightness', 'TMTCwetness', 'TMTCfourth', 'TMTCfifth', 'TMTCsixth'], 'source_link': 'https://doi.org/10.1109/TGRS.1984.350619', 'source_link_semantic_scholar': None, 'source_link_status': 'operational', 'source_link_type': 'doi', 'source_metadata': {'authors': ['Eric P. Crist', 'Richard C. Cicone'], 'citations_metrics': {'citation_count': 939, 'date': '2026-08-18', 'overall': {'percentile': 83.07, 'percentile_similar_age': 100.0, 'rank': 57, 'rank_similar_age': 4}, 'similar_age_count': 6, 'within_application_domain': {'percentile': 77.25, 'percentile_similar_age': 100.0, 'rank': 52, 'rank_similar_age': 4}}, 'how_to_cite': {'apa': 'Eric P. Crist, & Richard C. Cicone (1984). A Physically-Based Transformation of Thematic Mapper Data---The TM Tasseled Cap. IEEE Transactions on Geoscience and Remote Sensing, GE-22(3). https://doi.org/10.1109/tgrs.1984.350619', 'bibtex': 'ASI_TMTCbrightness'}, 'issue': '3', 'journal': 'IEEE Transactions on Geoscience and Remote Sensing', 'source': 'crossref', 'title': 'A Physically-Based Transformation of Thematic Mapper Data---The TM Tasseled Cap', 'type': 'article', 'volume': 'GE-22', 'year': 1984}}",https://github.com/remi-braun,2026-08-06
TMTCsixth,Thematic Mapper Tasseled Cap Sixth Feature,"{'application_domain': 'vegetation', 'family': ['tasseled_cap'], 'sensing_modalities': ['multispectral']}",0.1084 * B - 0.9022 * G + 0.4120 * R + 0.0573 * N - 0.0251 * S1 + 0.0238 * S2,"['B', 'G', 'R', 'N', 'S1', 'S2']",[],{},{},{},"{'source_companions': ['TMTCbrightness', 'TMTCwetness', 'TMTCgreenness', 'TMTCfourth', 'TMTCfifth'], 'source_link': 'https://doi.org/10.1109/TGRS.1984.350619', 'source_link_semantic_scholar': None, 'source_link_status': 'operational', 'source_link_type': 'doi', 'source_metadata': {'authors': ['Eric P. Crist', 'Richard C. Cicone'], 'citations_metrics': {'citation_count': 939, 'date': '2026-08-18', 'overall': {'percentile': 83.07, 'percentile_similar_age': 100.0, 'rank': 58, 'rank_similar_age': 5}, 'similar_age_count': 6, 'within_application_domain': {'percentile': 77.25, 'percentile_similar_age': 100.0, 'rank': 53, 'rank_similar_age': 5}}, 'how_to_cite': {'apa': 'Eric P. Crist, & Richard C. Cicone (1984). A Physically-Based Transformation of Thematic Mapper Data---The TM Tasseled Cap. IEEE Transactions on Geoscience and Remote Sensing, GE-22(3). https://doi.org/10.1109/tgrs.1984.350619', 'bibtex': 'ASI_TMTCbrightness'}, 'issue': '3', 'journal': 'IEEE Transactions on Geoscience and Remote Sensing', 'source': 'crossref', 'title': 'A Physically-Based Transformation of Thematic Mapper Data---The TM Tasseled Cap', 'type': 'article', 'volume': 'GE-22', 'year': 1984}}",https://github.com/davemlz,2026-08-06
TMTCwetness,Thematic Mapper Tasseled Cap Wetness Feature,"{'application_domain': 'vegetation', 'family': ['tasseled_cap'], 'sensing_modalities': ['multispectral']}",0.1509 * B + 0.1973 * G + 0.3279 * R + 0.3406 * N - 0.7112 * S1 - 0.4572 * S2,"['B', 'G', 'R', 'N', 'S1', 'S2']",[],{},{},{},"{'source_companions': ['TMTCbrightness', 'TMTCgreenness', 'TMTCfourth', 'TMTCfifth', 'TMTCsixth'], 'source_link': 'https://doi.org/10.1109/TGRS.1984.350619', 'source_link_semantic_scholar': None, 'source_link_status': 'operational', 'source_link_type': 'doi', 'source_metadata': {'authors': ['Eric P. Crist', 'Richard C. Cicone'], 'citations_metrics': {'citation_count': 939, 'date': '2026-08-18', 'overall': {'percentile': 83.07, 'percentile_similar_age': 100.0, 'rank': 59, 'rank_similar_age': 6}, 'similar_age_count': 6, 'within_application_domain': {'percentile': 77.25, 'percentile_similar_age': 100.0, 'rank': 54, 'rank_similar_age': 6}}, 'how_to_cite': {'apa': 'Eric P. Crist, & Richard C. Cicone (1984). A Physically-Based Transformation of Thematic Mapper Data---The TM Tasseled Cap. IEEE Transactions on Geoscience and Remote Sensing, GE-22(3). https://doi.org/10.1109/tgrs.1984.350619', 'bibtex': 'ASI_TMTCbrightness'}, 'issue': '3', 'journal': 'IEEE Transactions on Geoscience and Remote Sensing', 'source': 'crossref', 'title': 'A Physically-Based Transformation of Thematic Mapper Data---The TM Tasseled Cap', 'type': 'article', 'volume': 'GE-22', 'year': 1984}}",https://github.com/remi-braun,2026-08-06
TRRVI,Transformed Red Range Vegetation Index,"{'application_domain': 'vegetation', 'family': None, 'sensing_modalities': ['multispectral']}",((RE2 - R) / (RE2 + R)) / (((N - R) / (N + R)) + 1.0),"['RE2', 'R', 'N']",[],{},{},{},"{'source_companions': [], 'source_link': 'https://doi.org/10.3390/rs12152359', 'source_link_semantic_scholar': None, 'source_link_status': 'operational', 'source_link_type': 'doi', 'source_metadata': {'authors': ['Víctor Blanco', 'Pedro José Blaya-Ros', 'Cristina Castillo', 'Fulgencio Soto-Vallés', 'Roque Torres-Sánchez', 'Rafael Domingo'], 'citations_metrics': {'citation_count': 42, 'date': '2026-08-18', 'overall': {'percentile': 15.34, 'percentile_similar_age': 27.4, 'rank': 269, 'rank_similar_age': 55}, 'similar_age_count': 73, 'within_application_domain': {'percentile': 14.22, 'percentile_similar_age': 37.84, 'rank': 183, 'rank_similar_age': 25}}, 'how_to_cite': {'apa': 'Víctor Blanco, Pedro José Blaya-Ros, Cristina Castillo, Fulgencio Soto-Vallés, Roque Torres-Sánchez, & Rafael Domingo (2020). Potential of UAS-Based Remote Sensing for Estimating Tree Water Status and Yield in Sweet Cherry Trees. Remote Sensing, 12(15). https://doi.org/10.3390/rs12152359', 'bibtex': 'ASI_TRRVI'}, 'issue': '15', 'journal': 'Remote Sensing', 'source': 'crossref', 'title': 'Potential of UAS-Based Remote Sensing for Estimating Tree Water Status and Yield in Sweet Cherry Trees', 'type': 'article', 'volume': '12', 'year': 2020}}",https://github.com/davemlz,2021-09-18
TSAVI,Transformed Soil-Adjusted Vegetation Index,"{'application_domain': 'vegetation', 'family': None, 'sensing_modalities': ['multispectral']}",sla * (N - sla * R - slb) / (sla * N + R - sla * slb),"['N', 'R']",[],"{'sla': {'default_value': 1.0, 'description': 'Soil line slope. N = sla * R + slb (only for soil pixels/measurements)', 'suggested_values': {'Equal TSAVI to NDVI when slb is 0.0': 1.0}}, 'slb': {'default_value': 0.0, 'description': 'Soil line intercept.  N = sla * R + slb (only for soil pixels/measurements)', 'suggested_values': {'Equal TSAVI to NDVI when sla is 1.0': 0.0}}}",{},{},"{'source_companions': [], 'source_link': 'https://doi.org/10.1109/IGARSS.1989.576128', 'source_link_semantic_scholar': None, 'source_link_status': 'operational', 'source_link_type': 'doi', 'source_metadata': {'authors': ['F. Baret', 'G. Guyot', 'D.J. Major'], 'citations_metrics': {'citation_count': 145, 'date': '2026-08-18', 'overall': {'percentile': 37.38, 'percentile_similar_age': None, 'rank': 203, 'rank_similar_age': None}, 'similar_age_count': 0, 'within_application_domain': {'percentile': 24.64, 'percentile_similar_age': None, 'rank': 160, 'rank_similar_age': None}}, 'how_to_cite': {'apa': 'F. Baret, G. Guyot, & D.J. Major (n.d.). TSAVI: A Vegetation Index Which Minimizes Soil Brightness Effects On LAI And APAR Estimation. 12th Canadian Symposium on Remote Sensing Geoscience and Remote Sensing Symposium,, 3. https://doi.org/10.1109/igarss.1989.576128', 'bibtex': 'ASI_TSAVI'}, 'journal': '12th Canadian Symposium on Remote Sensing Geoscience and Remote Sensing Symposium,', 'source': 'crossref', 'title': 'TSAVI: A Vegetation Index Which Minimizes Soil Brightness Effects On LAI And APAR Estimation', 'type': 'conference_paper', 'volume': '3'}}",https://github.com/davemlz,2021-05-14
TTVI,Transformed Triangular Vegetation Index,"{'application_domain': 'vegetation', 'family': None, 'sensing_modalities': ['multispectral']}",0.5 * ((865.0 - 740.0) * (RE3 - RE2) - (N2 - RE2) * (783.0 - 740)),"['RE3', 'RE2', 'N2']",[],{},{},{},"{'source_companions': [], 'source_link': 'https://doi.org/10.3390/rs12010016', 'source_link_semantic_scholar': None, 'source_link_status': 'operational', 'source_link_type': 'doi', 'source_metadata': {'authors': ['Naichen Xing', 'Wenjiang Huang', 'Qiaoyun Xie', 'Yue Shi', 'Huichun Ye', 'Yingying Dong', 'Mingquan Wu', 'Gang Sun', 'Quanjun Jiao'], 'citations_metrics': {'citation_count': 64, 'date': '2026-08-18', 'overall': {'percentile': 20.77, 'percentile_similar_age': 30.88, 'rank': 249, 'rank_similar_age': 48}, 'similar_age_count': 68, 'within_application_domain': {'percentile': 16.59, 'percentile_similar_age': 38.24, 'rank': 177, 'rank_similar_age': 22}}, 'how_to_cite': {'apa': 'Naichen Xing, Wenjiang Huang, Qiaoyun Xie, Yue Shi, Huichun Ye, Yingying Dong, Mingquan Wu, Gang Sun, & Quanjun Jiao (2019). A Transformed Triangular Vegetation Index for Estimating Winter Wheat Leaf Area Index. Remote Sensing, 12(1). https://doi.org/10.3390/rs12010016', 'bibtex': 'ASI_TTVI'}, 'issue': '1', 'journal': 'Remote Sensing', 'source': 'crossref', 'title': 'A Transformed Triangular Vegetation Index for Estimating Winter Wheat Leaf Area Index', 'type': 'article', 'volume': '12', 'year': 2019}}",https://github.com/davemlz,2021-09-18
TVI,Transformed Vegetation Index,"{'application_domain': 'vegetation', 'family': None, 'sensing_modalities': ['multispectral']}",(((N - R)/(N + R)) + 0.5) ** 0.5,"['N', 'R']",[],{},{},{},"{'source_companions': ['NDVI'], 'source_link': 'https://ntrs.nasa.gov/citations/19740022614', 'source_link_semantic_scholar': {'corpus_id': 133358670, 'paper_id': 'fb2f60fe0fe2874e5cbf927a2556d719c32eac29'}, 'source_link_status': 'operational', 'source_link_type': 'other', 'source_metadata': {'authors': ['J. Rouse', 'R. H. Haas', 'J. A. Schell', 'D. Deering'], 'citations_metrics': {'citation_count': 10265, 'date': '2026-08-19', 'overall': {'percentile': 100.0, 'percentile_similar_age': 100.0, 'rank': 2, 'rank_similar_age': 2}, 'similar_age_count': 2, 'within_application_domain': {'percentile': 100.0, 'percentile_similar_age': 100.0, 'rank': 2, 'rank_similar_age': 2}}, 'how_to_cite': {'apa': 'J. Rouse, R. H. Haas, J. A. Schell, & D. Deering (1973). Monitoring vegetation systems in the great plains with ERTS. https://ntrs.nasa.gov/citations/19740022614', 'bibtex': 'ASI_NDVI'}, 'source': 'semantic_scholar', 'title': 'Monitoring vegetation systems in the great plains with ERTS', 'volume': '1', 'year': 1973}}",https://github.com/davemlz,2022-04-08
TWI,Triangle Water Index,"{'application_domain': 'water', 'family': None, 'sensing_modalities': ['multispectral']}",(2.84 * (RE1 - RE2) / (G + S2)) + ((1.25 * (G - B) - (N - B)) / (N + 1.25 * G - 0.25 * B)),"['RE1', 'RE2', 'G', 'S2', 'B', 'N']",[],{},{},{},"{'source_companions': [], 'source_link': 'https://doi.org/10.3390/rs14215289', 'source_link_semantic_scholar': None, 'source_link_status': 'operational', 'source_link_type': 'doi', 'source_metadata': {'authors': ['Lifeng Niu', 'Hermann Kaufmann', 'Guochang Xu', 'Guangzong Zhang', 'Chaonan Ji', 'Yufang He', 'Mengfei Sun'], 'citations_metrics': {'citation_count': 16, 'date': '2026-08-18', 'overall': {'percentile': 7.99, 'percentile_similar_age': 22.0, 'rank': 290, 'rank_similar_age': 40}, 'similar_age_count': 50, 'within_application_domain': {'percentile': 12.9, 'percentile_similar_age': 9.09, 'rank': 28, 'rank_similar_age': 11}}, 'how_to_cite': {'apa': 'Lifeng Niu, Hermann Kaufmann, Guochang Xu, Guangzong Zhang, Chaonan Ji, Yufang He, & Mengfei Sun (2022). Triangle Water Index (TWI): An Advanced Approach for More Accurate Detection and Delineation of Water Surfaces in Sentinel-2 Data. Remote Sensing, 14(21). https://doi.org/10.3390/rs14215289', 'bibtex': 'ASI_TWI'}, 'issue': '21', 'journal': 'Remote Sensing', 'source': 'crossref', 'title': 'Triangle Water Index (TWI): An Advanced Approach for More Accurate Detection and Delineation of Water Surfaces in Sentinel-2 Data', 'type': 'article', 'volume': '14', 'year': 2022}}",https://github.com/remi-braun,2023-02-10
TriVI,Triangular Vegetation Index,"{'application_domain': 'vegetation', 'family': None, 'sensing_modalities': ['multispectral']}",0.5 * (120 * (N - G) - 200 * (R - G)),"['N', 'G', 'R']",[],{},{},{},"{'source_companions': [], 'source_link': 'http://dx.doi.org/10.1016/S0034-4257(00)00197-8', 'source_link_semantic_scholar': None, 'source_link_status': 'operational', 'source_link_type': 'doi', 'source_metadata': {'authors': ['N.H Broge', 'E Leblanc'], 'citations_metrics': {'citation_count': 1454, 'date': '2026-08-18', 'overall': {'percentile': 87.86, 'percentile_similar_age': 63.41, 'rank': 39, 'rank_similar_age': 16}, 'similar_age_count': 41, 'within_application_domain': {'percentile': 84.36, 'percentile_similar_age': 57.58, 'rank': 34, 'rank_similar_age': 15}}, 'how_to_cite': {'apa': 'N.H Broge, & E Leblanc (2001). Comparing prediction power and stability of broadband and hyperspectral vegetation indices for estimation of green leaf area index and canopy chlorophyll density. Remote Sensing of Environment, 76(2). https://doi.org/10.1016/s0034-4257(00)00197-8', 'bibtex': 'ASI_TriVI'}, 'issue': '2', 'journal': 'Remote Sensing of Environment', 'source': 'crossref', 'title': 'Comparing prediction power and stability of broadband and hyperspectral vegetation indices for estimation of green leaf area index and canopy chlorophyll density', 'type': 'article', 'volume': '76', 'year': 2001}}",https://github.com/davemlz,2021-05-14
UI,Urban Index,"{'application_domain': 'urban', 'family': None, 'sensing_modalities': ['multispectral']}",(S2 - N)/(S2 + N),"['S2', 'N']",[],{},{},{},"{'source_companions': [], 'source_link': 'https://www.isprs.org/proceedings/XXXI/congress/part7/321_XXXI-part7.pdf', 'source_link_semantic_scholar': None, 'source_link_status': 'operational', 'source_link_type': 'other', 'source_metadata': {}}",https://github.com/davemlz,2022-02-07
URBR1,Untransformed Reflectance Band Ratio 1,"{'application_domain': 'vegetation', 'family': None, 'sensing_modalities': ['hyperspectral']}",R750/R550,"['R750', 'R550']",[],{},{},{},"{'source_companions': ['URBR2', 'URBR3', 'URBR4', 'URBR5', 'SARBR1', 'SARBR2', 'SARBR3', 'SARBR4', 'SARBR5'], 'source_link': 'https://doi.org/10.1016/S0034-4257(98)00046-7', 'source_link_semantic_scholar': None, 'source_link_status': 'operational', 'source_link_type': 'doi', 'source_metadata': {'authors': ['Bisun Datt'], 'citations_metrics': {'citation_count': 464, 'date': '2026-08-18', 'overall': {'percentile': 64.86, 'percentile_similar_age': 43.9, 'rank': 116, 'rank_similar_age': 29}, 'similar_age_count': 41, 'within_application_domain': {'percentile': 52.61, 'percentile_similar_age': 38.89, 'rank': 106, 'rank_similar_age': 28}}, 'how_to_cite': {'apa': 'Bisun Datt (1998). Remote Sensing of Chlorophyll a, Chlorophyll b, Chlorophyll a+b, and Total Carotenoid Content in Eucalyptus Leaves. Remote Sensing of Environment, 66(2). https://doi.org/10.1016/s0034-4257(98)00046-7', 'bibtex': 'ASI_SARBR1'}, 'issue': '2', 'journal': 'Remote Sensing of Environment', 'source': 'crossref', 'title': 'Remote Sensing of Chlorophyll a, Chlorophyll b, Chlorophyll a+b, and Total Carotenoid Content in Eucalyptus Leaves', 'type': 'article', 'volume': '66', 'year': 1998}}",https://github.com/davemlz,2026-08-08
URBR2,Untransformed Reflectance Band Ratio 2,"{'application_domain': 'vegetation', 'family': None, 'sensing_modalities': ['hyperspectral']}",R750/R700,"['R750', 'R700']",[],{},{},{},"{'source_companions': ['URBR1', 'URBR3', 'URBR4', 'URBR5', 'SARBR1', 'SARBR2', 'SARBR3', 'SARBR4', 'SARBR5'], 'source_link': 'https://doi.org/10.1016/S0034-4257(98)00046-7', 'source_link_semantic_scholar': None, 'source_link_status': 'operational', 'source_link_type': 'doi', 'source_metadata': {'authors': ['Bisun Datt'], 'citations_metrics': {'citation_count': 464, 'date': '2026-08-18', 'overall': {'percentile': 64.86, 'percentile_similar_age': 43.9, 'rank': 117, 'rank_similar_age': 30}, 'similar_age_count': 41, 'within_application_domain': {'percentile': 52.61, 'percentile_similar_age': 38.89, 'rank': 107, 'rank_similar_age': 29}}, 'how_to_cite': {'apa': 'Bisun Datt (1998). Remote Sensing of Chlorophyll a, Chlorophyll b, Chlorophyll a+b, and Total Carotenoid Content in Eucalyptus Leaves. Remote Sensing of Environment, 66(2). https://doi.org/10.1016/s0034-4257(98)00046-7', 'bibtex': 'ASI_SARBR1'}, 'issue': '2', 'journal': 'Remote Sensing of Environment', 'source': 'crossref', 'title': 'Remote Sensing of Chlorophyll a, Chlorophyll b, Chlorophyll a+b, and Total Carotenoid Content in Eucalyptus Leaves', 'type': 'article', 'volume': '66', 'year': 1998}}",https://github.com/davemlz,2026-08-08
URBR3,Untransformed Reflectance Band Ratio 3,"{'application_domain': 'vegetation', 'family': None, 'sensing_modalities': ['hyperspectral']}",R672/R550,"['R672', 'R550']",[],{},{},{},"{'source_companions': ['URBR1', 'URBR2', 'URBR4', 'URBR5', 'SARBR1', 'SARBR2', 'SARBR3', 'SARBR4', 'SARBR5'], 'source_link': 'https://doi.org/10.1016/S0034-4257(98)00046-7', 'source_link_semantic_scholar': None, 'source_link_status': 'operational', 'source_link_type': 'doi', 'source_metadata': {'authors': ['Bisun Datt'], 'citations_metrics': {'citation_count': 464, 'date': '2026-08-18', 'overall': {'percentile': 64.86, 'percentile_similar_age': 43.9, 'rank': 118, 'rank_similar_age': 31}, 'similar_age_count': 41, 'within_application_domain': {'percentile': 52.61, 'percentile_similar_age': 38.89, 'rank': 108, 'rank_similar_age': 30}}, 'how_to_cite': {'apa': 'Bisun Datt (1998). Remote Sensing of Chlorophyll a, Chlorophyll b, Chlorophyll a+b, and Total Carotenoid Content in Eucalyptus Leaves. Remote Sensing of Environment, 66(2). https://doi.org/10.1016/s0034-4257(98)00046-7', 'bibtex': 'ASI_SARBR1'}, 'issue': '2', 'journal': 'Remote Sensing of Environment', 'source': 'crossref', 'title': 'Remote Sensing of Chlorophyll a, Chlorophyll b, Chlorophyll a+b, and Total Carotenoid Content in Eucalyptus Leaves', 'type': 'article', 'volume': '66', 'year': 1998}}",https://github.com/davemlz,2026-08-08
URBR4,Untransformed Reflectance Band Ratio 4,"{'application_domain': 'vegetation', 'family': None, 'sensing_modalities': ['hyperspectral']}",R672/R708,"['R672', 'R708']",[],{},{},{},"{'source_companions': ['URBR1', 'URBR2', 'URBR3', 'URBR5', 'SARBR1', 'SARBR2', 'SARBR3', 'SARBR4', 'SARBR5'], 'source_link': 'https://doi.org/10.1016/S0034-4257(98)00046-7', 'source_link_semantic_scholar': None, 'source_link_status': 'operational', 'source_link_type': 'doi', 'source_metadata': {'authors': ['Bisun Datt'], 'citations_metrics': {'citation_count': 464, 'date': '2026-08-18', 'overall': {'percentile': 64.86, 'percentile_similar_age': 43.9, 'rank': 119, 'rank_similar_age': 32}, 'similar_age_count': 41, 'within_application_domain': {'percentile': 52.61, 'percentile_similar_age': 38.89, 'rank': 109, 'rank_similar_age': 31}}, 'how_to_cite': {'apa': 'Bisun Datt (1998). Remote Sensing of Chlorophyll a, Chlorophyll b, Chlorophyll a+b, and Total Carotenoid Content in Eucalyptus Leaves. Remote Sensing of Environment, 66(2). https://doi.org/10.1016/s0034-4257(98)00046-7', 'bibtex': 'ASI_SARBR1'}, 'issue': '2', 'journal': 'Remote Sensing of Environment', 'source': 'crossref', 'title': 'Remote Sensing of Chlorophyll a, Chlorophyll b, Chlorophyll a+b, and Total Carotenoid Content in Eucalyptus Leaves', 'type': 'article', 'volume': '66', 'year': 1998}}",https://github.com/davemlz,2026-08-08
URBR5,Untransformed Reflectance Band Ratio 5,"{'application_domain': 'vegetation', 'family': None, 'sensing_modalities': ['hyperspectral']}",R672/(R550*R708),"['R672', 'R550', 'R708']",[],{},{},{},"{'source_companions': ['URBR1', 'URBR2', 'URBR3', 'URBR4', 'SARBR1', 'SARBR2', 'SARBR3', 'SARBR4', 'SARBR5'], 'source_link': 'https://doi.org/10.1016/S0034-4257(98)00046-7', 'source_link_semantic_scholar': None, 'source_link_status': 'operational', 'source_link_type': 'doi', 'source_metadata': {'authors': ['Bisun Datt'], 'citations_metrics': {'citation_count': 464, 'date': '2026-08-18', 'overall': {'percentile': 64.86, 'percentile_similar_age': 43.9, 'rank': 120, 'rank_similar_age': 33}, 'similar_age_count': 41, 'within_application_domain': {'percentile': 52.61, 'percentile_similar_age': 38.89, 'rank': 110, 'rank_similar_age': 32}}, 'how_to_cite': {'apa': 'Bisun Datt (1998). Remote Sensing of Chlorophyll a, Chlorophyll b, Chlorophyll a+b, and Total Carotenoid Content in Eucalyptus Leaves. Remote Sensing of Environment, 66(2). https://doi.org/10.1016/s0034-4257(98)00046-7', 'bibtex': 'ASI_SARBR1'}, 'issue': '2', 'journal': 'Remote Sensing of Environment', 'source': 'crossref', 'title': 'Remote Sensing of Chlorophyll a, Chlorophyll b, Chlorophyll a+b, and Total Carotenoid Content in Eucalyptus Leaves', 'type': 'article', 'volume': '66', 'year': 1998}}",https://github.com/davemlz,2026-08-08
VARI,Visible Atmospherically Resistant Index,"{'application_domain': 'vegetation', 'family': None, 'sensing_modalities': ['multispectral']}",(G - R) / (G + R - B),"['G', 'R', 'B']",[],{},{},{},"{'source_companions': ['VIG', 'VI700', 'VARI700'], 'source_link': 'https://doi.org/10.1016/S0034-4257(01)00289-9', 'source_link_semantic_scholar': None, 'source_link_status': 'operational', 'source_link_type': 'doi', 'source_metadata': {'authors': ['Anatoly A. Gitelson', 'Yoram J. Kaufman', 'Robert Stark', 'Don Rundquist'], 'citations_metrics': {'citation_count': 1876, 'date': '2026-08-18', 'overall': {'percentile': 91.37, 'percentile_similar_age': 73.47, 'rank': 28, 'rank_similar_age': 14}, 'similar_age_count': 49, 'within_application_domain': {'percentile': 88.63, 'percentile_similar_age': 70.73, 'rank': 25, 'rank_similar_age': 13}}, 'how_to_cite': {'apa': 'Anatoly A. Gitelson, Yoram J. Kaufman, Robert Stark, & Don Rundquist (2002). Novel algorithms for remote estimation of vegetation fraction. Remote Sensing of Environment, 80(1). https://doi.org/10.1016/s0034-4257(01)00289-9', 'bibtex': 'ASI_VARI'}, 'issue': '1', 'journal': 'Remote Sensing of Environment', 'source': 'crossref', 'title': 'Novel algorithms for remote estimation of vegetation fraction', 'type': 'article', 'volume': '80', 'year': 2002}}",https://github.com/davemlz,2021-04-07
VARI700,Visible Atmospherically Resistant Index (700 nm),"{'application_domain': 'vegetation', 'family': None, 'sensing_modalities': ['multispectral']}",(RE1 - 1.7 * R + 0.7 * B) / (RE1 + 1.3 * R - 1.3 * B),"['RE1', 'R', 'B']",[],{},{},{},"{'source_companions': ['VARI', 'VIG', 'VI700'], 'source_link': 'https://doi.org/10.1016/S0034-4257(01)00289-9', 'source_link_semantic_scholar': None, 'source_link_status': 'operational', 'source_link_type': 'doi', 'source_metadata': {'authors': ['Anatoly A. Gitelson', 'Yoram J. Kaufman', 'Robert Stark', 'Don Rundquist'], 'citations_metrics': {'citation_count': 1876, 'date': '2026-08-18', 'overall': {'percentile': 91.37, 'percentile_similar_age': 73.47, 'rank': 29, 'rank_similar_age': 15}, 'similar_age_count': 49, 'within_application_domain': {'percentile': 88.63, 'percentile_similar_age': 70.73, 'rank': 26, 'rank_similar_age': 14}}, 'how_to_cite': {'apa': 'Anatoly A. Gitelson, Yoram J. Kaufman, Robert Stark, & Don Rundquist (2002). Novel algorithms for remote estimation of vegetation fraction. Remote Sensing of Environment, 80(1). https://doi.org/10.1016/s0034-4257(01)00289-9', 'bibtex': 'ASI_VARI'}, 'issue': '1', 'journal': 'Remote Sensing of Environment', 'source': 'crossref', 'title': 'Novel algorithms for remote estimation of vegetation fraction', 'type': 'article', 'volume': '80', 'year': 2002}}",https://github.com/davemlz,2021-09-20
VDDPI,Vertical Dual De-Polarization Index,"{'application_domain': 'vegetation', 'family': ['radar'], 'sensing_modalities': ['radar']}",(VV + VH)/VV,[],"['VV', 'VH']",{},{},{},"{'source_companions': ['DPDD'], 'source_link': 'https://doi.org/10.1016/j.rse.2018.09.003', 'source_link_semantic_scholar': None, 'source_link_status': 'operational', 'source_link_type': 'doi', 'source_metadata': {'authors': ['Shoba Periasamy'], 'citations_metrics': {'citation_count': 182, 'date': '2026-08-18', 'overall': {'percentile': 44.73, 'percentile_similar_age': 80.36, 'rank': 175, 'rank_similar_age': 13}, 'similar_age_count': 56, 'within_application_domain': {'percentile': 31.28, 'percentile_similar_age': 73.08, 'rank': 147, 'rank_similar_age': 9}}, 'how_to_cite': {'apa': 'Shoba Periasamy (2018). Significance of dual polarimetric synthetic aperture radar in biomass retrieval: An attempt on Sentinel-1. Remote Sensing of Environment, 217. https://doi.org/10.1016/j.rse.2018.09.003', 'bibtex': 'ASI_DPDD'}, 'journal': 'Remote Sensing of Environment', 'source': 'crossref', 'title': 'Significance of dual polarimetric synthetic aperture radar in biomass retrieval: An attempt on Sentinel-1', 'type': 'article', 'volume': '217', 'year': 2018}}",https://github.com/davemlz,2022-04-19
VHVVD,VH-VV Difference,"{'application_domain': 'vegetation', 'family': ['radar'], 'sensing_modalities': ['radar']}",VH - VV,[],"['VH', 'VV']",{},{},{},"{'source_companions': ['DpRVIVV', 'VVVHR'], 'source_link': 'https://doi.org/10.3390/app9040655', 'source_link_semantic_scholar': None, 'source_link_status': 'operational', 'source_link_type': 'doi', 'source_metadata': {'authors': ['Rouhollah Nasirzadehdizaji', 'Fusun Balik Sanli', 'Saygin Abdikan', 'Ziyadin Cakir', 'Aliihsan Sekertekin', 'Mustafa Ustuner'], 'citations_metrics': {'citation_count': 231, 'date': '2026-08-18', 'overall': {'percentile': 49.52, 'percentile_similar_age': 88.24, 'rank': 160, 'rank_similar_age': 10}, 'similar_age_count': 68, 'within_application_domain': {'percentile': 35.07, 'percentile_similar_age': 79.41, 'rank': 139, 'rank_similar_age': 9}}, 'how_to_cite': {'apa': 'Rouhollah Nasirzadehdizaji, Fusun Balik Sanli, Saygin Abdikan, Ziyadin Cakir, Aliihsan Sekertekin, & Mustafa Ustuner (2019). Sensitivity Analysis of Multi-Temporal Sentinel-1 SAR Parameters to Crop Height and Canopy Coverage. Applied Sciences, 9(4). https://doi.org/10.3390/app9040655', 'bibtex': 'ASI_DpRVIVV'}, 'issue': '4', 'journal': 'Applied Sciences', 'source': 'crossref', 'title': 'Sensitivity Analysis of Multi-Temporal Sentinel-1 SAR Parameters to Crop Height and Canopy Coverage', 'type': 'article', 'volume': '9', 'year': 2019}}",https://github.com/davemlz,2022-04-19
VHVVP,VH-VV Product,"{'application_domain': 'vegetation', 'family': ['radar'], 'sensing_modalities': ['radar']}",VH * VV,[],"['VH', 'VV']",{},{},{},"{'source_companions': ['VHVVR', 'VVVHD', 'VVVHS'], 'source_link': 'https://doi.org/10.1109/IGARSS47720.2021.9554099', 'source_link_semantic_scholar': None, 'source_link_status': 'operational', 'source_link_type': 'doi', 'source_metadata': {'authors': ['J. Alvarez-Mozos', 'J. Villanueva', 'M. Arias', 'M. Gonzalez-Audicana'], 'citations_metrics': {'citation_count': 22, 'date': '2026-08-18', 'overall': {'percentile': 11.5, 'percentile_similar_age': 24.56, 'rank': 278, 'rank_similar_age': 44}, 'similar_age_count': 57, 'within_application_domain': {'percentile': 11.85, 'percentile_similar_age': 30.3, 'rank': 187, 'rank_similar_age': 24}}, 'how_to_cite': {'apa': 'J. Alvarez-Mozos, J. Villanueva, M. Arias, & M. Gonzalez-Audicana (2021). Correlation Between NDVI and Sentinel-1 Derived Features for Maize. 2021 IEEE International Geoscience and Remote Sensing Symposium IGARSS. https://doi.org/10.1109/igarss47720.2021.9554099', 'bibtex': 'ASI_VHVVP'}, 'journal': '2021 IEEE International Geoscience and Remote Sensing Symposium IGARSS', 'source': 'crossref', 'title': 'Correlation Between NDVI and Sentinel-1 Derived Features for Maize', 'type': 'conference_paper', 'year': 2021}}",https://github.com/davemlz,2022-04-19
VHVVR,VH-VV Ratio,"{'application_domain': 'vegetation', 'family': ['radar'], 'sensing_modalities': ['radar']}",VH/VV,[],"['VH', 'VV']",{},{},{},"{'source_companions': ['VHVVP', 'VVVHD', 'VVVHS'], 'source_link': 'https://doi.org/10.1109/IGARSS47720.2021.9554099', 'source_link_semantic_scholar': None, 'source_link_status': 'operational', 'source_link_type': 'doi', 'source_metadata': {'authors': ['J. Alvarez-Mozos', 'J. Villanueva', 'M. Arias', 'M. Gonzalez-Audicana'], 'citations_metrics': {'citation_count': 22, 'date': '2026-08-18', 'overall': {'percentile': 11.5, 'percentile_similar_age': 24.56, 'rank': 279, 'rank_similar_age': 45}, 'similar_age_count': 57, 'within_application_domain': {'percentile': 11.85, 'percentile_similar_age': 30.3, 'rank': 188, 'rank_similar_age': 25}}, 'how_to_cite': {'apa': 'J. Alvarez-Mozos, J. Villanueva, M. Arias, & M. Gonzalez-Audicana (2021). Correlation Between NDVI and Sentinel-1 Derived Features for Maize. 2021 IEEE International Geoscience and Remote Sensing Symposium IGARSS. https://doi.org/10.1109/igarss47720.2021.9554099', 'bibtex': 'ASI_VHVVP'}, 'journal': '2021 IEEE International Geoscience and Remote Sensing Symposium IGARSS', 'source': 'crossref', 'title': 'Correlation Between NDVI and Sentinel-1 Derived Features for Maize', 'type': 'conference_paper', 'year': 2021}}",https://github.com/davemlz,2022-04-19
VI6T,VI6T Index,"{'application_domain': 'burn', 'family': None, 'sensing_modalities': ['multispectral', 'thermal']}",(N - T/10000.0)/(N + T/10000.0),"['N', 'T']",[],{},{},{},"{'source_companions': ['NBRT1', 'NBRT2', 'NBRT3'], 'source_link': 'https://doi.org/10.1080/01431160500239008', 'source_link_semantic_scholar': None, 'source_link_status': 'operational', 'source_link_type': 'doi', 'source_metadata': {'authors': ['Z. A. Holden', 'A. M. S. Smith', 'P. Morgan', 'M. G. Rollins', 'P. E. Gessler'], 'citations_metrics': {'citation_count': 95, 'date': '2026-08-18', 'overall': {'percentile': 30.03, 'percentile_similar_age': 19.57, 'rank': 225, 'rank_similar_age': 41}, 'similar_age_count': 46, 'within_application_domain': {'percentile': 58.82, 'percentile_similar_age': 60.0, 'rank': 11, 'rank_similar_age': 8}}, 'how_to_cite': {'apa': 'Z. A. Holden, A. M. S. Smith, P. Morgan, M. G. Rollins, & P. E. Gessler (2005). Evaluation of novel thermally enhanced spectral indices for mapping fire perimeters and comparisons with fire atlas data. International Journal of Remote Sensing, 26(21). https://doi.org/10.1080/01431160500239008', 'bibtex': 'ASI_NBRT1'}, 'issue': '21', 'journal': 'International Journal of Remote Sensing', 'source': 'crossref', 'title': 'Evaluation of novel thermally enhanced spectral indices for mapping fire perimeters and comparisons with fire atlas data', 'type': 'article', 'volume': '26', 'year': 2005}}",https://github.com/davemlz,2022-04-19
VI700,Vegetation Index (700 nm),"{'application_domain': 'vegetation', 'family': None, 'sensing_modalities': ['multispectral']}",(RE1 - R) / (RE1 + R),"['RE1', 'R']",[],{},{},{},"{'source_companions': ['VARI', 'VIG', 'VARI700'], 'source_link': 'https://doi.org/10.1016/S0034-4257(01)00289-9', 'source_link_semantic_scholar': None, 'source_link_status': 'operational', 'source_link_type': 'doi', 'source_metadata': {'authors': ['Anatoly A. Gitelson', 'Yoram J. Kaufman', 'Robert Stark', 'Don Rundquist'], 'citations_metrics': {'citation_count': 1876, 'date': '2026-08-18', 'overall': {'percentile': 91.37, 'percentile_similar_age': 73.47, 'rank': 30, 'rank_similar_age': 16}, 'similar_age_count': 49, 'within_application_domain': {'percentile': 88.63, 'percentile_similar_age': 70.73, 'rank': 27, 'rank_similar_age': 15}}, 'how_to_cite': {'apa': 'Anatoly A. Gitelson, Yoram J. Kaufman, Robert Stark, & Don Rundquist (2002). Novel algorithms for remote estimation of vegetation fraction. Remote Sensing of Environment, 80(1). https://doi.org/10.1016/s0034-4257(01)00289-9', 'bibtex': 'ASI_VARI'}, 'issue': '1', 'journal': 'Remote Sensing of Environment', 'source': 'crossref', 'title': 'Novel algorithms for remote estimation of vegetation fraction', 'type': 'article', 'volume': '80', 'year': 2002}}",https://github.com/davemlz,2021-09-20
VIBI,Vegetation Index Built-up Index,"{'application_domain': 'urban', 'family': None, 'sensing_modalities': ['multispectral']}",((N-R)/(N+R))/(((N-R)/(N+R)) + ((S1-N)/(S1+N))),"['N', 'R', 'S1']",[],{},{},{},"{'source_companions': [], 'source_link': 'http://dx.doi.org/10.1080/01431161.2012.687842', 'source_link_semantic_scholar': None, 'source_link_status': 'operational', 'source_link_type': 'doi', 'source_metadata': {'authors': ['Demetris Stathakis', 'Konstantinos Perakis', 'Igor Savin'], 'citations_metrics': {'citation_count': 52, 'date': '2026-08-18', 'overall': {'percentile': 19.49, 'percentile_similar_age': 3.7, 'rank': 255, 'rank_similar_age': 27}, 'similar_age_count': 27, 'within_application_domain': {'percentile': 10.53, 'percentile_similar_age': 10.0, 'rank': 18, 'rank_similar_age': 10}}, 'how_to_cite': {'apa': 'Demetris Stathakis, Konstantinos Perakis, & Igor Savin (2012). Efficient segmentation of urban areas by the VIBI. International Journal of Remote Sensing, 33(20). https://doi.org/10.1080/01431161.2012.687842', 'bibtex': 'ASI_VIBI'}, 'issue': '20', 'journal': 'International Journal of Remote Sensing', 'source': 'crossref', 'title': 'Efficient segmentation of urban areas by the VIBI', 'type': 'article', 'volume': '33', 'year': 2012}}",https://github.com/davemlz,2022-09-22
VIG,Vegetation Index Green,"{'application_domain': 'vegetation', 'family': None, 'sensing_modalities': ['multispectral']}",(G - R) / (G + R),"['G', 'R']",[],{},{},{},"{'source_companions': ['VARI', 'VI700', 'VARI700'], 'source_link': 'https://doi.org/10.1016/S0034-4257(01)00289-9', 'source_link_semantic_scholar': None, 'source_link_status': 'operational', 'source_link_type': 'doi', 'source_metadata': {'authors': ['Anatoly A. Gitelson', 'Yoram J. Kaufman', 'Robert Stark', 'Don Rundquist'], 'citations_metrics': {'citation_count': 1876, 'date': '2026-08-18', 'overall': {'percentile': 91.37, 'percentile_similar_age': 73.47, 'rank': 31, 'rank_similar_age': 17}, 'similar_age_count': 49, 'within_application_domain': {'percentile': 88.63, 'percentile_similar_age': 70.73, 'rank': 28, 'rank_similar_age': 16}}, 'how_to_cite': {'apa': 'Anatoly A. Gitelson, Yoram J. Kaufman, Robert Stark, & Don Rundquist (2002). Novel algorithms for remote estimation of vegetation fraction. Remote Sensing of Environment, 80(1). https://doi.org/10.1016/s0034-4257(01)00289-9', 'bibtex': 'ASI_VARI'}, 'issue': '1', 'journal': 'Remote Sensing of Environment', 'source': 'crossref', 'title': 'Novel algorithms for remote estimation of vegetation fraction', 'type': 'article', 'volume': '80', 'year': 2002}}",https://github.com/davemlz,2021-09-20
VVVHD,VV-VH Difference,"{'application_domain': 'vegetation', 'family': ['radar'], 'sensing_modalities': ['radar']}",VV - VH,[],"['VV', 'VH']",{},{},{},"{'source_companions': ['VHVVR', 'VHVVP', 'VVVHS'], 'source_link': 'https://doi.org/10.1109/IGARSS47720.2021.9554099', 'source_link_semantic_scholar': None, 'source_link_status': 'operational', 'source_link_type': 'doi', 'source_metadata': {'authors': ['J. Alvarez-Mozos', 'J. Villanueva', 'M. Arias', 'M. Gonzalez-Audicana'], 'citations_metrics': {'citation_count': 22, 'date': '2026-08-18', 'overall': {'percentile': 11.5, 'percentile_similar_age': 24.56, 'rank': 280, 'rank_similar_age': 46}, 'similar_age_count': 57, 'within_application_domain': {'percentile': 11.85, 'percentile_similar_age': 30.3, 'rank': 189, 'rank_similar_age': 26}}, 'how_to_cite': {'apa': 'J. Alvarez-Mozos, J. Villanueva, M. Arias, & M. Gonzalez-Audicana (2021). Correlation Between NDVI and Sentinel-1 Derived Features for Maize. 2021 IEEE International Geoscience and Remote Sensing Symposium IGARSS. https://doi.org/10.1109/igarss47720.2021.9554099', 'bibtex': 'ASI_VHVVP'}, 'journal': '2021 IEEE International Geoscience and Remote Sensing Symposium IGARSS', 'source': 'crossref', 'title': 'Correlation Between NDVI and Sentinel-1 Derived Features for Maize', 'type': 'conference_paper', 'year': 2021}}",https://github.com/davemlz,2022-04-19
VVVHR,VV-VH Ratio,"{'application_domain': 'vegetation', 'family': ['radar'], 'sensing_modalities': ['radar']}",VV/VH,[],"['VV', 'VH']",{},{},{},"{'source_companions': ['DpRVIVV', 'VHVVD'], 'source_link': 'https://doi.org/10.3390/app9040655', 'source_link_semantic_scholar': None, 'source_link_status': 'operational', 'source_link_type': 'doi', 'source_metadata': {'authors': ['Rouhollah Nasirzadehdizaji', 'Fusun Balik Sanli', 'Saygin Abdikan', 'Ziyadin Cakir', 'Aliihsan Sekertekin', 'Mustafa Ustuner'], 'citations_metrics': {'citation_count': 231, 'date': '2026-08-18', 'overall': {'percentile': 49.52, 'percentile_similar_age': 88.24, 'rank': 161, 'rank_similar_age': 11}, 'similar_age_count': 68, 'within_application_domain': {'percentile': 35.07, 'percentile_similar_age': 79.41, 'rank': 140, 'rank_similar_age': 10}}, 'how_to_cite': {'apa': 'Rouhollah Nasirzadehdizaji, Fusun Balik Sanli, Saygin Abdikan, Ziyadin Cakir, Aliihsan Sekertekin, & Mustafa Ustuner (2019). Sensitivity Analysis of Multi-Temporal Sentinel-1 SAR Parameters to Crop Height and Canopy Coverage. Applied Sciences, 9(4). https://doi.org/10.3390/app9040655', 'bibtex': 'ASI_DpRVIVV'}, 'issue': '4', 'journal': 'Applied Sciences', 'source': 'crossref', 'title': 'Sensitivity Analysis of Multi-Temporal Sentinel-1 SAR Parameters to Crop Height and Canopy Coverage', 'type': 'article', 'volume': '9', 'year': 2019}}",https://github.com/davemlz,2022-04-19
VVVHS,VV-VH Sum,"{'application_domain': 'vegetation', 'family': ['radar'], 'sensing_modalities': ['radar']}",VV + VH,[],"['VV', 'VH']",{},{},{},"{'source_companions': ['VHVVR', 'VHVVP', 'VVVHD'], 'source_link': 'https://doi.org/10.1109/IGARSS47720.2021.9554099', 'source_link_semantic_scholar': None, 'source_link_status': 'operational', 'source_link_type': 'doi', 'source_metadata': {'authors': ['J. Alvarez-Mozos', 'J. Villanueva', 'M. Arias', 'M. Gonzalez-Audicana'], 'citations_metrics': {'citation_count': 22, 'date': '2026-08-18', 'overall': {'percentile': 11.5, 'percentile_similar_age': 24.56, 'rank': 281, 'rank_similar_age': 47}, 'similar_age_count': 57, 'within_application_domain': {'percentile': 11.85, 'percentile_similar_age': 30.3, 'rank': 190, 'rank_similar_age': 27}}, 'how_to_cite': {'apa': 'J. Alvarez-Mozos, J. Villanueva, M. Arias, & M. Gonzalez-Audicana (2021). Correlation Between NDVI and Sentinel-1 Derived Features for Maize. 2021 IEEE International Geoscience and Remote Sensing Symposium IGARSS. https://doi.org/10.1109/igarss47720.2021.9554099', 'bibtex': 'ASI_VHVVP'}, 'journal': '2021 IEEE International Geoscience and Remote Sensing Symposium IGARSS', 'source': 'crossref', 'title': 'Correlation Between NDVI and Sentinel-1 Derived Features for Maize', 'type': 'conference_paper', 'year': 2021}}",https://github.com/davemlz,2022-04-19
VgNIRBI,Visible Green-Based Built-Up Index,"{'application_domain': 'urban', 'family': None, 'sensing_modalities': ['multispectral']}",(G - N)/(G + N),"['G', 'N']",[],{},{},{},"{'source_companions': ['VrNIRBI'], 'source_link': 'https://doi.org/10.1016/j.ecolind.2015.03.037', 'source_link_semantic_scholar': None, 'source_link_status': 'operational', 'source_link_type': 'doi', 'source_metadata': {'authors': ['Ronald C. Estoque', 'Yuji Murayama'], 'citations_metrics': {'citation_count': 198, 'date': '2026-08-18', 'overall': {'percentile': 46.01, 'percentile_similar_age': 56.0, 'rank': 170, 'rank_similar_age': 12}, 'similar_age_count': 25, 'within_application_domain': {'percentile': 52.63, 'percentile_similar_age': 100.0, 'rank': 10, 'rank_similar_age': 1}}, 'how_to_cite': {'apa': 'Ronald C. Estoque, & Yuji Murayama (2015). Classification and change detection of built-up lands from Landsat-7 ETM+ and Landsat-8 OLI/TIRS imageries: A comparative assessment of various spectral indices. Ecological Indicators, 56. https://doi.org/10.1016/j.ecolind.2015.03.037', 'bibtex': 'ASI_VgNIRBI'}, 'journal': 'Ecological Indicators', 'source': 'crossref', 'title': 'Classification and change detection of built-up lands from Landsat-7 ETM+ and Landsat-8 OLI/TIRS imageries: A comparative assessment of various spectral indices', 'type': 'article', 'volume': '56', 'year': 2015}}",https://github.com/davemlz,2022-02-09
VrNIRBI,Visible Red-Based Built-Up Index,"{'application_domain': 'urban', 'family': None, 'sensing_modalities': ['multispectral']}",(R - N)/(R + N),"['R', 'N']",[],{},{},{},"{'source_companions': ['VgNIRBI'], 'source_link': 'https://doi.org/10.1016/j.ecolind.2015.03.037', 'source_link_semantic_scholar': None, 'source_link_status': 'operational', 'source_link_type': 'doi', 'source_metadata': {'authors': ['Ronald C. Estoque', 'Yuji Murayama'], 'citations_metrics': {'citation_count': 198, 'date': '2026-08-18', 'overall': {'percentile': 46.01, 'percentile_similar_age': 56.0, 'rank': 171, 'rank_similar_age': 13}, 'similar_age_count': 25, 'within_application_domain': {'percentile': 52.63, 'percentile_similar_age': 100.0, 'rank': 11, 'rank_similar_age': 2}}, 'how_to_cite': {'apa': 'Ronald C. Estoque, & Yuji Murayama (2015). Classification and change detection of built-up lands from Landsat-7 ETM+ and Landsat-8 OLI/TIRS imageries: A comparative assessment of various spectral indices. Ecological Indicators, 56. https://doi.org/10.1016/j.ecolind.2015.03.037', 'bibtex': 'ASI_VgNIRBI'}, 'journal': 'Ecological Indicators', 'source': 'crossref', 'title': 'Classification and change detection of built-up lands from Landsat-7 ETM+ and Landsat-8 OLI/TIRS imageries: A comparative assessment of various spectral indices', 'type': 'article', 'volume': '56', 'year': 2015}}",https://github.com/davemlz,2022-02-09
WCI1,Wheat Canopy Index (Growth Stage 1),"{'application_domain': 'vegetation', 'family': None, 'sensing_modalities': ['multispectral']}",-1.0 * ((B - R + RE1)/(B + R + RE1 + epsilon)) * ((G + R)/(B + N + epsilon)),"['B', 'R', 'RE1', 'G', 'N']",[],"{'epsilon': {'default_value': 1e-10, 'description': 'Adjustment constant for numerical stability'}}",{},{},"{'source_companions': ['KDI', 'WCI2', 'WCI3'], 'source_link': 'https://doi.org/10.1016/j.mlwa.2026.100914', 'source_link_semantic_scholar': None, 'source_link_status': 'operational', 'source_link_type': 'doi', 'source_metadata': {'authors': ['Ali Lotfi', 'Adam Carter', 'Thuan Ha', 'Mohammad Meysami', 'Kwabena Nketia', 'Steve Shirtliffe'], 'citations_metrics': {'citation_count': 0, 'date': '2026-08-18', 'overall': {'percentile': 1.92, 'percentile_similar_age': 31.58, 'rank': 311, 'rank_similar_age': 17}, 'similar_age_count': 19, 'within_application_domain': {'percentile': 1.9, 'percentile_similar_age': 30.77, 'rank': 209, 'rank_similar_age': 11}}, 'how_to_cite': {'apa': 'Ali Lotfi, Adam Carter, Thuan Ha, Mohammad Meysami, Kwabena Nketia, & Steve Shirtliffe (2026). Interpretable machine learning–Derived spectral indices for vegetation monitoring. Machine Learning with Applications, 24. https://doi.org/10.1016/j.mlwa.2026.100914', 'bibtex': 'ASI_KDI'}, 'journal': 'Machine Learning with Applications', 'source': 'crossref', 'title': 'Interpretable machine learning–Derived spectral indices for vegetation monitoring', 'type': 'article', 'volume': '24', 'year': 2026}}",https://github.com/davemlz,2026-05-27
WCI2,Wheat Canopy Index (Growth Stage 2),"{'application_domain': 'vegetation', 'family': None, 'sensing_modalities': ['multispectral']}",-1.0 * ((B + G + RE1)/(R + epsilon)) * ((B + R + RE1)/(N + epsilon)),"['B', 'G', 'RE1', 'R', 'N']",[],"{'epsilon': {'default_value': 1e-10, 'description': 'Adjustment constant for numerical stability'}}",{},{},"{'source_companions': ['KDI', 'WCI1', 'WCI3'], 'source_link': 'https://doi.org/10.1016/j.mlwa.2026.100914', 'source_link_semantic_scholar': None, 'source_link_status': 'operational', 'source_link_type': 'doi', 'source_metadata': {'authors': ['Ali Lotfi', 'Adam Carter', 'Thuan Ha', 'Mohammad Meysami', 'Kwabena Nketia', 'Steve Shirtliffe'], 'citations_metrics': {'citation_count': 0, 'date': '2026-08-18', 'overall': {'percentile': 1.92, 'percentile_similar_age': 31.58, 'rank': 312, 'rank_similar_age': 18}, 'similar_age_count': 19, 'within_application_domain': {'percentile': 1.9, 'percentile_similar_age': 30.77, 'rank': 210, 'rank_similar_age': 12}}, 'how_to_cite': {'apa': 'Ali Lotfi, Adam Carter, Thuan Ha, Mohammad Meysami, Kwabena Nketia, & Steve Shirtliffe (2026). Interpretable machine learning–Derived spectral indices for vegetation monitoring. Machine Learning with Applications, 24. https://doi.org/10.1016/j.mlwa.2026.100914', 'bibtex': 'ASI_KDI'}, 'journal': 'Machine Learning with Applications', 'source': 'crossref', 'title': 'Interpretable machine learning–Derived spectral indices for vegetation monitoring', 'type': 'article', 'volume': '24', 'year': 2026}}",https://github.com/davemlz,2026-05-27
WCI3,Wheat Canopy Index (Growth Stage 3),"{'application_domain': 'vegetation', 'family': None, 'sensing_modalities': ['multispectral']}","((B - R)/(B + R + epsilon)) * tanh(R - max(B, G, RE1, N))","['B', 'R', 'G', 'RE1', 'N']",[],"{'epsilon': {'default_value': 1e-10, 'description': 'Adjustment constant for numerical stability'}}",{},{},"{'source_companions': ['KDI', 'WCI1', 'WCI2'], 'source_link': 'https://doi.org/10.1016/j.mlwa.2026.100914', 'source_link_semantic_scholar': None, 'source_link_status': 'operational', 'source_link_type': 'doi', 'source_metadata': {'authors': ['Ali Lotfi', 'Adam Carter', 'Thuan Ha', 'Mohammad Meysami', 'Kwabena Nketia', 'Steve Shirtliffe'], 'citations_metrics': {'citation_count': 0, 'date': '2026-08-18', 'overall': {'percentile': 1.92, 'percentile_similar_age': 31.58, 'rank': 313, 'rank_similar_age': 19}, 'similar_age_count': 19, 'within_application_domain': {'percentile': 1.9, 'percentile_similar_age': 30.77, 'rank': 211, 'rank_similar_age': 13}}, 'how_to_cite': {'apa': 'Ali Lotfi, Adam Carter, Thuan Ha, Mohammad Meysami, Kwabena Nketia, & Steve Shirtliffe (2026). Interpretable machine learning–Derived spectral indices for vegetation monitoring. Machine Learning with Applications, 24. https://doi.org/10.1016/j.mlwa.2026.100914', 'bibtex': 'ASI_KDI'}, 'journal': 'Machine Learning with Applications', 'source': 'crossref', 'title': 'Interpretable machine learning–Derived spectral indices for vegetation monitoring', 'type': 'article', 'volume': '24', 'year': 2026}}",https://github.com/davemlz,2026-08-05
WDRVI,Wide Dynamic Range Vegetation Index,"{'application_domain': 'vegetation', 'family': None, 'sensing_modalities': ['multispectral']}",(alpha * N - R) / (alpha * N + R),"['N', 'R']",[],"{'alpha': {'default_value': 0.1, 'description': 'Weighting coefficient', 'suggested_range': [0.1, 0.2], 'suggested_values': {'Aggressive correction, high LAI. Underperforms in sparse vegetation': 0.05, 'Conservative correction, high-biomass sensitivity without strongly down-weighting NIR': 0.2, 'Equal WDRVI to NDVI': 1.0, 'Stronger correction, moderate-to-high LAI, vegetation fraction where NDVI saturates': 0.1}}}",{},{},"{'source_companions': [], 'source_link': 'https://doi.org/10.1078/0176-1617-01176', 'source_link_semantic_scholar': None, 'source_link_status': 'operational', 'source_link_type': 'doi', 'source_metadata': {'authors': ['Anatoly A. Gitelson'], 'citations_metrics': {'citation_count': 1056, 'date': '2026-08-18', 'overall': {'percentile': 84.35, 'percentile_similar_age': 64.71, 'rank': 50, 'rank_similar_age': 19}, 'similar_age_count': 51, 'within_application_domain': {'percentile': 79.15, 'percentile_similar_age': 58.97, 'rank': 45, 'rank_similar_age': 17}}, 'how_to_cite': {'apa': 'Anatoly A. Gitelson (2004). Wide Dynamic Range Vegetation Index for Remote Quantification of Biophysical Characteristics of Vegetation. Journal of Plant Physiology, 161(2). https://doi.org/10.1078/0176-1617-01176', 'bibtex': 'ASI_WDRVI'}, 'issue': '2', 'journal': 'Journal of Plant Physiology', 'source': 'crossref', 'title': 'Wide Dynamic Range Vegetation Index for Remote Quantification of Biophysical Characteristics of Vegetation', 'type': 'article', 'volume': '161', 'year': 2004}}",https://github.com/davemlz,2021-05-14
WDVI,Weighted Difference Vegetation Index,"{'application_domain': 'vegetation', 'family': None, 'sensing_modalities': ['multispectral']}",N - sla * R,"['N', 'R']",[],"{'sla': {'default_value': 1.0, 'description': 'Soil line slope. sla = N/R (only for soil pixels/measurements)', 'suggested_values': {'Equal WDVI to DVI': 1.0}}}",{},{},"{'source_companions': [], 'source_link': 'https://doi.org/10.1016/0034-4257(89)90076-X', 'source_link_semantic_scholar': None, 'source_link_status': 'operational', 'source_link_type': 'doi', 'source_metadata': {'authors': ['J.G.P.W. Clevers'], 'citations_metrics': {'citation_count': 280, 'date': '2026-08-18', 'overall': {'percentile': 50.8, 'percentile_similar_age': 20.0, 'rank': 155, 'rank_similar_age': 9}, 'similar_age_count': 10, 'within_application_domain': {'percentile': 36.02, 'percentile_similar_age': 20.0, 'rank': 136, 'rank_similar_age': 9}}, 'how_to_cite': {'apa': 'J.G.P.W. Clevers (1989). Application of a weighted infrared-red vegetation index for estimating leaf Area Index by Correcting for Soil Moisture. Remote Sensing of Environment, 29(1). https://doi.org/10.1016/0034-4257(89)90076-x', 'bibtex': 'ASI_WDVI'}, 'issue': '1', 'journal': 'Remote Sensing of Environment', 'source': 'crossref', 'title': 'Application of a weighted infrared-red vegetation index for estimating leaf Area Index by Correcting for Soil Moisture', 'type': 'article', 'volume': '29', 'year': 1989}}",https://github.com/davemlz,2021-05-14
WI1,Water Index 1,"{'application_domain': 'water', 'family': None, 'sensing_modalities': ['multispectral']}",(G - S2) / (G + S2),"['G', 'S2']",[],{},{},{},"{'source_companions': ['WI2'], 'source_link': 'https://doi.org/10.3390/rs11182186', 'source_link_semantic_scholar': None, 'source_link_status': 'operational', 'source_link_type': 'doi', 'source_metadata': {'authors': ['Sandra Viaña-Borja', 'Miguel Ortega-Sánchez'], 'citations_metrics': {'citation_count': 51, 'date': '2026-08-18', 'overall': {'percentile': 18.53, 'percentile_similar_age': 29.41, 'rank': 256, 'rank_similar_age': 49}, 'similar_age_count': 68, 'within_application_domain': {'percentile': 35.48, 'percentile_similar_age': 41.67, 'rank': 21, 'rank_similar_age': 8}}, 'how_to_cite': {'apa': 'Sandra Viaña-Borja, & Miguel Ortega-Sánchez (2019). Automatic Methodology to Detect the Coastline from Landsat Images with a New Water Index Assessed on Three Different Spanish Mediterranean Deltas. Remote Sensing, 11(18). https://doi.org/10.3390/rs11182186', 'bibtex': 'ASI_WI1'}, 'issue': '18', 'journal': 'Remote Sensing', 'source': 'crossref', 'title': 'Automatic Methodology to Detect the Coastline from Landsat Images with a New Water Index Assessed on Three Different Spanish Mediterranean Deltas', 'type': 'article', 'volume': '11', 'year': 2019}}",https://github.com/davemlz,2021-09-18
WI2,Water Index 2,"{'application_domain': 'water', 'family': None, 'sensing_modalities': ['multispectral']}",(B - S2) / (B + S2),"['B', 'S2']",[],{},{},{},"{'source_companions': ['WI1'], 'source_link': 'https://doi.org/10.3390/rs11182186', 'source_link_semantic_scholar': None, 'source_link_status': 'operational', 'source_link_type': 'doi', 'source_metadata': {'authors': ['Sandra Viaña-Borja', 'Miguel Ortega-Sánchez'], 'citations_metrics': {'citation_count': 51, 'date': '2026-08-18', 'overall': {'percentile': 18.53, 'percentile_similar_age': 29.41, 'rank': 257, 'rank_similar_age': 50}, 'similar_age_count': 68, 'within_application_domain': {'percentile': 35.48, 'percentile_similar_age': 41.67, 'rank': 22, 'rank_similar_age': 9}}, 'how_to_cite': {'apa': 'Sandra Viaña-Borja, & Miguel Ortega-Sánchez (2019). Automatic Methodology to Detect the Coastline from Landsat Images with a New Water Index Assessed on Three Different Spanish Mediterranean Deltas. Remote Sensing, 11(18). https://doi.org/10.3390/rs11182186', 'bibtex': 'ASI_WI1'}, 'issue': '18', 'journal': 'Remote Sensing', 'source': 'crossref', 'title': 'Automatic Methodology to Detect the Coastline from Landsat Images with a New Water Index Assessed on Three Different Spanish Mediterranean Deltas', 'type': 'article', 'volume': '11', 'year': 2019}}",https://github.com/davemlz,2021-09-18
WI2015,Water Index 2015,"{'application_domain': 'water', 'family': None, 'sensing_modalities': ['multispectral']}",1.7204 + 171 * G + 3 * R - 70 * N - 45 * S1 - 71 * S2,"['G', 'R', 'N', 'S1', 'S2']",[],{},{},{},"{'source_companions': [], 'source_link': 'https://doi.org/10.1016/j.rse.2015.12.055', 'source_link_semantic_scholar': None, 'source_link_status': 'operational', 'source_link_type': 'doi', 'source_metadata': {'authors': ['Adrian Fisher', 'Neil Flood', 'Tim Danaher'], 'citations_metrics': {'citation_count': 564, 'date': '2026-08-18', 'overall': {'percentile': 70.61, 'percentile_similar_age': 92.11, 'rank': 93, 'rank_similar_age': 4}, 'similar_age_count': 38, 'within_application_domain': {'percentile': 77.42, 'percentile_similar_age': 75.0, 'rank': 8, 'rank_similar_age': 3}}, 'how_to_cite': {'apa': 'Adrian Fisher, Neil Flood, & Tim Danaher (2016). Comparing Landsat water index methods for automated water classification in eastern Australia. Remote Sensing of Environment, 175. https://doi.org/10.1016/j.rse.2015.12.055', 'bibtex': 'ASI_WI2015'}, 'journal': 'Remote Sensing of Environment', 'source': 'crossref', 'title': 'Comparing Landsat water index methods for automated water classification in eastern Australia', 'type': 'article', 'volume': '175', 'year': 2016}}",https://github.com/remi-braun,2022-10-26
WRI,Water Ratio Index,"{'application_domain': 'water', 'family': None, 'sensing_modalities': ['multispectral']}",(G + R)/(N + S1),"['G', 'R', 'N', 'S1']",[],{},{},{},"{'source_companions': [], 'source_link': 'https://doi.org/10.1109/GEOINFORMATICS.2010.5567762', 'source_link_semantic_scholar': None, 'source_link_status': 'operational', 'source_link_type': 'doi', 'source_metadata': {'authors': ['Li Shen', 'Changchun Li'], 'citations_metrics': {'citation_count': 193, 'date': '2026-08-18', 'overall': {'percentile': 45.37, 'percentile_similar_age': 39.39, 'rank': 172, 'rank_similar_age': 21}, 'similar_age_count': 33, 'within_application_domain': {'percentile': 64.52, 'percentile_similar_age': 33.33, 'rank': 12, 'rank_similar_age': 3}}, 'how_to_cite': {'apa': 'Li Shen, & Changchun Li (2010). Water body extraction from Landsat ETM&amp;#x002B; imagery using adaboost algorithm. 2010 18th International Conference on Geoinformatics. https://doi.org/10.1109/geoinformatics.2010.5567762', 'bibtex': 'ASI_WRI'}, 'journal': '2010 18th International Conference on Geoinformatics', 'source': 'crossref', 'title': 'Water body extraction from Landsat ETM&amp;#x002B; imagery using adaboost algorithm', 'type': 'conference_paper', 'year': 2010}}",https://github.com/davemlz,2022-01-17
bNIRv,Blue Near-Infrared Reflectance of Vegetation,"{'application_domain': 'vegetation', 'family': None, 'sensing_modalities': ['multispectral']}",((N - B)/(N + B)) * N,"['N', 'B']",[],{},{},{},"{'source_companions': ['EVIv', 'sNIRvLSWI', 'sNIRvNDPI', 'sNIRvSWIR', 'sNIRvNDVILSWIP', 'sNIRvNDVILSWIS'], 'source_link': 'https://doi.org/10.1029/2024JG008240', 'source_link_semantic_scholar': None, 'source_link_status': 'operational', 'source_link_type': 'doi', 'source_metadata': {'authors': ['Sadegh Ranjbar', 'Danielle Losos', 'Benjamin Dechant', 'Sophie Hoffman', 'Eyyup Ensar Başakın', 'Paul C. Stoy'], 'citations_metrics': {'citation_count': 7, 'date': '2026-08-18', 'overall': {'percentile': 6.07, 'percentile_similar_age': 56.67, 'rank': 295, 'rank_similar_age': 14}, 'similar_age_count': 30, 'within_application_domain': {'percentile': 6.16, 'percentile_similar_age': 65.0, 'rank': 199, 'rank_similar_age': 8}}, 'how_to_cite': {'apa': 'Sadegh Ranjbar, Danielle Losos, Benjamin Dechant, Sophie Hoffman, Eyyup Ensar Başakın, & Paul C. Stoy (2024). Harnessing Information From Shortwave Infrared Reflectance Bands to Enhance Satellite‐Based Estimates of Gross Primary Productivity. Journal of Geophysical Research: Biogeosciences, 129(11). https://doi.org/10.1029/2024jg008240', 'bibtex': 'ASI_EVIv'}, 'issue': '11', 'journal': 'Journal of Geophysical Research: Biogeosciences', 'source': 'crossref', 'title': 'Harnessing Information From Shortwave Infrared Reflectance Bands to Enhance Satellite‐Based Estimates of Gross Primary Productivity', 'type': 'article', 'volume': '129', 'year': 2024}}",https://github.com/davemlz,2024-05-16
kEVI,Kernel Enhanced Vegetation Index,"{'application_domain': 'vegetation', 'family': ['kernel'], 'sensing_modalities': ['multispectral']}","g * (kernel(N, N) - kernel(N, R)) / (kernel(N, N) + C1 * kernel(N, R) - C2 * kernel(N, B) + kernel(N, L))","['N', 'R', 'B']",[],"{'C1': {'default_value': 6.0, 'description': 'Coefficient 1 for the aerosol resistance term'}, 'C2': {'default_value': 7.5, 'description': 'Coefficient 2 for the aerosol resistance term'}, 'L': {'default_value': 1.0, 'description': 'Canopy background adjustment'}, 'g': {'default_value': 2.5, 'description': 'Gain factor'}}",{},{},"{'source_companions': ['kNDVI', 'kRVI', 'kVARI', 'kIPVI'], 'source_link': 'https://doi.org/10.1126/sciadv.abc7447', 'source_link_semantic_scholar': None, 'source_link_status': 'operational', 'source_link_type': 'doi', 'source_metadata': {'authors': ['Gustau Camps-Valls', 'Manuel Campos-Taberner', 'Álvaro Moreno-Martínez', 'Sophia Walther', 'Grégory Duveiller', 'Alessandro Cescatti', 'Miguel D. Mahecha', 'Jordi Muñoz-Marí', 'Francisco Javier García-Haro', 'Luis Guanter', 'Martin Jung', 'John A. Gamon', 'Markus Reichstein', 'Steven W. Running'], 'citations_metrics': {'citation_count': 709, 'date': '2026-08-18', 'overall': {'percentile': 77.0, 'percentile_similar_age': 100.0, 'rank': 73, 'rank_similar_age': 1}, 'similar_age_count': 57, 'within_application_domain': {'percentile': 69.19, 'percentile_similar_age': 100.0, 'rank': 66, 'rank_similar_age': 1}}, 'how_to_cite': {'apa': 'Gustau Camps-Valls, Manuel Campos-Taberner, Álvaro Moreno-Martínez, Sophia Walther, Grégory Duveiller, Alessandro Cescatti, Miguel D. Mahecha, Jordi Muñoz-Marí, Francisco Javier García-Haro, Luis Guanter, Martin Jung, John A. Gamon, Markus Reichstein, & Steven W. Running (2021). A unified vegetation index for quantifying the terrestrial biosphere. Science Advances, 7(9). https://doi.org/10.1126/sciadv.abc7447', 'bibtex': 'ASI_kEVI'}, 'issue': '9', 'journal': 'Science Advances', 'source': 'crossref', 'title': 'A unified vegetation index for quantifying the terrestrial biosphere', 'type': 'article', 'volume': '7', 'year': 2021}}",https://github.com/davemlz,2021-05-10
kIPVI,Kernel Infrared Percentage Vegetation Index,"{'application_domain': 'vegetation', 'family': ['kernel'], 'sensing_modalities': ['multispectral']}","kernel(N, N) / (kernel(N, N) + kernel(N, R))","['N', 'R']",[],{},{},{},"{'source_companions': ['kEVI', 'kNDVI', 'kRVI', 'kVARI'], 'source_link': 'https://doi.org/10.1126/sciadv.abc7447', 'source_link_semantic_scholar': None, 'source_link_status': 'operational', 'source_link_type': 'doi', 'source_metadata': {'authors': ['Gustau Camps-Valls', 'Manuel Campos-Taberner', 'Álvaro Moreno-Martínez', 'Sophia Walther', 'Grégory Duveiller', 'Alessandro Cescatti', 'Miguel D. Mahecha', 'Jordi Muñoz-Marí', 'Francisco Javier García-Haro', 'Luis Guanter', 'Martin Jung', 'John A. Gamon', 'Markus Reichstein', 'Steven W. Running'], 'citations_metrics': {'citation_count': 709, 'date': '2026-08-18', 'overall': {'percentile': 77.0, 'percentile_similar_age': 100.0, 'rank': 74, 'rank_similar_age': 2}, 'similar_age_count': 57, 'within_application_domain': {'percentile': 69.19, 'percentile_similar_age': 100.0, 'rank': 67, 'rank_similar_age': 2}}, 'how_to_cite': {'apa': 'Gustau Camps-Valls, Manuel Campos-Taberner, Álvaro Moreno-Martínez, Sophia Walther, Grégory Duveiller, Alessandro Cescatti, Miguel D. Mahecha, Jordi Muñoz-Marí, Francisco Javier García-Haro, Luis Guanter, Martin Jung, John A. Gamon, Markus Reichstein, & Steven W. Running (2021). A unified vegetation index for quantifying the terrestrial biosphere. Science Advances, 7(9). https://doi.org/10.1126/sciadv.abc7447', 'bibtex': 'ASI_kEVI'}, 'issue': '9', 'journal': 'Science Advances', 'source': 'crossref', 'title': 'A unified vegetation index for quantifying the terrestrial biosphere', 'type': 'article', 'volume': '7', 'year': 2021}}",https://github.com/davemlz,2022-04-08
kNDVI,Kernel Normalized Difference Vegetation Index,"{'application_domain': 'vegetation', 'family': ['kernel'], 'sensing_modalities': ['multispectral']}","(kernel(N, N) - kernel(N, R)) / (kernel(N, N) + kernel(N, R))","['N', 'R']",[],{},{},{},"{'source_companions': ['kEVI', 'kRVI', 'kVARI', 'kIPVI'], 'source_link': 'https://doi.org/10.1126/sciadv.abc7447', 'source_link_semantic_scholar': None, 'source_link_status': 'operational', 'source_link_type': 'doi', 'source_metadata': {'authors': ['Gustau Camps-Valls', 'Manuel Campos-Taberner', 'Álvaro Moreno-Martínez', 'Sophia Walther', 'Grégory Duveiller', 'Alessandro Cescatti', 'Miguel D. Mahecha', 'Jordi Muñoz-Marí', 'Francisco Javier García-Haro', 'Luis Guanter', 'Martin Jung', 'John A. Gamon', 'Markus Reichstein', 'Steven W. Running'], 'citations_metrics': {'citation_count': 709, 'date': '2026-08-18', 'overall': {'percentile': 77.0, 'percentile_similar_age': 100.0, 'rank': 75, 'rank_similar_age': 3}, 'similar_age_count': 57, 'within_application_domain': {'percentile': 69.19, 'percentile_similar_age': 100.0, 'rank': 68, 'rank_similar_age': 3}}, 'how_to_cite': {'apa': 'Gustau Camps-Valls, Manuel Campos-Taberner, Álvaro Moreno-Martínez, Sophia Walther, Grégory Duveiller, Alessandro Cescatti, Miguel D. Mahecha, Jordi Muñoz-Marí, Francisco Javier García-Haro, Luis Guanter, Martin Jung, John A. Gamon, Markus Reichstein, & Steven W. Running (2021). A unified vegetation index for quantifying the terrestrial biosphere. Science Advances, 7(9). https://doi.org/10.1126/sciadv.abc7447', 'bibtex': 'ASI_kEVI'}, 'issue': '9', 'journal': 'Science Advances', 'source': 'crossref', 'title': 'A unified vegetation index for quantifying the terrestrial biosphere', 'type': 'article', 'volume': '7', 'year': 2021}}",https://github.com/davemlz,2021-04-07
kRVI,Kernel Ratio Vegetation Index,"{'application_domain': 'vegetation', 'family': ['kernel'], 'sensing_modalities': ['multispectral']}","kernel(N, N) / kernel(N, R)","['N', 'R']",[],{},{},{},"{'source_companions': ['kEVI', 'kNDVI', 'kVARI', 'kIPVI'], 'source_link': 'https://doi.org/10.1126/sciadv.abc7447', 'source_link_semantic_scholar': None, 'source_link_status': 'operational', 'source_link_type': 'doi', 'source_metadata': {'authors': ['Gustau Camps-Valls', 'Manuel Campos-Taberner', 'Álvaro Moreno-Martínez', 'Sophia Walther', 'Grégory Duveiller', 'Alessandro Cescatti', 'Miguel D. Mahecha', 'Jordi Muñoz-Marí', 'Francisco Javier García-Haro', 'Luis Guanter', 'Martin Jung', 'John A. Gamon', 'Markus Reichstein', 'Steven W. Running'], 'citations_metrics': {'citation_count': 709, 'date': '2026-08-18', 'overall': {'percentile': 77.0, 'percentile_similar_age': 100.0, 'rank': 76, 'rank_similar_age': 4}, 'similar_age_count': 57, 'within_application_domain': {'percentile': 69.19, 'percentile_similar_age': 100.0, 'rank': 69, 'rank_similar_age': 4}}, 'how_to_cite': {'apa': 'Gustau Camps-Valls, Manuel Campos-Taberner, Álvaro Moreno-Martínez, Sophia Walther, Grégory Duveiller, Alessandro Cescatti, Miguel D. Mahecha, Jordi Muñoz-Marí, Francisco Javier García-Haro, Luis Guanter, Martin Jung, John A. Gamon, Markus Reichstein, & Steven W. Running (2021). A unified vegetation index for quantifying the terrestrial biosphere. Science Advances, 7(9). https://doi.org/10.1126/sciadv.abc7447', 'bibtex': 'ASI_kEVI'}, 'issue': '9', 'journal': 'Science Advances', 'source': 'crossref', 'title': 'A unified vegetation index for quantifying the terrestrial biosphere', 'type': 'article', 'volume': '7', 'year': 2021}}",https://github.com/davemlz,2021-04-07
kVARI,Kernel Visible Atmospherically Resistant Index,"{'application_domain': 'vegetation', 'family': ['kernel'], 'sensing_modalities': ['multispectral']}","(kernel(G, G) - kernel(G, R)) / (kernel(G, G) + kernel(G, R) - kernel(G, B))","['G', 'R', 'B']",[],{},{},{},"{'source_companions': ['kEVI', 'kNDVI', 'kRVI', 'kIPVI'], 'source_link': 'https://doi.org/10.1126/sciadv.abc7447', 'source_link_semantic_scholar': None, 'source_link_status': 'operational', 'source_link_type': 'doi', 'source_metadata': {'authors': ['Gustau Camps-Valls', 'Manuel Campos-Taberner', 'Álvaro Moreno-Martínez', 'Sophia Walther', 'Grégory Duveiller', 'Alessandro Cescatti', 'Miguel D. Mahecha', 'Jordi Muñoz-Marí', 'Francisco Javier García-Haro', 'Luis Guanter', 'Martin Jung', 'John A. Gamon', 'Markus Reichstein', 'Steven W. Running'], 'citations_metrics': {'citation_count': 709, 'date': '2026-08-18', 'overall': {'percentile': 77.0, 'percentile_similar_age': 100.0, 'rank': 77, 'rank_similar_age': 5}, 'similar_age_count': 57, 'within_application_domain': {'percentile': 69.19, 'percentile_similar_age': 100.0, 'rank': 70, 'rank_similar_age': 5}}, 'how_to_cite': {'apa': 'Gustau Camps-Valls, Manuel Campos-Taberner, Álvaro Moreno-Martínez, Sophia Walther, Grégory Duveiller, Alessandro Cescatti, Miguel D. Mahecha, Jordi Muñoz-Marí, Francisco Javier García-Haro, Luis Guanter, Martin Jung, John A. Gamon, Markus Reichstein, & Steven W. Running (2021). A unified vegetation index for quantifying the terrestrial biosphere. Science Advances, 7(9). https://doi.org/10.1126/sciadv.abc7447', 'bibtex': 'ASI_kEVI'}, 'issue': '9', 'journal': 'Science Advances', 'source': 'crossref', 'title': 'A unified vegetation index for quantifying the terrestrial biosphere', 'type': 'article', 'volume': '7', 'year': 2021}}",https://github.com/davemlz,2021-05-10
mND705,"Modified Normalized Difference (705, 750 and 445 nm)","{'application_domain': 'vegetation', 'family': None, 'sensing_modalities': ['multispectral']}",(RE2 - RE1)/(RE2 + RE1 - A),"['RE2', 'RE1', 'A']",[],{},{},{},"{'source_companions': ['ND705', 'mSR705'], 'source_link': 'https://doi.org/10.1016/S0034-4257(02)00010-X', 'source_link_semantic_scholar': None, 'source_link_status': 'operational', 'source_link_type': 'doi', 'source_metadata': {'authors': ['Daniel A Sims', 'John A Gamon'], 'citations_metrics': {'citation_count': 2864, 'date': '2026-08-18', 'overall': {'percentile': 97.76, 'percentile_similar_age': 97.96, 'rank': 8, 'rank_similar_age': 2}, 'similar_age_count': 49, 'within_application_domain': {'percentile': 97.63, 'percentile_similar_age': 97.56, 'rank': 6, 'rank_similar_age': 2}}, 'how_to_cite': {'apa': 'Daniel A Sims, & John A Gamon (2002). Relationships between leaf pigment content and spectral reflectance across a wide range of species, leaf structures and developmental stages. Remote Sensing of Environment, 81(2-3). https://doi.org/10.1016/s0034-4257(02)00010-x', 'bibtex': 'ASI_ND705'}, 'issue': '2-3', 'journal': 'Remote Sensing of Environment', 'source': 'crossref', 'title': 'Relationships between leaf pigment content and spectral reflectance across a wide range of species, leaf structures and developmental stages', 'type': 'article', 'volume': '81', 'year': 2002}}",https://github.com/davemlz,2022-04-08
mSR705,Modified Simple Ratio (705 and 445 nm),"{'application_domain': 'vegetation', 'family': None, 'sensing_modalities': ['multispectral']}",(RE2 - A)/(RE2 + A),"['RE2', 'A']",[],{},{},{},"{'source_companions': ['ND705', 'mND705'], 'source_link': 'https://doi.org/10.1016/S0034-4257(02)00010-X', 'source_link_semantic_scholar': None, 'source_link_status': 'operational', 'source_link_type': 'doi', 'source_metadata': {'authors': ['Daniel A Sims', 'John A Gamon'], 'citations_metrics': {'citation_count': 2864, 'date': '2026-08-18', 'overall': {'percentile': 97.76, 'percentile_similar_age': 97.96, 'rank': 9, 'rank_similar_age': 3}, 'similar_age_count': 49, 'within_application_domain': {'percentile': 97.63, 'percentile_similar_age': 97.56, 'rank': 7, 'rank_similar_age': 3}}, 'how_to_cite': {'apa': 'Daniel A Sims, & John A Gamon (2002). Relationships between leaf pigment content and spectral reflectance across a wide range of species, leaf structures and developmental stages. Remote Sensing of Environment, 81(2-3). https://doi.org/10.1016/s0034-4257(02)00010-x', 'bibtex': 'ASI_ND705'}, 'issue': '2-3', 'journal': 'Remote Sensing of Environment', 'source': 'crossref', 'title': 'Relationships between leaf pigment content and spectral reflectance across a wide range of species, leaf structures and developmental stages', 'type': 'article', 'volume': '81', 'year': 2002}}",https://github.com/davemlz,2022-04-08
sNIRvLSWI,SWIR-enhanced Near-Infrared Reflectance of Vegetation for LSWI,"{'application_domain': 'vegetation', 'family': None, 'sensing_modalities': ['multispectral']}",((N - S2)/(N + S2)) * N,"['N', 'S2']",[],{},{},{},"{'source_companions': ['bNIRv', 'EVIv', 'sNIRvNDPI', 'sNIRvSWIR', 'sNIRvNDVILSWIP', 'sNIRvNDVILSWIS'], 'source_link': 'https://doi.org/10.1029/2024JG008240', 'source_link_semantic_scholar': None, 'source_link_status': 'operational', 'source_link_type': 'doi', 'source_metadata': {'authors': ['Sadegh Ranjbar', 'Danielle Losos', 'Benjamin Dechant', 'Sophie Hoffman', 'Eyyup Ensar Başakın', 'Paul C. Stoy'], 'citations_metrics': {'citation_count': 7, 'date': '2026-08-18', 'overall': {'percentile': 6.07, 'percentile_similar_age': 56.67, 'rank': 298, 'rank_similar_age': 17}, 'similar_age_count': 30, 'within_application_domain': {'percentile': 6.16, 'percentile_similar_age': 65.0, 'rank': 202, 'rank_similar_age': 11}}, 'how_to_cite': {'apa': 'Sadegh Ranjbar, Danielle Losos, Benjamin Dechant, Sophie Hoffman, Eyyup Ensar Başakın, & Paul C. Stoy (2024). Harnessing Information From Shortwave Infrared Reflectance Bands to Enhance Satellite‐Based Estimates of Gross Primary Productivity. Journal of Geophysical Research: Biogeosciences, 129(11). https://doi.org/10.1029/2024jg008240', 'bibtex': 'ASI_EVIv'}, 'issue': '11', 'journal': 'Journal of Geophysical Research: Biogeosciences', 'source': 'crossref', 'title': 'Harnessing Information From Shortwave Infrared Reflectance Bands to Enhance Satellite‐Based Estimates of Gross Primary Productivity', 'type': 'article', 'volume': '129', 'year': 2024}}",https://github.com/davemlz,2024-05-16
sNIRvNDPI,SWIR-enhanced Near-Infrared Reflectance of Vegetation for NDPI,"{'application_domain': 'vegetation', 'family': None, 'sensing_modalities': ['multispectral']}",(N - (alpha * R + (1.0 - alpha) * S2))/(N + (alpha * R + (1.0 - alpha) * S2)) * N,"['N', 'R', 'S2']",[],"{'alpha': {'default_value': 0.74, 'description': 'Parameter to mitigate soil and snow effects. Taken from NDPI'}}",{},{},"{'source_companions': ['bNIRv', 'EVIv', 'sNIRvLSWI', 'sNIRvSWIR', 'sNIRvNDVILSWIP', 'sNIRvNDVILSWIS'], 'source_link': 'https://doi.org/10.1029/2024JG008240', 'source_link_semantic_scholar': None, 'source_link_status': 'operational', 'source_link_type': 'doi', 'source_metadata': {'authors': ['Sadegh Ranjbar', 'Danielle Losos', 'Benjamin Dechant', 'Sophie Hoffman', 'Eyyup Ensar Başakın', 'Paul C. Stoy'], 'citations_metrics': {'citation_count': 7, 'date': '2026-08-18', 'overall': {'percentile': 6.07, 'percentile_similar_age': 56.67, 'rank': 299, 'rank_similar_age': 18}, 'similar_age_count': 30, 'within_application_domain': {'percentile': 6.16, 'percentile_similar_age': 65.0, 'rank': 203, 'rank_similar_age': 12}}, 'how_to_cite': {'apa': 'Sadegh Ranjbar, Danielle Losos, Benjamin Dechant, Sophie Hoffman, Eyyup Ensar Başakın, & Paul C. Stoy (2024). Harnessing Information From Shortwave Infrared Reflectance Bands to Enhance Satellite‐Based Estimates of Gross Primary Productivity. Journal of Geophysical Research: Biogeosciences, 129(11). https://doi.org/10.1029/2024jg008240', 'bibtex': 'ASI_EVIv'}, 'issue': '11', 'journal': 'Journal of Geophysical Research: Biogeosciences', 'source': 'crossref', 'title': 'Harnessing Information From Shortwave Infrared Reflectance Bands to Enhance Satellite‐Based Estimates of Gross Primary Productivity', 'type': 'article', 'volume': '129', 'year': 2024}}",https://github.com/davemlz,2024-05-16
sNIRvNDVILSWIP,SWIR-enhanced Near-Infrared Reflectance of Vegetation for the NDVI-LSWI Product,"{'application_domain': 'vegetation', 'family': None, 'sensing_modalities': ['multispectral']}",((N - R)/(N + R)) * ((N - S2)/(N + S2)) * N,"['N', 'R', 'S2']",[],{},{},{},"{'source_companions': ['bNIRv', 'EVIv', 'sNIRvLSWI', 'sNIRvNDPI', 'sNIRvSWIR', 'sNIRvNDVILSWIS'], 'source_link': 'https://doi.org/10.1029/2024JG008240', 'source_link_semantic_scholar': None, 'source_link_status': 'operational', 'source_link_type': 'doi', 'source_metadata': {'authors': ['Sadegh Ranjbar', 'Danielle Losos', 'Benjamin Dechant', 'Sophie Hoffman', 'Eyyup Ensar Başakın', 'Paul C. Stoy'], 'citations_metrics': {'citation_count': 7, 'date': '2026-08-18', 'overall': {'percentile': 6.07, 'percentile_similar_age': 56.67, 'rank': 300, 'rank_similar_age': 19}, 'similar_age_count': 30, 'within_application_domain': {'percentile': 6.16, 'percentile_similar_age': 65.0, 'rank': 204, 'rank_similar_age': 13}}, 'how_to_cite': {'apa': 'Sadegh Ranjbar, Danielle Losos, Benjamin Dechant, Sophie Hoffman, Eyyup Ensar Başakın, & Paul C. Stoy (2024). Harnessing Information From Shortwave Infrared Reflectance Bands to Enhance Satellite‐Based Estimates of Gross Primary Productivity. Journal of Geophysical Research: Biogeosciences, 129(11). https://doi.org/10.1029/2024jg008240', 'bibtex': 'ASI_EVIv'}, 'issue': '11', 'journal': 'Journal of Geophysical Research: Biogeosciences', 'source': 'crossref', 'title': 'Harnessing Information From Shortwave Infrared Reflectance Bands to Enhance Satellite‐Based Estimates of Gross Primary Productivity', 'type': 'article', 'volume': '129', 'year': 2024}}",https://github.com/davemlz,2024-05-16
sNIRvNDVILSWIS,SWIR-enhanced Near-Infrared Reflectance of Vegetation for the NDVI-LSWI Sum,"{'application_domain': 'vegetation', 'family': None, 'sensing_modalities': ['multispectral']}",(((N - R)/(N + R)) + ((N - S2)/(N + S2))) * N,"['N', 'R', 'S2']",[],{},{},{},"{'source_companions': ['bNIRv', 'EVIv', 'sNIRvLSWI', 'sNIRvNDPI', 'sNIRvSWIR', 'sNIRvNDVILSWIP'], 'source_link': 'https://doi.org/10.1029/2024JG008240', 'source_link_semantic_scholar': None, 'source_link_status': 'operational', 'source_link_type': 'doi', 'source_metadata': {'authors': ['Sadegh Ranjbar', 'Danielle Losos', 'Benjamin Dechant', 'Sophie Hoffman', 'Eyyup Ensar Başakın', 'Paul C. Stoy'], 'citations_metrics': {'citation_count': 7, 'date': '2026-08-18', 'overall': {'percentile': 6.07, 'percentile_similar_age': 56.67, 'rank': 301, 'rank_similar_age': 20}, 'similar_age_count': 30, 'within_application_domain': {'percentile': 6.16, 'percentile_similar_age': 65.0, 'rank': 205, 'rank_similar_age': 14}}, 'how_to_cite': {'apa': 'Sadegh Ranjbar, Danielle Losos, Benjamin Dechant, Sophie Hoffman, Eyyup Ensar Başakın, & Paul C. Stoy (2024). Harnessing Information From Shortwave Infrared Reflectance Bands to Enhance Satellite‐Based Estimates of Gross Primary Productivity. Journal of Geophysical Research: Biogeosciences, 129(11). https://doi.org/10.1029/2024jg008240', 'bibtex': 'ASI_EVIv'}, 'issue': '11', 'journal': 'Journal of Geophysical Research: Biogeosciences', 'source': 'crossref', 'title': 'Harnessing Information From Shortwave Infrared Reflectance Bands to Enhance Satellite‐Based Estimates of Gross Primary Productivity', 'type': 'article', 'volume': '129', 'year': 2024}}",https://github.com/davemlz,2024-05-16
sNIRvSWIR,SWIR-enhanced Near-Infrared Reflectance of Vegetation,"{'application_domain': 'vegetation', 'family': None, 'sensing_modalities': ['multispectral']}",((N - R - S2 ** 2.0)/(N + R + S2 ** 2.0)) * N,"['N', 'R', 'S2']",[],{},{},{},"{'source_companions': ['bNIRv', 'EVIv', 'sNIRvLSWI', 'sNIRvNDPI', 'sNIRvNDVILSWIP', 'sNIRvNDVILSWIS'], 'source_link': 'https://doi.org/10.1029/2024JG008240', 'source_link_semantic_scholar': None, 'source_link_status': 'operational', 'source_link_type': 'doi', 'source_metadata': {'authors': ['Sadegh Ranjbar', 'Danielle Losos', 'Benjamin Dechant', 'Sophie Hoffman', 'Eyyup Ensar Başakın', 'Paul C. Stoy'], 'citations_metrics': {'citation_count': 7, 'date': '2026-08-18', 'overall': {'percentile': 6.07, 'percentile_similar_age': 56.67, 'rank': 302, 'rank_similar_age': 21}, 'similar_age_count': 30, 'within_application_domain': {'percentile': 6.16, 'percentile_similar_age': 65.0, 'rank': 206, 'rank_similar_age': 15}}, 'how_to_cite': {'apa': 'Sadegh Ranjbar, Danielle Losos, Benjamin Dechant, Sophie Hoffman, Eyyup Ensar Başakın, & Paul C. Stoy (2024). Harnessing Information From Shortwave Infrared Reflectance Bands to Enhance Satellite‐Based Estimates of Gross Primary Productivity. Journal of Geophysical Research: Biogeosciences, 129(11). https://doi.org/10.1029/2024jg008240', 'bibtex': 'ASI_EVIv'}, 'issue': '11', 'journal': 'Journal of Geophysical Research: Biogeosciences', 'source': 'crossref', 'title': 'Harnessing Information From Shortwave Infrared Reflectance Bands to Enhance Satellite‐Based Estimates of Gross Primary Productivity', 'type': 'article', 'volume': '129', 'year': 2024}}",https://github.com/MartinuzziFrancesco,2024-05-14
